timestamp,zone_id,interval_hours,flow_m3_per_hour,flow_volume_m3,outflow_m3h,outflow_volume_m3,consumption_m3,pressure_m_head,unaccounted_water_m3,meter_coverage,pressure_site_coverage,inflow_m3h_samples,outflow_m3h_samples,is_controlled_leak,leak_event_ids,unaccounted_water_pct,hour,day_of_week,is_weekend,hour_sin,hour_cos,expected_flow,expected_consumption,expected_pressure,flow_deviation_pct,consumption_deviation_pct,pressure_deviation_pct,model_anomaly_score,model_is_anomaly,persistence_count_8,risk_score,risk_category,explanation
2023-09-01 01:00:00,REAL_DMA_01,1.0,3.2858297967479677,3.2858297967479677,1.95315,1.95315,0.041,53.025243076,1.2916797967479678,15,15,41.0,60.0,False,NONE,39.31061182859689,1,4,0,0.25881904510252074,0.9659258262890683,3.2858297967479677,0.041,53.025243076,0.0,0.0,0.0,-0.10148028220167427,False,1,41.4,MONITOR,Inlet volume significantly exceeds outlet volume plus metered consumption. Continued monitoring is recommended for this probable abnormality.
2023-09-01 02:00:00,REAL_DMA_01,1.0,3.225483455284553,3.225483455284553,1.95315,1.95315,0.036,52.515384969500005,1.2363334552845529,15,15,41.0,60.0,False,NONE,38.33017507062312,2,4,0,0.49999999999999994,0.8660254037844387,3.2858297967479677,0.041,53.025243076,-1.8365632183121754,-12.195121951219523,-0.9615384615384571,-0.09039169120190843,False,2,46.9,MONITOR,Inlet volume significantly exceeds outlet volume plus metered consumption. Continued monitoring is recommended for this probable abnormality.
2023-09-01 03:00:00,REAL_DMA_01,1.0,5.408377142857143,5.408377142857143,3.372945,3.372945,0.107,52.005526863,1.9284321428571427,15,15,21.0,52.0,False,NONE,35.65639177741197,3,4,0,0.7071067811865476,0.7071067811865476,3.2556566260162603,0.0385,52.77031402275,66.12246818777783,177.92207792207796,-1.4492753623188406,-0.032912819995606135,False,3,68.5,MONITOR,Inlet flow is substantially above the DMA's historical baseline; Inlet volume significantly exceeds outlet volume plus metered consumption; Metered consumption is substantially above the DMA's historical baseline. Continued monitoring is recommended for this probable abnormality.
2023-09-01 04:00:00,REAL_DMA_01,1.0,10.351359222222223,10.351359222222223,6.870108720930232,6.870108720930232,0.116,53.025243076,3.365250501291991,15,15,45.0,43.0,False,NONE,32.51022816469837,4,4,0,0.8660254037844386,0.5000000000000001,3.973230131629888,0.06133333333333333,52.5153849695,160.52755262821677,89.13043478260872,0.9708737864077761,-0.033392946579829275,False,4,68.4,MONITOR,Inlet flow is substantially above the DMA's historical baseline; Inlet volume significantly exceeds outlet volume plus metered consumption; Metered consumption is substantially above the DMA's historical baseline; The abnormal pattern has persisted across multiple recent readings. Continued monitoring is recommended for this probable abnormality.
2023-09-01 05:00:00,REAL_DMA_01,1.0,14.516814892006805,14.516814892006805,11.091666346153849,11.091666346153849,0.362,50.985810650000005,3.0631485458529557,15,15,56.0,26.0,False,NONE,21.10069301455084,5,4,0,0.9659258262890683,0.25881904510252074,5.567762404277971,0.075,52.642849496125,160.7297840305265,382.6666666666667,-3.147699757869245,0.03972278858701628,True,5,66.2,MONITOR,Inlet flow is substantially above the DMA's historical baseline; Metered consumption is substantially above the DMA's historical baseline; The abnormal pattern has persisted across multiple recent readings. Continued monitoring is recommended for this probable abnormality.
2023-09-01 06:00:00,REAL_DMA_01,1.0,14.826312844681148,14.826312844681148,12.114985972222222,12.114985972222222,0.525,50.985810650000005,2.186326872458926,15,15,57.0,36.0,False,NONE,14.74626156457543,6,4,0,1.0,6.123233995736766e-17,7.357572901823739,0.1324,52.3114417269,101.51092000741326,296.52567975830823,-2.5341130604288407,0.0042945120514975565,True,6,63.2,MONITOR,Inlet flow is substantially above the DMA's historical baseline; Metered consumption is substantially above the DMA's historical baseline; The abnormal pattern has persisted across multiple recent readings. Continued monitoring is recommended for this probable abnormality.
2023-09-01 07:00:00,REAL_DMA_01,1.0,13.431421932234432,13.431421932234432,11.45401867816092,11.45401867816092,0.243,49.96609443700001,1.7344032540735115,15,15,52.0,29.0,False,NONE,12.913027844885658,7,4,0,0.9659258262890683,-0.25881904510252063,8.602362892299974,0.19783333333333333,52.090503214083334,56.13642554253294,22.830665543386687,-4.078303425774861,-0.04112379006463429,False,7,54.5,MONITOR,Inlet flow is substantially above the DMA's historical baseline; The abnormal pattern has persisted across multiple recent readings. Continued monitoring is recommended for this probable abnormality.
2023-09-01 08:00:00,REAL_DMA_01,1.0,13.44050343664966,13.44050343664966,11.162359715447154,11.162359715447154,0.195,49.96609443700001,2.083143721202506,15,15,56.0,41.0,False,NONE,15.49900069607642,8,4,0,0.8660254037844387,-0.4999999999999998,9.292228469433468,0.20428571428571432,51.78701624592858,44.64241253711991,-4.545454545454559,-3.5161744022503423,-0.06608203925680711,False,7,48.8,MONITOR,Inlet flow is substantially above the DMA's historical baseline; The abnormal pattern has persisted across multiple recent readings. Continued monitoring is recommended for this probable abnormality.
2023-09-01 09:00:00,REAL_DMA_01,1.0,13.2322393,13.2322393,10.658164137931037,10.658164137931037,0.219,50.985810650000005,2.3550751620689634,15,15,55.0,29.0,False,NONE,17.798009155328405,9,4,0,0.7071067811865476,-0.7071067811865475,9.810762840335492,0.203125,51.559401019812505,34.87472396741277,7.815384615384616,-1.1124845488257107,-0.128645072410146,False,6,33.3,NORMAL,"The abnormal pattern has persisted across multiple recent readings. This may indicate unusual operation or potential water loss, but it is not a confirmed leak."
2023-09-01 10:00:00,REAL_DMA_01,1.0,11.904225328674949,11.904225328674949,9.77391125,9.77391125,0.3,52.005526863,1.8303140786749494,15,15,46.0,18.0,False,NONE,15.37533126381673,10,4,0,0.49999999999999994,-0.8660254037844387,10.190926891409326,0.2048888888888889,51.49566875650001,16.811998118737232,46.42082429501083,0.9900990099009715,-0.15565465902833853,False,5,21.3,NORMAL,"Metered consumption is substantially above the DMA's historical baseline; The abnormal pattern has persisted across multiple recent readings. This may indicate unusual operation or potential water loss, but it is not a confirmed leak."
2023-09-01 11:00:00,REAL_DMA_01,1.0,12.385348743589743,12.385348743589743,10.565120925925926,10.565120925925926,0.347,52.005526863,1.4732278176638167,15,15,52.0,27.0,False,NONE,11.89492397964419,11,4,0,0.258819045102521,-0.9659258262890682,10.362256735135889,0.2144,51.54665456715001,19.52366226937847,61.847014925373124,0.8902077151335173,-0.13970035579165518,False,5,30.0,NORMAL,"Metered consumption is substantially above the DMA's historical baseline; The abnormal pattern has persisted across multiple recent readings. This may indicate unusual operation or potential water loss, but it is not a confirmed leak."
2023-09-01 12:00:00,REAL_DMA_01,1.0,11.363541421768709,11.363541421768709,9.7071805,9.7071805,0.43,52.005526863,1.2263609217687088,15,15,49.0,20.0,False,NONE,10.792066278030328,12,4,0,1.2246467991473532e-16,-1.0,10.546174190449875,0.22645454545454546,51.5883702304091,7.750367256962274,89.88358089120834,0.8086253369272111,-0.1534137910171401,False,5,24.3,NORMAL,"Metered consumption is substantially above the DMA's historical baseline; The abnormal pattern has persisted across multiple recent readings. This may indicate unusual operation or potential water loss, but it is not a confirmed leak."
2023-09-01 13:00:00,REAL_DMA_01,1.0,10.881242572916667,10.881242572916667,7.64171828125,7.64171828125,0.293,53.025243076,2.946524291666667,15,15,48.0,32.0,False,NONE,27.07893213409785,13,4,0,-0.2588190451025208,-0.9659258262890683,10.614288126393111,0.24341666666666664,51.62313328312501,2.5150480498052112,20.3697363916467,2.71604938271604,-0.15433135792613767,False,4,21.7,NORMAL,"The abnormal pattern has persisted across multiple recent readings. This may indicate unusual operation or potential water loss, but it is not a confirmed leak."
2023-09-01 14:00:00,REAL_DMA_01,1.0,9.96956717013889,9.96956717013889,7.294488888888888,7.294488888888888,0.079,54.044959289000005,2.596078281250001,15,15,48.0,36.0,False,NONE,26.04002999273472,14,4,0,-0.4999999999999997,-0.8660254037844388,10.634823083818,0.24723076923076923,51.73098788257693,-6.2554488065849245,-68.04604853764779,4.47308567096284,-0.08130559665676085,False,4,51.1,MONITOR,The abnormal pattern has persisted across multiple recent readings. Continued monitoring is recommended for this probable abnormality.
2023-09-01 15:00:00,REAL_DMA_01,1.0,9.983062583333332,9.983062583333332,7.812619999999999,7.812619999999999,0.366,54.044959289000005,1.804442583333333,15,15,40.0,50.0,False,NONE,18.07504028218595,15,4,0,-0.7071067811865471,-0.7071067811865479,10.587304804269491,0.23521428571428574,51.89627155446429,-5.707233636009888,55.602793805040974,4.140350877192979,-0.12339460797385671,False,4,34.8,NORMAL,"Metered consumption is substantially above the DMA's historical baseline; The abnormal pattern has persisted across multiple recent readings. This may indicate unusual operation or potential water loss, but it is not a confirmed leak."
2023-09-01 16:00:00,REAL_DMA_01,1.0,11.268155914634146,11.268155914634146,7.77192625,7.77192625,0.442,54.044959289000005,3.0542296646341462,15,15,41.0,48.0,False,NONE,27.1049645369884,16,4,0,-0.8660254037844385,-0.5000000000000004,10.547021989540415,0.2439333333333333,52.03951740343334,6.837322666141087,81.19704837387266,3.8536903984324002,-0.11310677765083493,False,5,47.4,MONITOR,Metered consumption is substantially above the DMA's historical baseline; The abnormal pattern has persisted across multiple recent readings. Continued monitoring is recommended for this probable abnormality.
2023-09-01 17:00:00,REAL_DMA_01,1.0,9.875952264957265,9.875952264957265,7.6173,7.6173,0.487,53.025243076,1.7716522649572646,15,15,39.0,60.0,False,NONE,17.939052533127356,17,4,0,-0.9659258262890683,-0.25881904510252063,10.592092859858774,0.2563125,52.164857521281256,-6.761086825583751,90.0024384296513,1.6493585827733588,-0.1580120397876157,False,6,25.5,NORMAL,"Metered consumption is substantially above the DMA's historical baseline; The abnormal pattern has persisted across multiple recent readings. This may indicate unusual operation or potential water loss, but it is not a confirmed leak."
2023-09-01 18:00:00,REAL_DMA_01,1.0,9.634776424731182,9.634776424731182,7.6173,7.6173,0.267,53.025243076,1.7504764247311821,15,15,31.0,60.0,False,NONE,18.16831390335061,18,4,0,-1.0,-1.8369701987210297e-16,10.549966942511626,0.26988235294117646,52.21546843626471,-8.674818819503944,-1.0680034873583175,1.5508328546812193,-0.16360610462520336,False,6,14.1,NORMAL,"The abnormal pattern has persisted across multiple recent readings. This may indicate unusual operation or potential water loss, but it is not a confirmed leak."
2023-09-01 19:00:00,REAL_DMA_01,1.0,8.092276136363637,8.092276136363637,7.6173,7.6173,0.207,53.025243076,0.2679761363636367,15,15,44.0,60.0,False,NONE,3.311505092608655,19,4,0,-0.9659258262890684,0.2588190451025203,10.499123024857157,0.26972222222222225,52.26045591625,-22.924265986741936,-23.254376930998983,1.4634146341463414,-0.12487580330447273,False,5,31.7,NORMAL,"The abnormal pattern has persisted across multiple recent readings. This may indicate unusual operation or potential water loss, but it is not a confirmed leak."
2023-09-01 20:00:00,REAL_DMA_01,1.0,8.802929270833333,8.802929270833333,7.6173,7.6173,0.33,52.005526863,0.8556292708333331,15,15,32.0,60.0,False,NONE,9.719824441487697,20,4,0,-0.8660254037844386,0.5000000000000001,10.372446872831182,0.26642105263157895,52.30070787202632,-15.13160415512878,23.864085341762156,-0.5643919958953433,-0.1513576398200589,False,4,18.5,NORMAL,"The abnormal pattern has persisted across multiple recent readings. This may indicate unusual operation or potential water loss, but it is not a confirmed leak."
2023-09-01 21:00:00,REAL_DMA_01,1.0,8.364792249999999,8.364792249999999,7.6173,7.6173,0.158,52.005526863,0.5894922499999987,15,15,40.0,60.0,False,NONE,7.047302938097462,21,4,0,-0.7071067811865477,0.7071067811865474,10.293970992731289,0.2696,52.285948821575005,-18.740860490995253,-41.3946587537092,-0.5363237445148797,-0.13546676893554194,False,4,27.7,NORMAL,"The abnormal pattern has persisted across multiple recent readings. This may indicate unusual operation or potential water loss, but it is not a confirmed leak."
2023-09-01 22:00:00,REAL_DMA_01,1.0,6.289158333333334,6.289158333333334,7.222913461538462,7.222913461538462,0.195,52.005526863,-1.128755128205128,15,15,20.0,52.0,False,NONE,-17.94763414084494,22,4,0,-0.5000000000000004,0.8660254037844384,10.202105338315514,0.2642857142857143,52.27259539497619,-38.35430899038583,-26.216216216216214,-0.5109150023223457,-0.07037777016858249,False,3,43.7,MONITOR,Inlet flow is substantially below the DMA's historical baseline. Continued monitoring is recommended for this probable abnormality.
2023-09-01 23:00:00,REAL_DMA_01,1.0,4.417244057971015,4.417244057971015,3.51568,3.51568,0.068,53.025243076,0.8335640579710146,15,15,23.0,60.0,False,NONE,18.87068151615553,23,4,0,-0.25881904510252157,0.9659258262890681,10.024244110816324,0.26113636363636367,52.26045591625,-55.93439256726863,-73.95996518711924,1.4634146341463414,-0.07426055878920779,False,3,53.9,MONITOR,Inlet flow is substantially below the DMA's historical baseline. Continued monitoring is recommended for this probable abnormality.
2023-09-02 00:00:00,REAL_DMA_01,1.0,3.761943913043478,3.761943913043478,3.51568,3.51568,0.041,52.005526863,0.20526391304347805,15,15,23.0,60.0,False,NONE,5.456325713197993,0,5,1,0.0,1.0,9.78046149982305,0.2527391304347826,52.29370753189131,-61.53613085526138,-83.77773954928608,-0.5510809665112393,-0.05087882423346379,False,3,54.7,MONITOR,Inlet flow is substantially below the DMA's historical baseline. Continued monitoring is recommended for this probable abnormality.
2023-09-02 01:00:00,REAL_DMA_01,1.0,3.2471217857142856,3.2471217857142856,3.51568,3.51568,0.056,53.025243076,-0.3245582142857146,15,15,28.0,60.0,False,NONE,-9.995258438214687,1,5,1,0.25881904510252074,0.9659258262890683,3.2858297967479677,0.041,53.025243076,-1.1780284868069557,36.58536585365854,0.0,-0.14162189574092793,False,2,19.6,NORMAL,"Metered consumption is substantially above the DMA's historical baseline. This may indicate unusual operation or potential water loss, but it is not a confirmed leak."
2023-09-02 02:00:00,REAL_DMA_01,1.0,3.6429826785714288,3.6429826785714288,3.51568,3.51568,0.052,53.025243076,0.07530267857142864,15,15,28.0,60.0,False,NONE,2.067061120393745,2,5,1,0.49999999999999994,0.8660254037844387,3.225483455284553,0.036,52.515384969500005,12.943771967047466,44.44444444444445,0.9708737864077623,-0.13627159507737086,False,2,24.2,NORMAL,"Metered consumption is substantially above the DMA's historical baseline. This may indicate unusual operation or potential water loss, but it is not a confirmed leak."
2023-09-02 03:00:00,REAL_DMA_01,1.0,3.484714634146341,3.484714634146341,3.51568,3.51568,0.098,53.025243076,-0.12896536585365906,15,15,41.0,60.0,False,NONE,-3.700887429631724,3,5,1,0.7071067811865476,0.7071067811865476,5.408377142857143,0.107,52.005526863,-35.56820202990813,-8.411214953271022,1.9607843137254948,-0.09198015064964771,False,2,36.6,NORMAL,"Inlet flow is substantially below the DMA's historical baseline. This may indicate unusual operation or potential water loss, but it is not a confirmed leak."
2023-09-02 04:00:00,REAL_DMA_01,1.0,5.323553209876543,5.323553209876543,3.51568,3.51568,0.144,55.06467550200001,1.6638732098765432,15,15,27.0,60.0,False,NONE,31.25493714967732,4,5,1,0.8660254037844386,0.5000000000000001,10.351359222222223,0.116,53.025243076,-48.571457181700566,24.137931034482744,3.8461538461538547,-0.04328384591359247,False,2,54.3,MONITOR,Inlet flow is substantially below the DMA's historical baseline; Inlet volume significantly exceeds outlet volume plus metered consumption. Continued monitoring is recommended for this probable abnormality.
2023-09-02 05:00:00,REAL_DMA_01,1.0,7.588819861111111,7.588819861111111,6.136159444444445,6.136159444444445,0.079,53.025243076,1.3736604166666664,15,15,36.0,36.0,False,NONE,18.101107178811635,5,5,1,0.9659258262890683,0.25881904510252074,14.516814892006805,0.362,50.985810650000005,-47.72393312468537,-78.1767955801105,3.999999999999995,-0.06400531521940211,False,3,53.5,MONITOR,Inlet flow is substantially below the DMA's historical baseline. Continued monitoring is recommended for this probable abnormality.
2023-09-02 06:00:00,REAL_DMA_01,1.0,10.733418902439023,10.733418902439023,7.697724117647059,7.697724117647059,0.218,52.005526863,2.8176947847919642,15,15,41.0,51.0,False,NONE,26.25160548007384,6,5,1,1.0,6.123233995736766e-17,14.826312844681148,0.525,50.985810650000005,-27.605608927309433,-58.47619047619048,1.9999999999999907,-0.12042183758690733,False,4,44.2,MONITOR,The abnormal pattern has persisted across multiple recent readings. Continued monitoring is recommended for this probable abnormality.
2023-09-02 07:00:00,REAL_DMA_01,1.0,10.843227325581395,10.843227325581395,8.300905192307692,8.300905192307692,0.064,50.985810650000005,2.4783221332737035,15,15,43.0,26.0,False,NONE,22.85594554885734,7,5,1,0.9659258262890683,-0.25881904510252063,13.431421932234432,0.243,49.96609443700001,-19.269699215103643,-73.66255144032921,2.0408163265306025,-0.09637431594824197,False,4,49.3,MONITOR,The abnormal pattern has persisted across multiple recent readings. Continued monitoring is recommended for this probable abnormality.
2023-09-02 08:00:00,REAL_DMA_01,1.0,11.500168591269842,11.500168591269842,8.283465892857143,8.283465892857143,0.303,50.985810650000005,2.9137026984127,15,15,42.0,28.0,False,NONE,25.336173772483544,8,5,1,0.8660254037844387,-0.4999999999999998,13.44050343664966,0.195,49.96609443700001,-14.436474455926248,55.38461538461538,2.0408163265306025,-0.13407599495450884,False,4,35.4,NORMAL,"Metered consumption is substantially above the DMA's historical baseline; The abnormal pattern has persisted across multiple recent readings. This may indicate unusual operation or potential water loss, but it is not a confirmed leak."
2023-09-02 09:00:00,REAL_DMA_01,1.0,11.304399154471543,11.304399154471543,8.30842,8.30842,0.571,52.005526863,2.4249791544715436,15,15,41.0,13.0,False,NONE,21.45164127110926,9,5,1,0.7071067811865476,-0.7071067811865475,13.2322393,0.219,50.985810650000005,-14.569266031399966,160.73059360730593,1.9999999999999907,-0.12380526479797715,False,5,41.6,MONITOR,Metered consumption is substantially above the DMA's historical baseline; The abnormal pattern has persisted across multiple recent readings. Continued monitoring is recommended for this probable abnormality.
2023-09-02 10:00:00,REAL_DMA_01,1.0,11.730647977777776,11.730647977777776,9.5446075,9.5446075,0.614,52.005526863,1.5720404777777768,15,15,45.0,34.0,False,NONE,13.401139312643325,10,5,1,0.49999999999999994,-0.8660254037844387,11.904225328674949,0.3,52.005526863,-1.4581154682872026,104.66666666666666,0.0,-0.14980777235325377,False,6,26.4,NORMAL,"Metered consumption is substantially above the DMA's historical baseline; The abnormal pattern has persisted across multiple recent readings. This may indicate unusual operation or potential water loss, but it is not a confirmed leak."
2023-09-02 11:00:00,REAL_DMA_01,1.0,10.88907030952381,10.88907030952381,7.285269000000001,7.285269000000001,0.4679999999999999,50.985810650000005,3.135801309523808,15,15,35.0,40.0,False,NONE,28.797695490873732,11,5,1,0.258819045102521,-0.9659258262890682,12.385348743589743,0.347,52.005526863,-12.081035948546537,34.870317002881826,-1.9607843137254812,-0.11865562297866766,False,6,44.5,MONITOR,The abnormal pattern has persisted across multiple recent readings. Continued monitoring is recommended for this probable abnormality.
2023-09-02 12:00:00,REAL_DMA_01,1.0,9.05216125,9.05216125,7.03136,7.03136,0.416,50.985810650000005,1.604801249999999,15,15,32.0,60.0,False,NONE,17.72837674538773,12,5,1,1.2246467991473532e-16,-1.0,11.363541421768709,0.43,52.005526863,-20.340315452547962,-3.2558139534883748,-1.9607843137254812,-0.12408493919146035,False,6,32.8,NORMAL,"The abnormal pattern has persisted across multiple recent readings. This may indicate unusual operation or potential water loss, but it is not a confirmed leak."
2023-09-02 13:00:00,REAL_DMA_01,1.0,9.256558714285717,9.256558714285717,7.269826279069767,7.269826279069767,0.369,52.005526863,1.6177324352159494,15,15,35.0,43.0,False,NONE,17.47660750770468,13,5,1,-0.2588190451025208,-0.9659258262890683,10.881242572916667,0.293,53.025243076,-14.93105082203366,25.938566552901026,-1.9230769230769273,-0.14454880091016908,False,5,24.8,NORMAL,"The abnormal pattern has persisted across multiple recent readings. This may indicate unusual operation or potential water loss, but it is not a confirmed leak."
2023-09-02 14:00:00,REAL_DMA_01,1.0,9.817601074561404,9.817601074561404,7.26085075,7.26085075,0.177,52.005526863,2.3797503245614036,15,15,38.0,40.0,False,NONE,24.239631519838646,14,5,1,-0.4999999999999997,-0.8660254037844388,9.96956717013889,0.079,54.044959289000005,-1.5242998315178433,124.0506329113924,-3.7735849056603854,-0.10271152324212429,False,5,49.6,MONITOR,Metered consumption is substantially above the DMA's historical baseline; The abnormal pattern has persisted across multiple recent readings. Continued monitoring is recommended for this probable abnormality.
2023-09-02 15:00:00,REAL_DMA_01,1.0,10.745689957264958,10.745689957264958,7.380669038461539,7.380669038461539,0.414,52.005526863,2.9510209188034184,15,15,39.0,52.0,False,NONE,27.462367986974062,15,5,1,-0.7071067811865471,-0.7071067811865479,9.983062583333332,0.366,54.044959289000005,7.6392125919838225,13.114754098360654,-3.7735849056603854,-0.13545313775639328,False,4,31.2,NORMAL,"The abnormal pattern has persisted across multiple recent readings. This may indicate unusual operation or potential water loss, but it is not a confirmed leak."
2023-09-02 16:00:00,REAL_DMA_01,1.0,11.107377581300812,11.107377581300812,7.731236249999999,7.731236249999999,0.216,53.025243076,3.160141331300812,15,15,41.0,24.0,False,NONE,28.45083196434131,16,5,1,-0.8660254037844385,-0.5000000000000004,11.268155914634146,0.442,54.044959289000005,-1.4268380252400414,-51.13122171945701,-1.8867924528301927,-0.1418567259683543,False,3,31.4,NORMAL,No strong abnormal pattern is evident from the current prototype signals.
2023-09-02 17:00:00,REAL_DMA_01,1.0,10.57181204074074,10.57181204074074,7.6173,7.6173,0.311,55.06467550200001,2.64351204074074,15,15,45.0,53.0,False,NONE,25.00528793506166,17,5,1,-0.9659258262890683,-0.25881904510252063,9.875952264957265,0.487,53.025243076,7.046001814453752,-36.139630390143736,3.8461538461538547,-0.09363796895073473,False,2,42.1,MONITOR,No strong abnormal pattern is evident from the current prototype signals.
2023-09-02 18:00:00,REAL_DMA_01,1.0,9.361437719298245,9.361437719298245,7.6173,7.6173,0.272,55.06467550200001,1.4721377192982443,15,15,38.0,60.0,False,NONE,15.725551602650615,18,5,1,-1.0,-1.8369701987210297e-16,9.634776424731182,0.267,53.025243076,-2.837001019881622,1.872659176029964,3.8461538461538547,-0.09101605671475599,False,1,30.9,NORMAL,No strong abnormal pattern is evident from the current prototype signals.
2023-09-02 19:00:00,REAL_DMA_01,1.0,8.75811281300813,8.75811281300813,7.6173,7.6173,0.312,55.06467550200001,0.8288128130081305,15,15,41.0,60.0,False,NONE,9.463372197913717,19,5,1,-0.9659258262890684,0.2588190451025203,8.092276136363637,0.207,53.025243076,8.228051853698801,50.72463768115942,3.8461538461538547,-0.08760820499520339,False,1,38.1,NORMAL,"Metered consumption is substantially above the DMA's historical baseline. This may indicate unusual operation or potential water loss, but it is not a confirmed leak."
2023-09-02 20:00:00,REAL_DMA_01,1.0,7.837541666666667,7.837541666666667,7.6173,7.6173,0.13,52.515384969500005,0.09024166666666644,15,15,32.0,60.0,False,NONE,1.1514027038665369,20,5,1,-0.8660254037844386,0.5000000000000001,8.802929270833333,0.33,52.005526863,-10.966663192049909,-60.60606060606061,0.9803921568627543,-0.12414778818480393,False,2,31.6,NORMAL,No strong abnormal pattern is evident from the current prototype signals.
2023-09-02 21:00:00,REAL_DMA_01,1.0,8.914140735294117,8.914140735294117,7.6173,7.6173,0.309,52.005526863,0.9878407352941168,15,15,34.0,60.0,False,NONE,11.081726939568265,21,5,1,-0.7071067811865477,0.7071067811865474,8.364792249999999,0.158,52.005526863,6.567389468568308,95.56962025316456,0.0,-0.1615351993372946,False,3,18.8,NORMAL,"Metered consumption is substantially above the DMA's historical baseline. This may indicate unusual operation or potential water loss, but it is not a confirmed leak."
2023-09-02 22:00:00,REAL_DMA_01,1.0,6.6292374019607845,6.6292374019607845,6.612000980392158,6.612000980392158,0.034,53.025243076,-0.0167635784313733,15,15,34.0,51.0,False,NONE,-0.25287340631993355,22,5,1,-0.5000000000000004,0.8660254037844384,6.289158333333334,0.195,52.005526863,5.407386022148442,-82.56410256410255,1.9607843137254948,-0.10585157234650178,False,3,39.6,NORMAL,No strong abnormal pattern is evident from the current prototype signals.
2023-09-02 23:00:00,REAL_DMA_01,1.0,4.8143393269230765,4.8143393269230765,3.51568,3.51568,0.065,53.025243076,1.2336593269230764,15,15,26.0,60.0,False,NONE,25.62468582187638,23,5,1,-0.25881904510252157,0.9659258262890681,4.417244057971015,0.068,53.025243076,8.989661058810968,-4.411764705882357,0.0,-0.14094739818149793,False,3,23.9,NORMAL,No strong abnormal pattern is evident from the current prototype signals.
2023-09-03 00:00:00,REAL_DMA_01,1.0,3.7797993939393937,3.7797993939393937,3.51568,3.51568,0.101,53.025243076,0.16311939393939354,15,15,22.0,60.0,False,NONE,4.315556910267313,0,6,1,0.0,1.0,3.761943913043478,0.041,52.005526863,0.4746344259415099,146.34146341463415,1.9607843137254948,-0.11568441541777558,False,4,37.6,NORMAL,"Metered consumption is substantially above the DMA's historical baseline; The abnormal pattern has persisted across multiple recent readings. This may indicate unusual operation or potential water loss, but it is not a confirmed leak."
2023-09-03 01:00:00,REAL_DMA_01,1.0,4.1094378,4.1094378,3.51568,3.51568,0.03,53.025243076,0.5637578000000001,15,15,25.0,60.0,False,NONE,13.718611339001166,1,6,1,0.25881904510252074,0.9659258262890683,3.2664757912311266,0.0485,53.025243076,25.806467356403196,-38.14432989690722,0.0,-0.12548736755785117,False,4,32.6,NORMAL,"The abnormal pattern has persisted across multiple recent readings. This may indicate unusual operation or potential water loss, but it is not a confirmed leak."
2023-09-03 02:00:00,REAL_DMA_01,1.0,3.6019456666666665,3.6019456666666665,3.51568,3.51568,0.02,53.025243076,0.06626566666666635,15,15,30.0,60.0,False,NONE,1.8397186631632427,2,6,1,0.49999999999999994,0.8660254037844387,3.434233066927991,0.044,52.77031402275,4.883553226301518,-54.54545454545454,0.483091787439618,-0.14541782598567432,False,5,24.5,NORMAL,"The abnormal pattern has persisted across multiple recent readings. This may indicate unusual operation or potential water loss, but it is not a confirmed leak."
2023-09-03 03:00:00,REAL_DMA_01,1.0,3.630012642276423,3.630012642276423,3.51568,3.51568,0.049,53.025243076,0.06533264227642281,15,15,41.0,60.0,False,NONE,1.799791039720786,3,6,1,0.7071067811865476,0.7071067811865476,4.446545888501742,0.10250000000000001,52.515384969500005,-18.363315407061926,-52.19512195121951,0.9708737864077623,-0.12417221280124457,False,5,35.1,NORMAL,"The abnormal pattern has persisted across multiple recent readings. This may indicate unusual operation or potential water loss, but it is not a confirmed leak."
2023-09-03 04:00:00,REAL_DMA_01,1.0,4.821850416666666,4.821850416666666,3.51568,3.51568,0.056,56.084391715,1.2501704166666658,15,15,24.0,60.0,False,NONE,25.92719202456939,4,6,1,0.8660254037844386,0.5000000000000001,7.837456216049383,0.13,54.044959289000005,-38.476843968932435,-56.923076923076934,3.7735849056603725,-0.03200650415302986,False,5,58.7,MONITOR,Inlet flow is substantially below the DMA's historical baseline; The abnormal pattern has persisted across multiple recent readings. Continued monitoring is recommended for this probable abnormality.
2023-09-03 05:00:00,REAL_DMA_01,1.0,7.479695404040404,7.479695404040404,4.870037105263158,4.870037105263158,0.105,54.044959289000005,2.504658298777246,15,15,33.0,38.0,False,NONE,33.48610021504715,5,6,1,0.9659258262890683,0.25881904510252074,11.052817376558957,0.2205,52.005526863,-32.32770298092959,-52.38095238095239,3.9215686274509896,-0.06771484369646641,False,5,59.4,MONITOR,Inlet volume significantly exceeds outlet volume plus metered consumption; The abnormal pattern has persisted across multiple recent readings. Continued monitoring is recommended for this probable abnormality.
2023-09-03 06:00:00,REAL_DMA_01,1.0,10.150486022727272,10.150486022727272,7.748929782608696,7.748929782608696,0.223,52.005526863,2.178556240118576,15,15,44.0,46.0,False,NONE,21.46258056255353,6,6,1,1.0,6.123233995736766e-17,12.779865873560086,0.3715,51.4956687565,-20.574393165366985,-39.97308209959623,0.9900990099009854,-0.14459625002305282,False,4,27.4,NORMAL,"The abnormal pattern has persisted across multiple recent readings. This may indicate unusual operation or potential water loss, but it is not a confirmed leak."
2023-09-03 07:00:00,REAL_DMA_01,1.0,11.020184437984495,11.020184437984495,7.81262,7.81262,0.191,52.005526863,3.0165644379844956,15,15,43.0,60.0,False,NONE,27.37308486042182,7,6,1,0.9659258262890683,-0.25881904510252063,12.137324628907914,0.1535,50.47595254350001,-9.204171636496271,24.429967426710103,3.0303030303030156,-0.13686829953527058,False,4,30.4,NORMAL,"The abnormal pattern has persisted across multiple recent readings. This may indicate unusual operation or potential water loss, but it is not a confirmed leak."
2023-09-03 08:00:00,REAL_DMA_01,1.0,11.631998920454546,11.631998920454546,8.333460606060605,8.333460606060605,0.2289999999999999,53.025243076,3.0695383143939408,15,15,44.0,33.0,False,NONE,26.3887431161659,8,6,1,0.8660254037844387,-0.4999999999999998,12.470336013959752,0.249,50.47595254350001,-6.7226503966432105,-8.032128514056264,5.05050505050504,-0.11557069639417222,False,3,34.8,NORMAL,No strong abnormal pattern is evident from the current prototype signals.
2023-09-03 09:00:00,REAL_DMA_01,1.0,10.762697175925926,10.762697175925926,8.04814205882353,8.04814205882353,0.402,53.025243076,2.312555117102396,15,15,36.0,51.0,False,NONE,21.48676190829874,9,6,1,0.7071067811865476,-0.7071067811865475,12.268319227235772,0.39499999999999996,51.4956687565,-12.272439471312032,1.7721518987341929,2.9702970297029703,-0.14897264767397417,False,3,18.6,NORMAL,No strong abnormal pattern is evident from the current prototype signals.
2023-09-03 10:00:00,REAL_DMA_01,1.0,11.06904023809524,11.06904023809524,8.00793,8.00793,0.394,53.025243076,2.6671102380952405,15,15,42.0,60.0,False,NONE,24.095225789460102,10,6,1,0.49999999999999994,-0.8660254037844387,11.817436653226363,0.45699999999999996,52.005526863,-6.3329843610948995,-13.785557986870886,1.9607843137254948,-0.16015747374910738,False,2,14.9,NORMAL,No strong abnormal pattern is evident from the current prototype signals.
2023-09-03 11:00:00,REAL_DMA_01,1.0,10.833855406504066,10.833855406504066,8.15101011627907,8.15101011627907,0.427,52.005526863,2.2558452902249964,15,15,41.0,43.0,False,NONE,20.82218384482691,11,6,1,0.258819045102521,-0.9659258262890682,11.637209526556777,0.4075,51.4956687565,-6.90332264121748,4.785276073619636,0.9900990099009854,-0.1697924672025699,False,2,9.3,NORMAL,No strong abnormal pattern is evident from the current prototype signals.
2023-09-03 12:00:00,REAL_DMA_01,1.0,11.143770445736434,11.143770445736434,8.721377638888889,8.721377638888889,0.3279999999999999,50.985810650000005,2.0943928068475457,15,15,43.0,36.0,False,NONE,18.794292443890505,12,6,1,1.2246467991473532e-16,-1.0,10.207851335884353,0.423,51.4956687565,9.168620104820507,-22.458628841607585,-0.9900990099009854,-0.15777423630002935,False,1,13.6,NORMAL,No strong abnormal pattern is evident from the current prototype signals.
2023-09-03 13:00:00,REAL_DMA_01,1.0,10.624562675438597,10.624562675438597,8.59388,8.59388,0.534,52.005526863,1.4966826754385962,15,15,38.0,60.0,False,NONE,14.087005001142893,13,6,1,-0.2588190451025208,-0.9659258262890683,10.068900643601193,0.33099999999999996,52.515384969500005,5.518596831030685,61.32930513595169,-0.9708737864077759,-0.16303749141939206,False,1,14.3,NORMAL,"Metered consumption is substantially above the DMA's historical baseline. This may indicate unusual operation or potential water loss, but it is not a confirmed leak."
2023-09-03 14:00:00,REAL_DMA_01,1.0,10.604655066666666,10.604655066666666,8.59388,8.59388,0.551,52.005526863,1.4597750666666656,15,15,45.0,60.0,False,NONE,13.765417710333061,14,6,1,-0.4999999999999997,-0.8660254037844388,9.893584122350147,0.128,53.025243076,7.187192583829873,330.46875000000006,-1.9230769230769273,-0.09199927246901896,False,2,42.7,MONITOR,Metered consumption is substantially above the DMA's historical baseline. Continued monitoring is recommended for this probable abnormality.
2023-09-03 15:00:00,REAL_DMA_01,1.0,10.49101480620155,10.49101480620155,8.687781923076923,8.687781923076923,0.367,52.005526863,1.4362328831246272,15,15,43.0,52.0,False,NONE,13.690123497639403,15,6,1,-0.7071067811865471,-0.7071067811865479,10.364376270299145,0.39,53.025243076,1.2218635506828215,-5.897435897435902,-1.9230769230769273,-0.17232873780115116,False,2,5.7,NORMAL,No strong abnormal pattern is evident from the current prototype signals.
2023-09-03 16:00:00,REAL_DMA_01,1.0,11.221622612612611,11.221622612612611,8.7892,8.7892,0.39,52.005526863,2.042422612612612,15,15,37.0,60.0,False,NONE,18.20077793666861,16,6,1,-0.8660254037844385,-0.5000000000000004,11.18776674796748,0.329,53.5351011825,0.30261503844171733,18.541033434650455,-2.857142857142857,-0.15733476624351783,False,2,14.2,NORMAL,No strong abnormal pattern is evident from the current prototype signals.
2023-09-03 17:00:00,REAL_DMA_01,1.0,10.61702396031746,10.61702396031746,8.7892,8.7892,0.268,53.025243076,1.5598239603174615,15,15,42.0,60.0,False,NONE,14.691724970646302,17,6,1,-0.9659258262890683,-0.25881904510252063,10.223882152849002,0.399,54.044959289000005,3.8453280426252254,-32.83208020050125,-1.8867924528301927,-0.16558761831369512,False,2,11.4,NORMAL,No strong abnormal pattern is evident from the current prototype signals.
2023-09-03 18:00:00,REAL_DMA_01,1.0,10.206250895833334,10.206250895833334,8.629755102040816,8.629755102040816,0.421,53.025243076,1.1554957937925174,15,15,40.0,49.0,False,NONE,11.321451976692485,18,6,1,-1.0,-1.8369701987210297e-16,9.498107072014713,0.2695,54.044959289000005,7.4556310899579135,56.21521335807048,-1.8867924528301927,-0.15749110283800222,False,3,18.9,NORMAL,"Metered consumption is substantially above the DMA's historical baseline. This may indicate unusual operation or potential water loss, but it is not a confirmed leak."
2023-09-03 19:00:00,REAL_DMA_01,1.0,10.36396302173913,10.36396302173913,8.833298387096773,8.833298387096773,0.4669999999999999,52.005526863,1.0636646346423564,15,15,46.0,31.0,False,NONE,10.263107195686112,19,6,1,-0.9659258262890684,0.2588190451025203,8.425194474685885,0.2595,54.044959289000005,23.011558402342136,79.9614643545279,-3.7735849056603854,-0.10930010843786708,False,4,44.1,MONITOR,Metered consumption is substantially above the DMA's historical baseline; The abnormal pattern has persisted across multiple recent readings. Continued monitoring is recommended for this probable abnormality.
2023-09-03 20:00:00,REAL_DMA_01,1.0,10.632919148936171,10.632919148936171,9.094687435897436,9.094687435897436,0.213,50.985810650000005,1.3252317130387352,15,15,47.0,39.0,False,NONE,12.463479637869018,20,6,1,-0.8660254037844386,0.5000000000000001,8.320235468749999,0.23,52.26045591625,27.79589218204687,-7.391304347826093,-2.4390243902438975,-0.12360045771233802,False,4,30.8,NORMAL,"The abnormal pattern has persisted across multiple recent readings. This may indicate unusual operation or potential water loss, but it is not a confirmed leak."
2023-09-03 21:00:00,REAL_DMA_01,1.0,8.606417364864866,8.606417364864866,9.128006530612245,9.128006530612245,0.299,50.985810650000005,-0.820589165747379,15,15,37.0,49.0,False,NONE,-9.534619702472021,21,6,1,-0.7071067811865477,0.7071067811865474,8.639466492647058,0.23349999999999999,52.005526863,-0.38253667411430725,28.051391862955033,-1.9607843137254812,-0.10761573347182563,False,3,33.1,NORMAL,No strong abnormal pattern is evident from the current prototype signals.
2023-09-03 22:00:00,REAL_DMA_01,1.0,5.383834444444444,5.383834444444444,4.88289,4.88289,0.1709999999999999,53.025243076,0.3299444444444445,15,15,27.0,53.0,False,NONE,6.1284284992253575,22,6,1,-0.5000000000000004,0.8660254037844384,6.45919786764706,0.1145,52.515384969500005,-16.64855985584393,49.34497816593878,0.9708737864077623,-0.13004581496246753,False,2,28.8,NORMAL,"Metered consumption is substantially above the DMA's historical baseline. This may indicate unusual operation or potential water loss, but it is not a confirmed leak."
2023-09-03 23:00:00,REAL_DMA_01,1.0,3.885381964285714,3.885381964285714,4.88289,4.88289,0.119,53.025243076,-1.1165080357142856,15,15,28.0,60.0,False,NONE,-28.73612030881869,23,6,1,-0.25881904510252157,0.9659258262890681,4.615791692447045,0.0665,53.025243076,-15.824148419793769,78.94736842105262,0.0,-0.10842857922146071,False,3,40.3,MONITOR,Metered consumption is substantially above the DMA's historical baseline. Continued monitoring is recommended for this probable abnormality.
2023-09-04 00:00:00,REAL_DMA_01,1.0,3.5793042424242425,3.5793042424242425,4.88289,4.88289,0.034,53.025243076,-1.3375857575757573,15,15,22.0,60.0,False,NONE,-37.369993355742736,0,0,0,0.0,1.0,3.7708716534914357,0.07100000000000001,52.515384969500005,-5.080189109322288,-52.112676056338024,0.9708737864077623,-0.10737921739022616,False,3,36.2,NORMAL,No strong abnormal pattern is evident from the current prototype signals.
2023-09-04 01:00:00,REAL_DMA_01,1.0,3.415693571428571,3.415693571428571,4.88289,4.88289,0.059,53.025243076,-1.5261964285714285,15,15,21.0,60.0,False,NONE,-44.68188953885333,1,0,0,0.25881904510252074,0.9659258262890683,3.547463127487418,0.042333333333333334,53.025243076,-3.7144728873383936,39.370078740157474,0.0,-0.10696048530135988,False,3,34.4,NORMAL,"Metered consumption is substantially above the DMA's historical baseline. This may indicate unusual operation or potential water loss, but it is not a confirmed leak."
2023-09-04 02:00:00,REAL_DMA_01,1.0,3.4145335119047617,3.4145335119047617,4.88289,4.88289,0.039,53.025243076,-1.507356488095238,15,15,28.0,60.0,False,NONE,-44.14531246625179,2,0,0,0.49999999999999994,0.8660254037844387,3.4901372668408825,0.036,52.855290373833334,-2.166211502751408,8.333333333333341,0.3215434083601316,-0.10543632851996748,False,2,29.3,NORMAL,No strong abnormal pattern is evident from the current prototype signals.
2023-09-04 03:00:00,REAL_DMA_01,1.0,5.974693809523809,5.974693809523809,5.96526175925926,5.96526175925926,0.0939999999999999,52.005526863,-0.0845679497354506,15,15,49.0,36.0,False,NONE,-1.4154357098709764,3,0,0,0.7071067811865476,0.7071067811865476,4.174368139759969,0.08466666666666667,52.68533767166667,43.12810009773983,11.023622047243979,-1.290322580645173,-0.0971054605587609,False,1,36.3,NORMAL,"Inlet flow is substantially above the DMA's historical baseline. This may indicate unusual operation or potential water loss, but it is not a confirmed leak."
2023-09-04 04:00:00,REAL_DMA_01,1.0,12.251536378472222,12.251536378472222,9.1095116,9.1095116,0.221,52.005526863,2.9210247784722227,15,15,48.0,25.0,False,NONE,23.842109987159645,4,0,0,0.8660254037844386,0.5000000000000001,6.83225428292181,0.10533333333333333,54.72477009766667,79.31909251528704,109.81012658227849,-4.968944099378889,-0.03198036017293404,False,2,63.6,MONITOR,Inlet flow is substantially above the DMA's historical baseline; Metered consumption is substantially above the DMA's historical baseline. Continued monitoring is recommended for this probable abnormality.
2023-09-04 05:00:00,REAL_DMA_01,1.0,15.96078556862745,15.96078556862745,11.42130619047619,11.42130619047619,0.239,49.96609443700001,4.30047937815126,15,15,51.0,21.0,False,NONE,26.94403329748562,5,0,0,0.9659258262890683,0.25881904510252074,9.861776719052774,0.18200000000000002,52.68533767166667,61.84492940092126,31.318681318681296,-5.161290322580638,0.0008769383149499488,True,3,59.9,MONITOR,Inlet flow is substantially above the DMA's historical baseline. Continued monitoring is recommended for this probable abnormality.
2023-09-04 06:00:00,REAL_DMA_01,1.0,14.973867623511904,14.973867623511904,12.578441826923076,12.578441826923076,0.356,50.985810650000005,2.0394257965888283,15,15,56.0,26.0,False,NONE,13.619900000895763,6,0,0,1.0,6.123233995736766e-17,11.903405923282483,0.322,51.66562145866667,25.79481637456173,10.559006211180117,-1.3157894736842088,-0.109053113338549,False,3,33.5,NORMAL,No strong abnormal pattern is evident from the current prototype signals.
2023-09-04 07:00:00,REAL_DMA_01,1.0,14.096072209608844,14.096072209608844,12.3797465,12.3797465,0.112,50.985810650000005,1.604325709608844,15,15,56.0,30.0,False,NONE,11.3813669918293,7,0,0,0.9659258262890683,-0.25881904510252063,11.764944565266774,0.166,50.98581065,19.814182985818523,-32.53012048192772,1.3936087838981927e-14,-0.1033779328578836,False,2,35.3,NORMAL,No strong abnormal pattern is evident from the current prototype signals.
2023-09-04 08:00:00,REAL_DMA_01,1.0,13.787848907738097,13.787848907738097,11.50116256321839,11.50116256321839,0.163,50.985810650000005,2.1236863445197067,15,15,56.0,29.0,False,NONE,15.402593680351684,8,0,0,0.8660254037844387,-0.4999999999999998,12.190890316124682,0.2423333333333333,51.325716054333334,13.099605936911313,-32.73727647867949,-0.6622516556291314,-0.13993662143057933,False,2,22.0,NORMAL,No strong abnormal pattern is evident from the current prototype signals.
2023-09-04 09:00:00,REAL_DMA_01,1.0,13.868601807881774,13.868601807881774,12.057925172413793,12.057925172413793,0.153,53.025243076,1.6576766354679813,15,15,58.0,29.0,False,NONE,11.952730768619329,9,0,0,0.7071067811865476,-0.7071067811865475,11.766445210132488,0.3973333333333333,52.005526863,17.865689766175485,-61.493288590604024,1.9607843137254948,-0.10700431011049205,False,3,39.2,NORMAL,No strong abnormal pattern is evident from the current prototype signals.
2023-09-04 10:00:00,REAL_DMA_01,1.0,11.328637503472224,11.328637503472224,9.606334285714286,9.606334285714286,0.141,53.025243076,1.581303217757938,15,15,48.0,49.0,False,NONE,13.958458969785811,10,0,0,0.49999999999999994,-0.8660254037844387,11.567971181515988,0.436,52.34543226733334,-2.06893390628588,-67.6605504587156,1.2987012987012971,-0.15391783880487292,False,4,21.2,NORMAL,"The abnormal pattern has persisted across multiple recent readings. This may indicate unusual operation or potential water loss, but it is not a confirmed leak."
2023-09-04 11:00:00,REAL_DMA_01,1.0,14.96955762202381,14.96955762202381,11.921282297297298,11.921282297297298,0.17,52.005526863,2.8782753247265127,15,15,60.0,37.0,False,NONE,19.227524268932832,11,0,0,0.258819045102521,-0.9659258262890682,11.36942481987254,0.414,51.66562145866667,31.66503898999906,-58.93719806763285,0.6578947368420975,-0.08448458981594509,False,5,50.2,MONITOR,The abnormal pattern has persisted across multiple recent readings. Continued monitoring is recommended for this probable abnormality.
2023-09-04 12:00:00,REAL_DMA_01,1.0,12.483035363315697,12.483035363315697,10.724771,10.724771,0.417,52.005526863,1.3412643633156962,15,15,54.0,25.0,False,NONE,10.744697297400227,12,0,0,1.2246467991473532e-16,-1.0,10.519824372501715,0.3913333333333333,51.325716054333334,18.66201298897837,6.558773424190802,1.3245033112582765,-0.13353529888971338,False,4,24.1,NORMAL,"The abnormal pattern has persisted across multiple recent readings. This may indicate unusual operation or potential water loss, but it is not a confirmed leak."
2023-09-04 13:00:00,REAL_DMA_01,1.0,11.233692350694444,11.233692350694444,9.974286486486488,9.974286486486488,0.216,53.025243076,1.043405864207956,15,15,48.0,37.0,False,NONE,9.288182652994363,13,0,0,-0.2588190451025208,-0.9659258262890683,10.254121320880328,0.39866666666666667,52.34543226733334,9.55294948402286,-45.81939799331104,1.2987012987012971,-0.1492097899213296,False,3,20.2,NORMAL,No strong abnormal pattern is evident from the current prototype signals.
2023-09-04 14:00:00,REAL_DMA_01,1.0,11.564536836734693,11.564536836734693,10.19128517857143,10.19128517857143,0.354,53.025243076,1.0192516581632622,15,15,49.0,28.0,False,NONE,8.813596882891277,14,0,0,-0.4999999999999997,-0.8660254037844388,10.130607770455653,0.269,52.68533767166667,14.15442290107087,31.598513011152402,0.6451612903225731,-0.1454182722486283,False,3,20.2,NORMAL,No strong abnormal pattern is evident from the current prototype signals.
2023-09-04 15:00:00,REAL_DMA_01,1.0,10.933985357142856,10.933985357142856,7.885860416666667,7.885860416666667,0.634,53.025243076,2.414124940476189,15,15,42.0,24.0,False,NONE,22.079094324917044,15,0,0,-0.7071067811865471,-0.7071067811865479,10.406589115599948,0.38233333333333336,52.68533767166667,5.067906839449605,65.82388840453356,0.6451612903225731,-0.16083946785123115,False,4,22.9,NORMAL,"Metered consumption is substantially above the DMA's historical baseline; The abnormal pattern has persisted across multiple recent readings. This may indicate unusual operation or potential water loss, but it is not a confirmed leak."
2023-09-04 16:00:00,REAL_DMA_01,1.0,10.596324170940171,10.596324170940171,7.22667,7.22667,0.657,52.005526863,2.712654170940171,15,15,39.0,60.0,False,NONE,25.599954542533474,16,0,0,-0.8660254037844385,-0.5000000000000004,11.199052036182522,0.34933333333333333,53.025243076,-5.3819543234108,88.07251908396948,-1.9230769230769273,-0.1318853625317537,False,5,40.5,MONITOR,Metered consumption is substantially above the DMA's historical baseline; The abnormal pattern has persisted across multiple recent readings. Continued monitoring is recommended for this probable abnormality.
2023-09-04 17:00:00,REAL_DMA_01,1.0,10.579802346491228,10.579802346491228,7.722104146341463,7.722104146341463,0.615,52.005526863,2.242698200149764,15,15,38.0,41.0,False,NONE,21.197921536724653,17,0,0,-0.9659258262890683,-0.25881904510252063,10.354929422005155,0.35533333333333333,53.705053884666675,2.171650962759802,73.07692307692307,-3.164556962025332,-0.13074833826953325,False,5,38.6,NORMAL,"Metered consumption is substantially above the DMA's historical baseline; The abnormal pattern has persisted across multiple recent readings. This may indicate unusual operation or potential water loss, but it is not a confirmed leak."
2023-09-04 18:00:00,REAL_DMA_01,1.0,10.127921845238095,10.127921845238095,7.6173,7.6173,0.458,52.005526863,2.052621845238095,15,15,42.0,60.0,False,NONE,20.266959763351533,18,0,0,-1.0,-1.8369701987210297e-16,9.734155013287586,0.32,53.705053884666675,4.045208150198955,43.125,-3.164556962025332,-0.14424021379978968,False,4,26.7,NORMAL,"Metered consumption is substantially above the DMA's historical baseline; The abnormal pattern has persisted across multiple recent readings. This may indicate unusual operation or potential water loss, but it is not a confirmed leak."
2023-09-04 19:00:00,REAL_DMA_01,1.0,10.111740058139535,10.111740058139535,7.6173,7.6173,0.206,52.005526863,2.288440058139535,15,15,43.0,60.0,False,NONE,22.631515891247965,19,0,0,-0.9659258262890684,0.2588190451025203,9.071450657036966,0.3286666666666666,53.36514848033334,11.467729257785129,-37.32251521298174,-2.5477707006369528,-0.14756695374562795,False,3,25.7,NORMAL,No strong abnormal pattern is evident from the current prototype signals.
2023-09-04 20:00:00,REAL_DMA_01,1.0,10.110498183760685,10.110498183760685,7.801349615384615,7.801349615384615,0.243,49.96609443700001,2.0661485683760694,15,15,39.0,52.0,False,NONE,20.43567518457877,20,0,0,-0.8660254037844386,0.5000000000000001,9.091130028812058,0.22433333333333336,51.83557416083334,11.212777198412018,8.320950965824652,-3.6065573770491723,-0.09644204695886127,False,3,38.6,NORMAL,No strong abnormal pattern is evident from the current prototype signals.
2023-09-04 21:00:00,REAL_DMA_01,1.0,8.315199146341463,8.315199146341463,7.81262,7.81262,0.178,52.005526863,0.3245791463414633,15,15,41.0,59.0,False,NONE,3.9034440502158296,21,0,0,-0.7071067811865477,0.7071067811865474,8.62845011671966,0.25533333333333336,51.66562145866667,-3.6304430823700264,-30.287206266318545,0.6578947368420975,-0.1518611240016534,False,3,16.1,NORMAL,No strong abnormal pattern is evident from the current prototype signals.
2023-09-04 22:00:00,REAL_DMA_01,1.0,5.473919513888888,5.473919513888888,3.7898675,3.7898675,0.163,53.025243076,1.521052013888888,15,15,24.0,52.0,False,NONE,27.78725573201336,22,0,0,-0.5000000000000004,0.8660254037844384,6.100743393246187,0.1333333333333333,52.68533767166667,-10.274549164798879,22.250000000000032,0.6451612903225731,-0.1333841676065265,False,3,31.2,NORMAL,No strong abnormal pattern is evident from the current prototype signals.
2023-09-04 23:00:00,REAL_DMA_01,1.0,4.020242222222223,4.020242222222223,3.71099,3.71099,0.062,53.025243076,0.2472522222222236,15,15,18.0,59.0,False,NONE,6.15018221677083,23,0,0,-0.25881904510252157,0.9659258262890681,4.3723217830599355,0.084,53.025243076,-8.052462245615233,-26.190476190476197,0.0,-0.14872353621842532,False,2,16.4,NORMAL,No strong abnormal pattern is evident from the current prototype signals.
2023-09-05 00:00:00,REAL_DMA_01,1.0,3.2516398148148147,3.2516398148148147,3.71099,3.71099,0.08,53.025243076,-0.5393501851851851,15,15,18.0,60.0,False,NONE,-16.587021192441075,0,1,0,0.0,1.0,3.7070158498023713,0.05866666666666667,52.68533767166667,-12.284167466179937,36.36363636363635,0.6451612903225731,-0.12368200323343276,False,1,27.5,NORMAL,"Metered consumption is substantially above the DMA's historical baseline. This may indicate unusual operation or potential water loss, but it is not a confirmed leak."
2023-09-05 01:00:00,REAL_DMA_01,1.0,3.582541531531531,3.582541531531531,3.71099,3.71099,0.06,53.025243076,-0.18844846846846858,15,15,37.0,60.0,False,NONE,-5.260189360258641,1,1,0,0.25881904510252074,0.9659258262890683,3.514520738472706,0.0465,53.025243076,1.9354215871944063,29.032258064516125,0.0,-0.15040606779808136,False,0,12.6,NORMAL,No strong abnormal pattern is evident from the current prototype signals.
2023-09-05 02:00:00,REAL_DMA_01,1.0,3.08299875,3.08299875,3.71099,3.71099,0.018,52.005526863,-0.64599125,15,15,36.0,59.0,False,NONE,-20.953341288250606,2,1,0,0.49999999999999994,0.8660254037844387,3.4712363281068526,0.03675,52.897778549375005,-11.184417925200451,-51.02040816326531,-1.686746987951816,-0.0879503519386241,False,0,38.1,NORMAL,No strong abnormal pattern is evident from the current prototype signals.
2023-09-05 03:00:00,REAL_DMA_01,1.0,4.797015258620689,4.797015258620689,3.71099,3.71099,0.084,52.005526863,1.0020252586206895,15,15,29.0,60.0,False,NONE,20.888515141158983,3,1,0,0.7071067811865476,0.7071067811865476,4.624449557200929,0.08699999999999998,52.515384969500005,3.731594415405627,-3.4482758620689378,-0.9708737864077759,-0.1249446589060011,False,0,24.0,NORMAL,No strong abnormal pattern is evident from the current prototype signals.
2023-09-05 04:00:00,REAL_DMA_01,1.0,11.01997287878788,11.01997287878788,8.174977105263158,8.174977105263158,0.2329999999999999,53.025243076,2.6119957735247223,15,15,44.0,38.0,False,NONE,23.70237932756168,4,1,0,0.8660254037844386,0.5000000000000001,8.187074806809413,0.13424999999999998,54.044959289000005,34.60207875005941,73.55679702048413,-1.8867924528301927,-0.13044120430712708,False,1,38.9,NORMAL,"Metered consumption is substantially above the DMA's historical baseline. This may indicate unusual operation or potential water loss, but it is not a confirmed leak."
2023-09-05 05:00:00,REAL_DMA_01,1.0,16.936740814102563,16.936740814102563,14.351933076923077,14.351933076923077,0.206,49.96609443700001,2.378807737179487,15,15,52.0,26.0,False,NONE,14.045250873761653,5,1,0,0.9659258262890683,0.25881904510252074,11.386528931446442,0.19624999999999998,52.00552686300001,48.74366820715637,4.968152866242043,-3.9215686274509753,-0.007839645507175308,False,1,44.6,MONITOR,Inlet flow is substantially above the DMA's historical baseline. Continued monitoring is recommended for this probable abnormality.
2023-09-05 06:00:00,REAL_DMA_01,1.0,14.842752943301049,14.842752943301049,11.943199324561403,11.943199324561403,0.373,50.985810650000005,2.526553618739645,15,15,59.0,38.0,False,NONE,17.022136179124033,6,1,0,1.0,6.123233995736766e-17,12.671021348339837,0.3305,51.4956687565,17.139357083048033,12.859304084720117,-0.9900990099009854,-0.11983640409389912,False,1,28.4,NORMAL,No strong abnormal pattern is evident from the current prototype signals.
2023-09-05 07:00:00,REAL_DMA_01,1.0,12.854381245057088,12.854381245057088,11.025679259259258,11.025679259259258,0.184,51.4956687565,1.6447019857978298,15,15,57.0,27.0,False,NONE,12.794874793606025,7,1,0,0.9659258262890683,-0.25881904510252063,12.347726476352292,0.1525,50.985810650000005,4.103223129173726,20.655737704918035,0.9999999999999953,-0.141531399440598,False,1,16.6,NORMAL,No strong abnormal pattern is evident from the current prototype signals.
2023-09-05 08:00:00,REAL_DMA_01,1.0,13.400216298076923,13.400216298076923,10.988304074074074,10.988304074074074,0.305,50.985810650000005,2.106912224002849,15,15,52.0,27.0,False,NONE,15.722971757591807,8,1,0,0.8660254037844387,-0.4999999999999998,12.590129964028037,0.22249999999999998,51.24073970325001,6.4342968369939735,37.07865168539327,-0.49751243781094984,-0.14812327602071368,False,1,17.3,NORMAL,"Metered consumption is substantially above the DMA's historical baseline. This may indicate unusual operation or potential water loss, but it is not a confirmed leak."
2023-09-05 09:00:00,REAL_DMA_01,1.0,13.488351481456045,13.488351481456045,11.892154166666668,11.892154166666668,0.218,50.985810650000005,1.378197314789377,15,15,52.0,28.0,False,NONE,10.217685361210672,9,1,0,0.7071067811865476,-0.7071067811865475,12.29198435956981,0.33625,52.26045591625,9.732904687230702,-35.16728624535316,-2.4390243902438975,-0.12587006260071498,False,1,27.3,NORMAL,No strong abnormal pattern is evident from the current prototype signals.
2023-09-05 10:00:00,REAL_DMA_01,1.0,11.911307901960786,11.911307901960786,9.910452037037036,9.910452037037036,0.236,52.005526863,1.76485586492375,15,15,51.0,27.0,False,NONE,14.81664213073719,10,1,0,0.49999999999999994,-0.8660254037844387,11.508137762005047,0.36225,52.515384969500005,3.503348224478459,-34.85162180814355,-0.9708737864077759,-0.16807759263456867,False,1,9.2,NORMAL,No strong abnormal pattern is evident from the current prototype signals.
2023-09-05 11:00:00,REAL_DMA_01,1.0,13.682662651785716,13.682662651785716,11.593239907407408,11.593239907407408,0.182,50.985810650000005,1.9074227443783074,15,15,56.0,36.0,False,NONE,13.94043537373459,11,1,0,0.258819045102521,-0.9659258262890682,12.269458020410358,0.353,51.750597809750005,11.518068923863455,-48.44192634560906,-1.477832512315271,-0.1227605973611468,False,1,30.2,NORMAL,No strong abnormal pattern is evident from the current prototype signals.
2023-09-05 12:00:00,REAL_DMA_01,1.0,12.496858203703702,12.496858203703702,10.74707752688172,10.74707752688172,0.131,50.985810650000005,1.6187806768219828,15,15,54.0,31.0,False,NONE,12.953501195542284,12,1,0,1.2246467991473532e-16,-1.0,11.01062712020521,0.39774999999999994,51.4956687565,13.498151079616182,-67.0647391577624,-0.9900990099009854,-0.13421040806409285,False,1,27.6,NORMAL,No strong abnormal pattern is evident from the current prototype signals.
2023-09-05 13:00:00,REAL_DMA_01,1.0,11.196071673913044,11.196071673913044,9.277485250000002,9.277485250000002,0.382,52.005526863,1.5365864239130427,15,15,46.0,20.0,False,NONE,13.724335362136916,13,1,0,-0.2588190451025208,-0.9659258262890683,10.499014078333856,0.353,52.515384969500005,6.639267176692923,8.215297450424936,-0.9708737864077759,-0.1697989943172296,False,1,5.6,NORMAL,No strong abnormal pattern is evident from the current prototype signals.
2023-09-05 14:00:00,REAL_DMA_01,1.0,11.4020297,11.4020297,8.9806062,8.9806062,0.2029999999999999,53.025243076,2.2184234999999997,15,15,50.0,25.0,False,NONE,19.456391172178755,14,1,0,-0.4999999999999997,-0.8660254037844388,10.489090037025413,0.29025,52.77031402275,8.703706992236729,-30.06029285099056,0.483091787439618,-0.16814541329879024,False,1,11.3,NORMAL,No strong abnormal pattern is evident from the current prototype signals.
2023-09-05 15:00:00,REAL_DMA_01,1.0,12.802835580128203,12.802835580128203,9.870407142857143,9.870407142857143,0.509,54.044959289000005,2.42342843727106,15,15,52.0,28.0,False,NONE,18.928841365678093,15,1,0,-0.7071067811865471,-0.7071067811865479,10.538438175985673,0.44525,52.77031402275,21.48703030115502,14.317798989331843,2.4154589371980766,-0.09567261596209281,False,1,36.0,NORMAL,No strong abnormal pattern is evident from the current prototype signals.
2023-09-05 16:00:00,REAL_DMA_01,1.0,11.85753609469697,11.85753609469697,9.231225789473685,9.231225789473685,0.702,54.044959289000005,1.924310305223285,15,15,44.0,19.0,False,NONE,16.228584841364235,16,1,0,-0.8660254037844385,-0.5000000000000004,11.048370069871936,0.42625,52.77031402275,7.323849759808172,64.69208211143693,2.4154589371980766,-0.10045848988631445,False,2,39.2,NORMAL,"Metered consumption is substantially above the DMA's historical baseline. This may indicate unusual operation or potential water loss, but it is not a confirmed leak."
2023-09-05 17:00:00,REAL_DMA_01,1.0,11.225994366666669,11.225994366666669,9.794497352941177,9.794497352941177,0.435,53.025243076,0.996497013725492,15,15,55.0,17.0,False,NONE,8.876692622298025,17,1,0,-0.9659258262890683,-0.25881904510252063,10.411147653126672,0.42025,53.280172129250005,7.8266752205294265,3.5098155859607343,-0.4784688995215355,-0.15291246580022028,False,2,11.5,NORMAL,No strong abnormal pattern is evident from the current prototype signals.
2023-09-05 18:00:00,REAL_DMA_01,1.0,11.360283081395348,11.360283081395348,9.243810689655174,9.243810689655174,0.412,53.025243076,1.7044723917401745,15,15,43.0,29.0,False,NONE,15.003784496634387,18,1,0,-1.0,-1.8369701987210297e-16,9.832596721275214,0.35450000000000004,53.280172129250005,15.53695736157482,16.22002820874469,-0.4784688995215355,-0.16100483872338045,False,2,11.3,NORMAL,No strong abnormal pattern is evident from the current prototype signals.
2023-09-05 19:00:00,REAL_DMA_01,1.0,11.0574476292517,11.0574476292517,8.851589027777779,8.851589027777779,0.287,53.025243076,1.9188586014739206,15,15,49.0,36.0,False,NONE,17.353540037555458,19,1,0,-0.9659258262890684,0.2588190451025203,9.331523007312608,0.298,53.025243076,18.495636999304164,-3.6912751677852387,0.0,-0.16635957644741622,False,2,9.5,NORMAL,No strong abnormal pattern is evident from the current prototype signals.
2023-09-05 20:00:00,REAL_DMA_01,1.0,11.44362150406504,11.44362150406504,8.761851400000001,8.761851400000001,0.382,50.985810650000005,2.2997701040650393,15,15,41.0,50.0,False,NONE,20.09652366821209,20,1,0,-0.8660254037844386,0.5000000000000001,9.345972067549214,0.229,51.368204229875005,22.44442227469541,66.8122270742358,-0.7444168734491314,-0.13246775153610157,False,2,33.9,NORMAL,"Metered consumption is substantially above the DMA's historical baseline. This may indicate unusual operation or potential water loss, but it is not a confirmed leak."
2023-09-05 21:00:00,REAL_DMA_01,1.0,9.958946418699188,9.958946418699188,8.348694680851063,8.348694680851063,0.407,52.005526863,1.2032517378481256,15,15,41.0,47.0,False,NONE,12.082118803138327,21,1,0,-0.7071067811865477,0.7071067811865474,8.55013737412511,0.236,51.750597809750005,16.477034027985233,72.45762711864407,0.49261083743841444,-0.1537599143482864,False,3,22.6,NORMAL,"Metered consumption is substantially above the DMA's historical baseline. This may indicate unusual operation or potential water loss, but it is not a confirmed leak."
2023-09-05 22:00:00,REAL_DMA_01,1.0,5.976111722222223,5.976111722222223,5.562733461538461,5.562733461538461,0.225,53.025243076,0.18837826068376148,15,15,30.0,52.0,False,NONE,3.152187734095989,22,1,0,-0.5000000000000004,0.8660254037844384,5.944037423406863,0.14075,52.77031402275,0.5396045907964041,59.85790408525757,0.483091787439618,-0.14079051768172857,False,4,25.5,NORMAL,"Metered consumption is substantially above the DMA's historical baseline; The abnormal pattern has persisted across multiple recent readings. This may indicate unusual operation or potential water loss, but it is not a confirmed leak."
2023-09-05 23:00:00,REAL_DMA_01,1.0,4.811450925925926,4.811450925925926,3.90631,3.90631,0.067,53.025243076,0.838140925925926,15,15,27.0,60.0,False,NONE,17.419712656938977,23,1,0,-0.25881904510252157,0.9659258262890681,4.284301892850507,0.0785,53.025243076,12.304199056446192,-14.649681528662414,0.0,-0.1419907365450478,False,4,21.9,NORMAL,"The abnormal pattern has persisted across multiple recent readings. This may indicate unusual operation or potential water loss, but it is not a confirmed leak."
2023-09-06 00:00:00,REAL_DMA_01,1.0,3.9682825,3.9682825,3.90631,3.90631,0.038,54.044959289000005,0.023972499999999987,15,15,26.0,60.0,False,NONE,0.6041026565018994,0,2,0,0.0,1.0,3.593171841055482,0.064,52.77031402275,10.439541317187057,-40.625,2.4154589371980766,-0.08586851743119339,False,3,39.9,NORMAL,No strong abnormal pattern is evident from the current prototype signals.
2023-09-06 01:00:00,REAL_DMA_01,1.0,3.876716111111111,3.876716111111111,3.90631,3.90631,0.047,54.044959289000005,-0.07659388888888892,15,15,33.0,59.0,False,NONE,-1.9757414959883726,1,2,0,0.25881904510252074,0.9659258262890683,3.5281248970844716,0.0492,53.025243076,9.880353564430328,-4.4715447154471555,1.9230769230769273,-0.0977452333806495,False,3,32.8,NORMAL,No strong abnormal pattern is evident from the current prototype signals.
2023-09-06 02:00:00,REAL_DMA_01,1.0,3.816790972222222,3.816790972222222,3.90631,3.90631,0.061,53.025243076,-0.15051902777777798,15,15,36.0,59.0,False,NONE,-3.9436015457284106,2,2,0,0.49999999999999994,0.8660254037844387,3.393588812485482,0.032999999999999995,52.7193282121,12.47063752036549,84.84848484848487,0.5802707930367504,-0.14102454481348398,False,4,28.9,NORMAL,"Metered consumption is substantially above the DMA's historical baseline; The abnormal pattern has persisted across multiple recent readings. This may indicate unusual operation or potential water loss, but it is not a confirmed leak."
2023-09-06 03:00:00,REAL_DMA_01,1.0,5.154262403846153,5.154262403846153,3.90631,3.90631,0.083,53.025243076,1.1649524038461532,15,15,26.0,60.0,False,NONE,22.601728677547655,3,2,0,0.7071067811865476,0.7071067811865476,4.658962697484881,0.08639999999999999,52.4134133482,10.631115519097351,-3.93518518518517,1.1673151750972763,-0.13406952893648222,False,4,26.5,NORMAL,"The abnormal pattern has persisted across multiple recent readings. This may indicate unusual operation or potential water loss, but it is not a confirmed leak."
2023-09-06 04:00:00,REAL_DMA_01,1.0,12.515563407407406,12.515563407407406,7.27697893939394,7.27697893939394,0.201,52.005526863,5.037584468013466,15,15,45.0,33.0,False,NONE,40.25056087392713,4,2,0,0.8660254037844386,0.5000000000000001,8.753654421205107,0.15399999999999997,53.8410160464,42.9752970038358,30.519480519480553,-3.4090909090909087,-0.0716738400605409,False,4,61.9,MONITOR,Inlet flow is substantially above the DMA's historical baseline; Inlet volume significantly exceeds outlet volume plus metered consumption; The abnormal pattern has persisted across multiple recent readings. Continued monitoring is recommended for this probable abnormality.
2023-09-06 05:00:00,REAL_DMA_01,1.0,17.574398824242426,17.574398824242426,13.763232416666668,13.763232416666668,0.238,49.96609443700001,3.573166407575758,15,15,55.0,20.0,False,NONE,20.331656538070998,5,2,0,0.9659258262890683,0.25881904510252074,12.496571307977666,0.1982,51.597640377800005,40.63376578360445,20.08072653884965,-3.16205533596837,-0.02898788644052297,False,3,50.2,MONITOR,Inlet flow is substantially above the DMA's historical baseline. Continued monitoring is recommended for this probable abnormality.
2023-09-06 06:00:00,REAL_DMA_01,1.0,14.035187324561404,14.035187324561404,12.843010520833332,12.843010520833332,0.461,52.005526863,0.7311768037280724,15,15,57.0,32.0,False,NONE,5.20959775469845,6,2,0,1.0,6.123233995736766e-17,13.105367667332079,0.339,51.3936971352,7.094952853151149,35.988200589970496,1.1904761904761905,-0.09870708654292976,False,2,35.0,NORMAL,"Metered consumption is substantially above the DMA's historical baseline. This may indicate unusual operation or potential water loss, but it is not a confirmed leak."
2023-09-06 07:00:00,REAL_DMA_01,1.0,13.119425753679652,13.119425753679652,10.491425694444445,10.491425694444445,0.108,52.005526863,2.520000059235207,15,15,55.0,36.0,False,NONE,19.208158242203655,7,2,0,0.9659258262890683,-0.25881904510252063,12.449057430093251,0.1588,51.08778227130001,5.384892208513,-31.989924433249367,1.7964071856287283,-0.12519376907569235,False,2,29.0,NORMAL,No strong abnormal pattern is evident from the current prototype signals.
2023-09-06 08:00:00,REAL_DMA_01,1.0,12.564342432458698,12.564342432458698,10.0157794,10.0157794,0.339,52.005526863,2.2095630324586986,15,15,49.0,25.0,False,NONE,17.58598226955768,8,2,0,0.8660254037844387,-0.4999999999999998,12.752147230837814,0.23899999999999996,51.1897538926,-1.4727307878390674,41.84100418410045,1.5936254980079636,-0.15806942199063584,False,2,15.1,NORMAL,"Metered consumption is substantially above the DMA's historical baseline. This may indicate unusual operation or potential water loss, but it is not a confirmed leak."
2023-09-06 09:00:00,REAL_DMA_01,1.0,13.043257640804596,13.043257640804596,10.647949257575757,10.647949257575757,0.223,50.985810650000005,2.172308383228839,15,15,58.0,33.0,False,NONE,16.654645971516945,9,2,0,0.7071067811865476,-0.7071067811865475,12.531257783947058,0.3126,52.005526863,4.085781855939676,-28.662827895073573,-1.9607843137254812,-0.15201836071645286,False,2,16.4,NORMAL,No strong abnormal pattern is evident from the current prototype signals.
2023-09-06 10:00:00,REAL_DMA_01,1.0,10.797292221088435,10.797292221088435,8.890607884615385,8.890607884615385,0.275,52.515384969500005,1.6316843364730507,15,15,49.0,26.0,False,NONE,15.111977179668909,10,2,0,0.49999999999999994,-0.8660254037844387,11.588771789996196,0.337,52.4134133482,-6.829710544399465,-18.397626112759642,0.1945525291828839,-0.1763247323489734,False,1,5.2,NORMAL,No strong abnormal pattern is evident from the current prototype signals.
2023-09-06 11:00:00,REAL_DMA_01,1.0,10.960718936323367,10.960718936323367,8.91289688888889,8.91289688888889,0.363,52.005526863,1.6848220474344777,15,15,43.0,30.0,False,NONE,15.37145562460367,11,2,0,0.258819045102521,-0.9659258262890682,12.55209894668543,0.3188,51.597640377800005,-12.678198420211547,13.864491844416568,0.7905138339920856,-0.1731320193212254,False,1,6.1,NORMAL,No strong abnormal pattern is evident from the current prototype signals.
2023-09-06 12:00:00,REAL_DMA_01,1.0,11.96351712121212,11.96351712121212,10.921917096774193,10.921917096774193,0.121,50.985810650000005,0.920600024437928,15,15,55.0,31.0,False,NONE,7.695061703933555,12,2,0,1.2246467991473532e-16,-1.0,11.307873336904908,0.3444,51.3936971352,5.798117513108521,-64.8664343786295,-0.7936507936507844,-0.12247851414442257,False,1,31.4,NORMAL,No strong abnormal pattern is evident from the current prototype signals.
2023-09-06 13:00:00,REAL_DMA_01,1.0,11.085781079861112,11.085781079861112,8.776990625,8.776990625,0.15,52.005526863,2.1587904548611125,15,15,48.0,24.0,False,NONE,19.473507904489114,13,2,0,-0.2588190451025208,-0.9659258262890683,10.638425597449693,0.3588,52.4134133482,4.205091047670267,-58.19397993311037,-0.7782101167315221,-0.16360153842692293,False,2,17.3,NORMAL,No strong abnormal pattern is evident from the current prototype signals.
2023-09-06 14:00:00,REAL_DMA_01,1.0,10.694388528368794,10.694388528368794,8.511847600000001,8.511847600000001,0.231,50.985810650000005,1.9515409283687928,15,15,47.0,50.0,False,NONE,18.24827032599366,14,2,0,-0.4999999999999997,-0.8660254037844388,10.67167796962033,0.2728,52.821299833400005,0.2128115073666562,-15.322580645161283,-3.474903474903475,-0.13477508711486386,False,2,22.9,NORMAL,No strong abnormal pattern is evident from the current prototype signals.
2023-09-06 15:00:00,REAL_DMA_01,1.0,10.867640697674418,10.867640697674418,8.520176226415094,8.520176226415094,0.39,52.005526863,1.9574644712593234,15,15,43.0,53.0,False,NONE,18.01186224051559,15,2,0,-0.7071067811865471,-0.7071067811865479,10.991317656814179,0.458,53.025243076,-1.1252241360078086,-14.847161572052403,-1.9230769230769273,-0.17333855103570656,False,2,8.3,NORMAL,No strong abnormal pattern is evident from the current prototype signals.
2023-09-06 16:00:00,REAL_DMA_01,1.0,10.411738802083333,10.411738802083333,8.7892,8.7892,0.271,52.005526863,1.3515388020833337,15,15,32.0,58.0,False,NONE,12.980913445628294,16,2,0,-0.8660254037844385,-0.5000000000000004,11.210203274836942,0.4814,53.025243076,-7.1226582888633985,-43.70585791441628,-1.9230769230769273,-0.15640023469937975,False,2,16.5,NORMAL,No strong abnormal pattern is evident from the current prototype signals.
2023-09-06 17:00:00,REAL_DMA_01,1.0,10.40328687121212,10.40328687121212,8.7892,8.7892,0.3419999999999999,52.005526863,1.2720868712121216,15,15,44.0,60.0,False,NONE,12.227740011017369,17,2,0,-0.9659258262890683,-0.25881904510252063,10.574116995834672,0.4232,53.2291863186,-1.6155497871817,-19.18714555765598,-2.2988505747126435,-0.16012268778667027,False,2,11.0,NORMAL,No strong abnormal pattern is evident from the current prototype signals.
2023-09-06 18:00:00,REAL_DMA_01,1.0,9.498528037634408,9.498528037634408,8.7892,8.7892,0.428,52.005526863,0.28132803763440867,15,15,31.0,60.0,False,NONE,2.961806676989848,18,2,0,-1.0,-1.8369701987210297e-16,10.13813399329924,0.366,53.2291863186,-6.308912035366442,16.939890710382514,-2.2988505747126435,-0.12900878320079878,False,2,24.5,NORMAL,No strong abnormal pattern is evident from the current prototype signals.
2023-09-06 19:00:00,REAL_DMA_01,1.0,10.047202170542636,10.047202170542636,8.7892,8.7892,0.231,53.025243076,1.027002170542637,15,15,43.0,60.0,False,NONE,10.221772719510929,19,2,0,-0.9659258262890684,0.2588190451025203,9.676707931700426,0.29579999999999995,53.025243076,3.8287219316446417,-21.906693711967527,0.0,-0.16930528200794998,False,2,8.1,NORMAL,No strong abnormal pattern is evident from the current prototype signals.
2023-09-06 20:00:00,REAL_DMA_01,1.0,9.83483135714286,9.83483135714286,8.7892,8.7892,0.351,50.985810650000005,0.6946313571428613,15,15,35.0,60.0,False,NONE,7.06297171672764,20,2,0,-0.8660254037844386,0.5000000000000001,9.765501954852379,0.2596,51.291725513900005,0.7099420245984641,35.20801232665639,-0.5964214711729622,-0.14507799866986087,False,1,16.9,NORMAL,"Metered consumption is substantially above the DMA's historical baseline. This may indicate unusual operation or potential water loss, but it is not a confirmed leak."
2023-09-06 21:00:00,REAL_DMA_01,1.0,8.395758908045977,8.395758908045977,6.762799464285714,6.762799464285714,0.1699999999999999,50.985810650000005,1.4629594437602629,15,15,29.0,28.0,False,NONE,17.424981586337037,21,2,0,-0.7071067811865477,0.7071067811865474,8.831899183039926,0.2702,51.8015836204,-4.938238831252494,-37.08364174685422,-1.5748031496062946,-0.14091085987611146,False,0,20.1,NORMAL,No strong abnormal pattern is evident from the current prototype signals.
2023-09-06 22:00:00,REAL_DMA_01,1.0,5.3555492000000005,5.3555492000000005,5.66415,5.66415,0.075,53.025243076,-0.3836007999999998,15,15,25.0,60.0,False,NONE,-7.162679039527818,22,2,0,-0.5000000000000004,0.8660254037844384,5.950452283169935,0.1576,52.821299833400005,-9.99761118751492,-52.41116751269035,0.3861003861003816,-0.13208613429577548,False,0,24.7,NORMAL,No strong abnormal pattern is evident from the current prototype signals.
2023-09-06 23:00:00,REAL_DMA_01,1.0,3.8976277777777777,3.8976277777777777,5.66415,5.66415,0.046,53.025243076,-1.8125222222222226,15,15,15.0,60.0,False,NONE,-46.50321491847607,23,2,0,-0.25881904510252157,0.9659258262890681,4.389731699465591,0.0762,53.025243076,-11.210341665020712,-39.632545931758536,0.0,-0.09562648372977783,False,0,34.5,NORMAL,No strong abnormal pattern is evident from the current prototype signals.
2023-09-07 00:00:00,REAL_DMA_01,1.0,3.193408,3.193408,2.9034375,2.9034375,0.0279999999999999,53.025243076,0.2619705,15,15,20.0,52.0,False,NONE,8.20347728821372,0,3,0,0.0,1.0,3.668193972844386,0.058800000000000005,53.025243076,-12.94331696631158,-52.38095238095255,0.0,-0.12841538220239335,False,0,26.7,NORMAL,No strong abnormal pattern is evident from the current prototype signals.
2023-09-07 01:00:00,REAL_DMA_01,1.0,3.3168748214285717,3.3168748214285717,1.56252,1.56252,0.028,53.025243076,1.7263548214285718,15,15,28.0,59.0,False,NONE,52.04763261717046,1,3,0,0.25881904510252074,0.9659258262890683,3.5862234327555775,0.04883333333333333,53.19519577816667,-7.510647799209881,-42.66211604095563,-0.31948881789137673,-0.07329728834780747,False,1,58.9,MONITOR,Inlet volume significantly exceeds outlet volume plus metered consumption. Continued monitoring is recommended for this probable abnormality.
2023-09-07 02:00:00,REAL_DMA_01,1.0,3.1472420454545453,3.1472420454545453,1.56252,1.56252,0.022,53.025243076,1.5627220454545454,15,15,22.0,59.0,False,NONE,49.65369751943711,2,3,0,0.49999999999999994,0.8660254037844387,3.4641225057749385,0.03766666666666666,52.77031402275,-9.147495788388861,-41.592920353982294,0.483091787439618,-0.07341981965641531,False,2,59.8,MONITOR,Inlet volume significantly exceeds outlet volume plus metered consumption. Continued monitoring is recommended for this probable abnormality.
2023-09-07 03:00:00,REAL_DMA_01,1.0,4.565253737373737,4.565253737373737,4.4809875,4.4809875,0.063,53.025243076,0.021266237373737062,15,15,33.0,52.0,False,NONE,0.4658281575816842,3,3,0,0.7071067811865476,0.7071067811865476,4.741512648545093,0.08583333333333332,52.5153849695,-3.7173561316015893,-26.6019417475728,0.9708737864077761,-0.1393189500694232,False,2,19.6,NORMAL,No strong abnormal pattern is evident from the current prototype signals.
2023-09-07 04:00:00,REAL_DMA_01,1.0,11.38041730072464,11.38041730072464,7.583894210526315,7.583894210526315,0.1559999999999999,53.025243076,3.6405230901983243,15,15,46.0,38.0,False,NONE,31.98936378164724,4,3,0,0.8660254037844386,0.5000000000000001,9.380639252238824,0.1618333333333333,53.5351011825,21.318142556313948,-3.60453141091663,-0.952380952380948,-0.13491620333397925,False,2,30.7,NORMAL,"Inlet volume significantly exceeds outlet volume plus metered consumption. This may indicate unusual operation or potential water loss, but it is not a confirmed leak."
2023-09-07 05:00:00,REAL_DMA_01,1.0,16.626828272108842,16.626828272108842,12.36184277777778,12.36184277777778,0.292,52.005526863,3.9729854943310627,15,15,49.0,24.0,False,NONE,23.89502934240118,5,3,0,0.9659258262890683,0.25881904510252074,13.342875894021793,0.2048333333333333,51.325716054333334,24.612028202693594,42.55492270138325,1.3245033112582765,-0.0818227381898447,False,2,46.3,MONITOR,Metered consumption is substantially above the DMA's historical baseline. Continued monitoring is recommended for this probable abnormality.
2023-09-07 06:00:00,REAL_DMA_01,1.0,14.11799959404762,14.11799959404762,11.854279561403509,11.854279561403509,0.399,53.025243076,1.8647200326441107,15,15,60.0,38.0,False,NONE,13.208103741767404,6,3,0,1.0,6.123233995736766e-17,13.260337610203633,0.35933333333333334,51.4956687565,6.467874416591232,11.038961038961045,2.9702970297029703,-0.09962662735650313,False,2,31.3,NORMAL,No strong abnormal pattern is evident from the current prototype signals.
2023-09-07 07:00:00,REAL_DMA_01,1.0,14.0736598358396,14.0736598358396,11.9213653125,11.9213653125,0.283,53.025243076,1.8692945233395988,15,15,57.0,32.0,False,NONE,13.282220439770073,7,3,0,0.9659258262890683,-0.25881904510252063,12.560785484024317,0.15033333333333335,51.24073970325,12.044424719612175,88.24833702882479,3.482587064676622,-0.09609665473227608,False,3,42.8,MONITOR,Metered consumption is substantially above the DMA's historical baseline. Continued monitoring is recommended for this probable abnormality.
2023-09-07 08:00:00,REAL_DMA_01,1.0,12.708283964633807,12.708283964633807,11.051121911764705,11.051121911764705,0.319,53.025243076,1.3381620528691025,15,15,57.0,34.0,False,NONE,10.529840666081324,8,3,0,0.8660254037844387,-0.4999999999999998,12.72084643110796,0.25566666666666665,51.325716054333334,-0.09875495740151337,24.771838331160374,3.3112582781456985,-0.1260994768987463,False,3,25.9,NORMAL,No strong abnormal pattern is evident from the current prototype signals.
2023-09-07 09:00:00,REAL_DMA_01,1.0,13.815297605121293,13.815297605121293,10.503820114942528,10.503820114942528,0.325,53.025243076,2.986477490178765,15,15,53.0,29.0,False,NONE,21.61717811327992,9,3,0,0.7071067811865476,-0.7071067811865475,12.616591093423315,0.2976666666666667,51.83557416083334,9.501033225391849,9.182530795072784,2.2950819672131084,-0.13120266684981097,False,2,25.7,NORMAL,No strong abnormal pattern is evident from the current prototype signals.
2023-09-07 10:00:00,REAL_DMA_01,1.0,12.800420232264337,12.800420232264337,10.984372391304348,10.984372391304348,0.307,53.025243076,1.509047840959989,15,15,49.0,23.0,False,NONE,11.789049215402557,10,3,0,0.49999999999999994,-0.8660254037844387,11.45685852851157,0.32666666666666666,52.430408618416664,11.727138817409468,-6.020408163265306,1.1345218800648404,-0.1461925977949115,False,1,13.7,NORMAL,No strong abnormal pattern is evident from the current prototype signals.
2023-09-07 11:00:00,REAL_DMA_01,1.0,12.801977611859838,12.801977611859838,10.26429180952381,10.26429180952381,0.256,52.005526863,2.2816858023360282,15,15,53.0,35.0,False,NONE,17.822916673610326,11,3,0,0.258819045102521,-0.9659258262890682,12.28686894495842,0.32616666666666666,51.66562145866667,4.1923509496923534,-21.512519161982624,0.6578947368420975,-0.16227900069117074,False,1,10.2,NORMAL,No strong abnormal pattern is evident from the current prototype signals.
2023-09-07 12:00:00,REAL_DMA_01,1.0,12.301212847222224,12.301212847222224,10.320649545454543,10.320649545454543,0.262,49.96609443700001,1.7185633017676811,15,15,48.0,22.0,False,NONE,13.970681778388668,12,3,0,1.2246467991473532e-16,-1.0,11.41714730095611,0.30716666666666664,51.325716054333334,7.743313832800249,-14.704286489419417,-2.649006622516539,-0.11243219071763105,False,1,29.0,NORMAL,No strong abnormal pattern is evident from the current prototype signals.
2023-09-07 13:00:00,REAL_DMA_01,1.0,11.961741462121212,11.961741462121212,10.35172,10.35172,0.187,53.025243076,1.423021462121212,15,15,44.0,57.0,False,NONE,11.89644055280278,13,3,0,-0.2588190451025208,-0.9659258262890683,10.712984844518262,0.324,52.34543226733334,11.656477029760085,-42.283950617283956,1.2987012987012971,-0.14326559107680947,False,1,19.7,NORMAL,No strong abnormal pattern is evident from the current prototype signals.
2023-09-07 14:00:00,REAL_DMA_01,1.0,12.501705348837207,12.501705348837207,10.160164807692308,10.160164807692308,0.25,52.005526863,2.0915405411448997,15,15,43.0,52.0,False,NONE,16.730041884561256,14,3,0,-0.4999999999999997,-0.8660254037844388,10.675463062745074,0.2658333333333333,52.5153849695,17.106914007930037,-5.956112852664569,-0.9708737864077626,-0.1425306180601813,False,1,17.5,NORMAL,No strong abnormal pattern is evident from the current prototype signals.
2023-09-07 15:00:00,REAL_DMA_01,1.0,10.623849150537634,10.623849150537634,9.676038648648648,9.676038648648648,0.129,53.025243076,0.818810501888986,15,15,31.0,37.0,False,NONE,7.70728659910941,15,3,0,-0.7071067811865471,-0.7071067811865479,10.970704830290886,0.4466666666666666,52.855290373833334,-3.1616535593552717,-71.11940298507461,0.3215434083601316,-0.14009692308073457,False,1,23.8,NORMAL,No strong abnormal pattern is evident from the current prototype signals.
2023-09-07 16:00:00,REAL_DMA_01,1.0,11.117982189542484,11.117982189542484,7.648145789473685,7.648145789473685,0.408,53.025243076,3.0618364000687994,15,15,51.0,19.0,False,NONE,27.539497256514284,16,3,0,-0.8660254037844385,-0.5000000000000004,11.077125862711341,0.4463333333333333,52.855290373833334,0.36883508716531715,-8.588498879761016,0.3215434083601316,-0.16643276987916145,False,1,12.2,NORMAL,No strong abnormal pattern is evident from the current prototype signals.
2023-09-07 17:00:00,REAL_DMA_01,1.0,9.810534351851851,9.810534351851851,6.859961428571428,6.859961428571428,0.319,53.025243076,2.631572923280423,15,15,36.0,49.0,False,NONE,26.82395095822363,17,3,0,-0.9659258262890683,-0.25881904510252063,10.54564530839758,0.4096666666666667,53.025243076,-6.970753662275688,-22.131814483319772,0.0,-0.15594805399240996,False,1,18.3,NORMAL,No strong abnormal pattern is evident from the current prototype signals.
2023-09-07 18:00:00,REAL_DMA_01,1.0,10.10800451754386,10.10800451754386,7.899888510638298,7.899888510638298,0.354,53.025243076,1.8541160069055618,15,15,38.0,47.0,False,NONE,18.343046876240344,18,3,0,-1.0,-1.8369701987210297e-16,10.031533000688436,0.37633333333333335,53.025243076,0.7623113720522671,-5.934455270150585,0.0,-0.17811374798422774,False,1,4.3,NORMAL,No strong abnormal pattern is evident from the current prototype signals.
2023-09-07 19:00:00,REAL_DMA_01,1.0,10.000423392857144,10.000423392857144,7.81262,7.81262,0.31,53.025243076,1.8778033928571438,15,15,42.0,52.0,False,NONE,18.777238913688144,19,3,0,-0.9659258262890684,0.2588190451025203,9.738456971507462,0.285,53.025243076,2.690019806178088,8.771929824561413,0.0,-0.17807628665721698,False,1,5.3,NORMAL,No strong abnormal pattern is evident from the current prototype signals.
2023-09-07 20:00:00,REAL_DMA_01,1.0,9.99923734375,9.99923734375,7.81262,7.81262,0.13,50.985810650000005,2.05661734375,15,15,32.0,60.0,False,NONE,20.567742049202224,20,3,0,-0.8660254037844386,0.5000000000000001,9.777056855234127,0.2748333333333333,51.24073970325001,2.2724680014203766,-52.69860521528198,-0.49751243781094984,-0.13449491991574553,False,2,28.1,NORMAL,No strong abnormal pattern is evident from the current prototype signals.
2023-09-07 21:00:00,REAL_DMA_01,1.0,8.675262638888888,8.675262638888888,6.6294575,6.6294575,0.119,50.985810650000005,1.9268051388888885,15,15,36.0,52.0,False,NONE,22.210337820223852,21,3,0,-0.7071067811865477,0.7071067811865474,8.759209137207602,0.2535,51.66562145866667,-0.9583798834317508,-53.05719921104537,-1.3157894736842088,-0.12640539076776441,False,3,34.5,NORMAL,No strong abnormal pattern is evident from the current prototype signals.
2023-09-07 22:00:00,REAL_DMA_01,1.0,6.098375535714285,6.098375535714285,3.71099,3.71099,0.114,53.025243076,2.2733855357142856,15,15,28.0,60.0,False,NONE,37.27854282506088,22,3,0,-0.5000000000000004,0.8660254037844384,5.851301769308279,0.1438333333333333,52.855290373833334,4.222543566321906,-20.741599073001144,0.3215434083601316,-0.12648682673078765,False,4,39.8,NORMAL,"Inlet volume significantly exceeds outlet volume plus metered consumption; The abnormal pattern has persisted across multiple recent readings. This may indicate unusual operation or potential water loss, but it is not a confirmed leak."
2023-09-07 23:00:00,REAL_DMA_01,1.0,4.2547440740740745,4.2547440740740745,3.71099,3.71099,0.0569999999999999,54.044959289000005,0.48675407407407484,15,15,27.0,60.0,False,NONE,11.44026680805715,23,3,0,-0.25881904510252157,0.9659258262890681,4.307714379184289,0.07116666666666667,53.025243076,-1.2296614967365849,-19.906323185011857,1.9230769230769273,-0.10674407017444387,False,3,31.6,NORMAL,No strong abnormal pattern is evident from the current prototype signals.
2023-09-08 00:00:00,REAL_DMA_01,1.0,4.3731420454545455,4.3731420454545455,3.71099,3.71099,0.026,53.025243076,0.6361520454545457,15,15,22.0,60.0,False,NONE,14.546795847067525,0,4,0,0.0,1.0,3.5890629773703218,0.05366666666666665,53.025243076,21.84634465953875,-51.55279503105589,0.0,-0.12162949552215307,False,3,34.2,NORMAL,No strong abnormal pattern is evident from the current prototype signals.
2023-09-08 01:00:00,REAL_DMA_01,1.0,3.6887981818181816,3.6887981818181816,3.312989622641509,3.312989622641509,0.017,53.025243076,0.35880855917667265,15,15,22.0,53.0,False,NONE,9.72697722920202,1,4,0,0.25881904510252074,0.9659258262890683,3.5477450597088627,0.04585714285714286,53.17091682071429,3.975852823001159,-62.928348909657316,-0.27397260273972857,-0.1409033842336101,False,4,26.5,NORMAL,"The abnormal pattern has persisted across multiple recent readings. This may indicate unusual operation or potential water loss, but it is not a confirmed leak."
2023-09-08 02:00:00,REAL_DMA_01,1.0,4.021955789473684,4.021955789473684,2.5391,2.5391,0.016,53.025243076,1.466855789473684,15,15,19.0,60.0,False,NONE,36.471206205517184,2,4,0,0.49999999999999994,0.8660254037844387,3.418853868586311,0.03542857142857143,52.80673245892858,17.640470873262405,-54.83870967741935,0.41379310344826614,-0.10255220835652962,False,5,54.2,MONITOR,Inlet volume significantly exceeds outlet volume plus metered consumption; The abnormal pattern has persisted across multiple recent readings. Continued monitoring is recommended for this probable abnormality.
2023-09-08 03:00:00,REAL_DMA_01,1.0,5.453911250000001,5.453911250000001,2.5391,2.5391,0.045,52.005526863,2.869811250000001,15,15,18.0,58.0,False,NONE,52.619324342690774,3,4,0,0.7071067811865476,0.7071067811865476,4.716332804092042,0.08257142857142856,52.58822184185715,15.638812538165494,-45.50173010380622,-1.1080332409972402,-0.054147094349325964,False,6,68.5,MONITOR,Inlet volume significantly exceeds outlet volume plus metered consumption; The abnormal pattern has persisted across multiple recent readings. Continued monitoring is recommended for this probable abnormality.
2023-09-08 04:00:00,REAL_DMA_01,1.0,11.75612619512195,11.75612619512195,7.461053714285715,7.461053714285715,0.173,52.005526863,4.122072480836236,15,15,41.0,35.0,False,NONE,35.06318673702767,4,4,0,0.8660254037844386,0.5000000000000001,9.66632183059394,0.16099999999999998,53.462264310142864,21.619437063576477,7.45341614906833,-2.7247956403269873,-0.11536891843452451,False,6,46.9,MONITOR,Inlet volume significantly exceeds outlet volume plus metered consumption; The abnormal pattern has persisted across multiple recent readings. Continued monitoring is recommended for this probable abnormality.
2023-09-08 05:00:00,REAL_DMA_01,1.0,15.959362169000936,15.959362169000936,12.150512903225808,12.150512903225808,0.184,50.985810650000005,3.6248492657751283,15,15,51.0,31.0,False,NONE,22.712995841500135,5,4,0,0.9659258262890683,0.25881904510252074,13.812011948034229,0.21728571428571428,51.42283188414286,15.546976277213007,-15.318869165023008,-0.8498583569405039,-0.09909728992152284,False,5,41.8,MONITOR,The abnormal pattern has persisted across multiple recent readings. Continued monitoring is recommended for this probable abnormality.
2023-09-08 06:00:00,REAL_DMA_01,1.0,14.84473445414462,14.84473445414462,11.374074895833331,11.374074895833331,0.51,50.985810650000005,2.9606595583112885,15,15,54.0,32.0,False,NONE,19.944173251847413,6,4,0,1.0,6.123233995736766e-17,13.382860750752773,0.36500000000000005,51.71417937357143,10.923476905411407,39.72602739726026,-1.4084507042253513,-0.12317833561132563,False,4,35.3,NORMAL,"Metered consumption is substantially above the DMA's historical baseline; The abnormal pattern has persisted across multiple recent readings. This may indicate unusual operation or potential water loss, but it is not a confirmed leak."
2023-09-08 07:00:00,REAL_DMA_01,1.0,14.367458738505748,14.367458738505748,12.575526821428571,12.575526821428571,0.284,50.985810650000005,1.5079319170771768,15,15,58.0,28.0,False,NONE,10.495467184017857,7,4,0,0.9659258262890683,-0.25881904510252063,12.776910391426501,0.1692857142857143,51.4956687565,12.448614714763352,67.76371308016876,-0.9900990099009854,-0.12332405760169973,False,5,37.4,NORMAL,"Metered consumption is substantially above the DMA's historical baseline; The abnormal pattern has persisted across multiple recent readings. This may indicate unusual operation or potential water loss, but it is not a confirmed leak."
2023-09-08 08:00:00,REAL_DMA_01,1.0,13.487179335978835,13.487179335978835,12.323322444444443,12.323322444444443,0.136,50.985810650000005,1.027856891534392,15,15,54.0,30.0,False,NONE,7.620992247003403,8,4,0,0.8660254037844387,-0.4999999999999998,12.719051793040224,0.26471428571428574,51.568505628857146,6.039188733856129,-48.62385321100918,-1.1299435028248555,-0.1125722308486155,False,5,37.5,NORMAL,"The abnormal pattern has persisted across multiple recent readings. This may indicate unusual operation or potential water loss, but it is not a confirmed leak."
2023-09-08 09:00:00,REAL_DMA_01,1.0,14.053136089710886,14.053136089710886,12.193957469135803,12.193957469135803,0.172,52.005526863,1.687178620575083,15,15,56.0,27.0,False,NONE,12.005708973460836,9,4,0,0.7071067811865476,-0.7071067811865475,12.78783488080874,0.30157142857142855,52.005526863,9.89456949276878,-42.96541923259119,0.0,-0.13735374534915856,False,4,25.7,NORMAL,"The abnormal pattern has persisted across multiple recent readings. This may indicate unusual operation or potential water loss, but it is not a confirmed leak."
2023-09-08 10:00:00,REAL_DMA_01,1.0,12.042857916666666,12.042857916666666,10.334737391304348,10.334737391304348,0.314,53.025243076,1.3941205253623181,15,15,52.0,23.0,False,NONE,11.576326275783181,10,4,0,0.49999999999999994,-0.8660254037844387,11.648795914761964,0.32385714285714284,52.515384969500005,3.3828560890600388,-3.0436700485222716,0.9708737864077623,-0.16231896698458326,False,3,8.5,NORMAL,No strong abnormal pattern is evident from the current prototype signals.
2023-09-08 11:00:00,REAL_DMA_01,1.0,11.599904782679738,11.599904782679738,9.8478064,9.8478064,0.193,53.025243076,1.5590983826797387,15,15,51.0,25.0,False,NONE,13.440613624757406,11,4,0,0.258819045102521,-0.9659258262890682,12.360455897372907,0.31614285714285717,51.71417937357143,-6.153099214203062,-38.95164934478084,2.5352112676056295,-0.15213222809986066,False,2,16.0,NORMAL,No strong abnormal pattern is evident from the current prototype signals.
2023-09-08 12:00:00,REAL_DMA_01,1.0,12.426233199186992,12.426233199186992,10.372068125,10.372068125,0.203,52.005526863,1.8511650741869918,15,15,41.0,24.0,False,NONE,14.897234298710146,12,4,0,1.2246467991473532e-16,-1.0,11.543442378994127,0.3007142857142857,51.131484394714285,7.647552534236233,-32.49406175771971,1.7094017094017113,-0.14828220313710633,False,1,16.1,NORMAL,No strong abnormal pattern is evident from the current prototype signals.
2023-09-08 13:00:00,REAL_DMA_01,1.0,10.229198907801418,10.229198907801418,7.924427391304348,7.924427391304348,0.366,53.025243076,1.9387715164970705,15,15,47.0,46.0,False,NONE,18.9533074287806,13,4,0,-0.2588190451025208,-0.9659258262890683,10.89137864703297,0.3044285714285714,52.442548097142854,-6.079852337260752,20.225246363209777,1.1111111111111216,-0.1733527584501215,False,1,7.9,NORMAL,No strong abnormal pattern is evident from the current prototype signals.
2023-09-08 14:00:00,REAL_DMA_01,1.0,10.30769526422764,10.30769526422764,7.507440416666667,7.507440416666667,0.092,53.025243076,2.7082548475609722,15,15,41.0,48.0,False,NONE,26.2741066566048,14,4,0,-0.4999999999999997,-0.8660254037844388,10.936354817901092,0.26357142857142857,52.442548097142854,-5.748346356177434,-65.09485094850949,1.1111111111111216,-0.1402717348340366,False,2,30.9,NORMAL,No strong abnormal pattern is evident from the current prototype signals.
2023-09-08 15:00:00,REAL_DMA_01,1.0,10.155334364035088,10.155334364035088,7.468695869565217,7.468695869565217,0.1139999999999999,53.025243076,2.5726384944698717,15,15,38.0,46.0,False,NONE,25.33287829084997,15,4,0,-0.7071067811865471,-0.7071067811865479,10.921154018897564,0.4012857142857143,52.879569331285715,-7.012259451128787,-71.59131363474549,0.2754820936639144,-0.1395391458474753,False,2,31.8,NORMAL,No strong abnormal pattern is evident from the current prototype signals.
2023-09-08 16:00:00,REAL_DMA_01,1.0,9.526769824561404,9.526769824561404,7.42199,7.42199,0.469,52.005526863,1.635779824561404,15,15,38.0,60.0,False,NONE,17.170351070560397,16,4,0,-0.8660254037844385,-0.5000000000000004,11.082962480830076,0.44085714285714284,52.879569331285715,-14.041305823784752,6.383668178872326,-1.652892561983473,-0.15121903750367527,False,2,15.4,NORMAL,No strong abnormal pattern is evident from the current prototype signals.
2023-09-08 17:00:00,REAL_DMA_01,1.0,9.829209572649573,9.829209572649573,7.42199,7.42199,0.5720000000000001,53.025243076,1.8352195726495726,15,15,39.0,60.0,False,NONE,18.67107989798277,17,4,0,-0.9659258262890683,-0.25881904510252063,10.440629457462476,0.39671428571428574,53.025243076,-5.856159222046608,44.18437162405474,0.0,-0.16202614452541386,False,2,15.3,NORMAL,"Metered consumption is substantially above the DMA's historical baseline. This may indicate unusual operation or potential water loss, but it is not a confirmed leak."
2023-09-08 18:00:00,REAL_DMA_01,1.0,8.76677137037037,8.76677137037037,7.42199,7.42199,0.496,54.044959289000005,0.8487813703703693,15,15,45.0,60.0,False,NONE,9.681801138775572,18,4,0,-1.0,-1.8369701987210297e-16,10.042457503096355,0.37314285714285716,53.025243076,-12.702927867333843,32.92496171516079,1.9230769230769273,-0.12808509807744434,False,2,26.7,NORMAL,No strong abnormal pattern is evident from the current prototype signals.
2023-09-08 19:00:00,REAL_DMA_01,1.0,8.459635131944443,8.459635131944443,7.42199,7.42199,0.416,54.044959289000005,0.6216451319444434,15,15,48.0,58.0,False,NONE,7.348368129933265,19,4,0,-0.9659258262890684,0.2588190451025203,9.775880745985987,0.2885714285714286,53.025243076,-13.464215125394185,44.158415841584144,1.9230769230769273,-0.13404259307262806,False,2,25.4,NORMAL,"Metered consumption is substantially above the DMA's historical baseline. This may indicate unusual operation or potential water loss, but it is not a confirmed leak."
2023-09-08 20:00:00,REAL_DMA_01,1.0,8.989432596899226,8.989432596899226,7.42199,7.42199,0.2709999999999999,52.005526863,1.296442596899226,15,15,43.0,60.0,False,NONE,14.421851245054276,20,4,0,-0.8660254037844386,0.5000000000000001,9.808796925022108,0.2541428571428571,51.20432126707143,-8.353362133868778,6.632939853850453,1.5647226173541968,-0.15632040691190058,False,2,10.8,NORMAL,No strong abnormal pattern is evident from the current prototype signals.
2023-09-08 21:00:00,REAL_DMA_01,1.0,8.026753723958333,8.026753723958333,7.42199,7.42199,0.251,50.985810650000005,0.35376372395833255,15,15,32.0,58.0,False,NONE,4.407307563235872,21,4,0,-0.7071067811865477,0.7071067811865474,8.747216780304928,0.23428571428571426,51.568505628857146,-8.236483380276761,7.134146341463425,-1.1299435028248555,-0.13589939187460204,False,2,19.4,NORMAL,No strong abnormal pattern is evident from the current prototype signals.
2023-09-08 22:00:00,REAL_DMA_01,1.0,5.908293333333334,5.908293333333334,5.607807500000001,5.607807500000001,0.128,53.025243076,0.17248583333333312,15,15,21.0,52.0,False,NONE,2.9193850677691433,22,4,0,-0.5000000000000004,0.8660254037844384,5.886598021651994,0.13957142857142854,52.879569331285715,0.3685543263110592,-8.290685772773775,0.2754820936639144,-0.1448070967052108,False,1,13.0,NORMAL,No strong abnormal pattern is evident from the current prototype signals.
2023-09-08 23:00:00,REAL_DMA_01,1.0,4.403986153846153,4.403986153846153,3.32036,3.32036,0.139,53.025243076,0.9446261538461533,15,15,26.0,58.0,False,NONE,21.449344317787617,23,4,0,-0.25881904510252157,0.9659258262890681,4.300147192739972,0.06914285714285713,53.17091682071429,2.4147769006952697,101.03305785123973,-0.27397260273972857,-0.1362998185358249,False,1,29.4,NORMAL,"Metered consumption is substantially above the DMA's historical baseline. This may indicate unusual operation or potential water loss, but it is not a confirmed leak."
2023-09-09 00:00:00,REAL_DMA_01,1.0,3.53246171875,3.53246171875,3.32036,3.32036,0.052,53.025243076,0.16010171875000007,15,15,32.0,60.0,False,NONE,4.532298762084074,0,5,1,0.0,1.0,3.7010742728109247,0.049714285714285704,53.025243076,-4.555773314240065,4.597701149425305,0.0,-0.14868094588144615,False,1,11.9,NORMAL,No strong abnormal pattern is evident from the current prototype signals.
2023-09-09 01:00:00,REAL_DMA_01,1.0,3.2202635,3.2202635,3.32036,3.32036,0.095,52.005526863,-0.1950964999999998,15,15,20.0,60.0,False,NONE,-6.058401742590313,1,5,1,0.25881904510252074,0.9659258262890683,3.5653766999725276,0.04225,53.152707602625,-9.679571866142128,124.85207100591715,-2.158273381294964,-0.08594148823051806,False,2,44.1,MONITOR,Metered consumption is substantially above the DMA's historical baseline. Continued monitoring is recommended for this probable abnormality.
2023-09-09 02:00:00,REAL_DMA_01,1.0,3.4579715909090907,3.4579715909090907,3.32036,3.32036,0.034,53.025243076,0.1036115909090907,15,15,22.0,60.0,False,NONE,2.9963112242299106,2,5,1,0.49999999999999994,0.8660254037844387,3.4942416086972328,0.033,52.8340462860625,-1.037993986960299,3.030303030303033,0.3618817852834741,-0.1496311616032191,False,2,11.8,NORMAL,No strong abnormal pattern is evident from the current prototype signals.
2023-09-09 03:00:00,REAL_DMA_01,1.0,3.7197126785714287,3.7197126785714287,3.32036,3.32036,0.027,53.025243076,0.37235267857142873,15,15,28.0,60.0,False,NONE,10.010253768160188,3,5,1,0.7071067811865476,0.7071067811865476,4.808530109830537,0.07787499999999999,52.515384969500005,-22.643456657017385,-65.32905296950241,0.9708737864077623,-0.11136039521467256,False,3,39.1,NORMAL,No strong abnormal pattern is evident from the current prototype signals.
2023-09-09 04:00:00,REAL_DMA_01,1.0,4.890762741935483,4.890762741935483,3.32036,3.32036,0.18,55.06467550200001,1.3904027419354834,15,15,31.0,58.0,False,NONE,28.4291595258461,4,5,1,0.8660254037844386,0.5000000000000001,9.927547376159941,0.16249999999999998,53.280172129250005,-50.735437902012094,10.76923076923078,3.349282296650722,-0.037044184110191725,False,3,52.8,MONITOR,Inlet flow is substantially below the DMA's historical baseline. Continued monitoring is recommended for this probable abnormality.
2023-09-09 05:00:00,REAL_DMA_01,1.0,7.557497248062015,7.557497248062015,4.787732051282052,4.787732051282052,0.151,54.044959289000005,2.6187651967799637,15,15,43.0,39.0,False,NONE,34.65122263129503,5,5,1,0.9659258262890683,0.25881904510252074,14.080430725655066,0.21312499999999998,51.368204229875005,-46.32623535946258,-29.149560117302048,5.21091811414392,-0.04201849035706773,False,4,59.3,MONITOR,Inlet flow is substantially below the DMA's historical baseline; Inlet volume significantly exceeds outlet volume plus metered consumption; The abnormal pattern has persisted across multiple recent readings. Continued monitoring is recommended for this probable abnormality.
2023-09-09 06:00:00,REAL_DMA_01,1.0,10.769328913022353,10.769328913022353,8.66201465116279,8.66201465116279,0.244,52.005526863,1.8633142618595622,15,15,49.0,43.0,False,NONE,17.302046180486037,6,5,1,1.0,6.123233995736766e-17,13.565594963676755,0.383125,51.623133283125,-20.612925995075678,-36.313213703099514,0.7407407407407408,-0.15252777497902892,False,4,21.3,NORMAL,"The abnormal pattern has persisted across multiple recent readings. This may indicate unusual operation or potential water loss, but it is not a confirmed leak."
2023-09-09 07:00:00,REAL_DMA_01,1.0,12.486627261904763,12.486627261904763,10.969166774193548,10.969166774193548,0.213,52.005526863,1.3044604877112151,15,15,42.0,31.0,False,NONE,10.446860151667787,7,5,1,0.9659258262890683,-0.25881904510252063,12.975728934811407,0.18362499999999998,51.43193649318751,-3.7693579710537684,15.997277059223968,1.1152416356877184,-0.143590003033563,False,3,17.4,NORMAL,No strong abnormal pattern is evident from the current prototype signals.
2023-09-09 08:00:00,REAL_DMA_01,1.0,11.915600436507937,11.915600436507937,11.044627142857143,11.044627142857143,0.359,50.985810650000005,0.5119732936507937,15,15,42.0,42.0,False,NONE,4.296663826374795,8,5,1,0.8660254037844387,-0.4999999999999998,12.81506773590755,0.24862499999999998,51.4956687565,-7.01882594720374,44.394167923579694,-0.9900990099009854,-0.13128709427744112,False,3,27.9,NORMAL,"Metered consumption is substantially above the DMA's historical baseline. This may indicate unusual operation or potential water loss, but it is not a confirmed leak."
2023-09-09 09:00:00,REAL_DMA_01,1.0,11.979681326530612,11.979681326530612,8.447395,8.447395,0.486,52.005526863,3.0462863265306117,15,15,49.0,32.0,False,NONE,25.42877597072805,9,5,1,0.7071067811865476,-0.7071067811865475,12.945997531921508,0.285375,52.005526863,-7.464208169422314,70.30223390275953,0.0,-0.15685478419590498,False,3,26.2,NORMAL,"Metered consumption is substantially above the DMA's historical baseline. This may indicate unusual operation or potential water loss, but it is not a confirmed leak."
2023-09-09 10:00:00,REAL_DMA_01,1.0,10.479670138888888,10.479670138888888,7.58758152173913,7.58758152173913,0.895,53.025243076,1.9970886171497582,15,15,36.0,46.0,False,NONE,19.05678891302871,10,5,1,0.49999999999999994,-0.8660254037844387,11.698053665000051,0.322625,52.5791172328125,-10.41526702648408,177.41185586981794,0.848484848484853,-0.09508413366481122,False,4,46.5,MONITOR,Metered consumption is substantially above the DMA's historical baseline; The abnormal pattern has persisted across multiple recent readings. Continued monitoring is recommended for this probable abnormality.
2023-09-09 11:00:00,REAL_DMA_01,1.0,10.45162964539007,10.45162964539007,8.433036862745098,8.433036862745098,0.473,53.025243076,1.545592782644973,15,15,47.0,51.0,False,NONE,14.788055404610438,11,5,1,0.258819045102521,-0.9659258262890682,12.26538700803626,0.30074999999999996,51.878062336375,-14.787608099588043,57.273482959268506,2.211302211302211,-0.1464433832309941,False,4,24.6,NORMAL,"Metered consumption is substantially above the DMA's historical baseline; The abnormal pattern has persisted across multiple recent readings. This may indicate unusual operation or potential water loss, but it is not a confirmed leak."
2023-09-09 12:00:00,REAL_DMA_01,1.0,10.147109455555556,10.147109455555556,8.821750555555555,8.821750555555555,0.434,53.025243076,0.8913589000000013,15,15,45.0,36.0,False,NONE,8.78436271831069,12,5,1,1.2246467991473532e-16,-1.0,11.653791231518234,0.2885,51.24073970325,-12.928683430399756,50.43327556325824,3.482587064676622,-0.1282327181593172,False,4,31.5,NORMAL,"Metered consumption is substantially above the DMA's historical baseline; The abnormal pattern has persisted across multiple recent readings. This may indicate unusual operation or potential water loss, but it is not a confirmed leak."
2023-09-09 13:00:00,REAL_DMA_01,1.0,9.631140398550723,9.631140398550723,8.477447307692307,8.477447307692307,0.177,53.025243076,0.9766930908584164,15,15,46.0,52.0,False,NONE,10.14099110221036,13,5,1,-0.2588190451025208,-0.9659258262890683,10.808606179629027,0.312125,52.515384969500005,-10.893780025934085,-43.29195034040849,0.9708737864077623,-0.1520404374747948,False,3,18.5,NORMAL,No strong abnormal pattern is evident from the current prototype signals.
2023-09-09 14:00:00,REAL_DMA_01,1.0,10.395785894308943,10.395785894308943,8.39857,8.39857,0.536,53.025243076,1.461215894308944,15,15,41.0,60.0,False,NONE,14.055848294344637,14,5,1,-0.4999999999999997,-0.8660254037844388,10.857772373691912,0.24212499999999998,52.515384969500005,-4.254891919657011,121.3732576148684,0.9708737864077623,-0.15872762775765564,False,4,20.6,NORMAL,"Metered consumption is substantially above the DMA's historical baseline; The abnormal pattern has persisted across multiple recent readings. This may indicate unusual operation or potential water loss, but it is not a confirmed leak."
2023-09-09 15:00:00,REAL_DMA_01,1.0,10.51448375,10.51448375,8.39857,8.39857,0.219,53.025243076,1.8969137500000006,15,15,48.0,58.0,False,NONE,18.040959452716834,15,5,1,-0.7071067811865471,-0.7071067811865479,10.825426562039755,0.365375,52.897778549375005,-2.8723377342940157,-40.06158056790968,0.24096385542168225,-0.1774408927687583,False,4,12.9,NORMAL,"The abnormal pattern has persisted across multiple recent readings. This may indicate unusual operation or potential water loss, but it is not a confirmed leak."
2023-09-09 16:00:00,REAL_DMA_01,1.0,11.264646279761903,11.264646279761903,8.916578260869565,8.916578260869565,0.356,53.025243076,1.992068018892338,15,15,56.0,23.0,False,NONE,17.684248305881503,16,5,1,-0.8660254037844385,-0.5000000000000004,10.888438398796492,0.444375,52.77031402275,3.455113278750737,-19.887482419128,0.483091787439618,-0.17334858065846986,False,4,10.6,NORMAL,"The abnormal pattern has persisted across multiple recent readings. This may indicate unusual operation or potential water loss, but it is not a confirmed leak."
2023-09-09 17:00:00,REAL_DMA_01,1.0,9.831001391666666,9.831001391666666,6.870763111111111,6.870763111111111,0.33,55.06467550200001,2.630238280555555,15,15,40.0,45.0,False,NONE,26.754530650205172,17,5,1,-0.9659258262890683,-0.25881904510252063,10.364201971860863,0.418625,53.025243076,-5.144637104157695,-21.17049865631532,3.8461538461538547,-0.0848197670084202,False,3,43.4,MONITOR,No strong abnormal pattern is evident from the current prototype signals.
2023-09-09 18:00:00,REAL_DMA_01,1.0,8.827234438405796,8.827234438405796,6.83604,6.83604,0.273,54.044959289000005,1.718194438405796,15,15,46.0,60.0,False,NONE,19.46469701688475,18,5,1,-1.0,-1.8369701987210297e-16,9.882996736505605,0.3885,53.152707602625,-10.682613039828869,-29.729729729729726,1.6786570743405367,-0.1326592919803955,False,2,26.6,NORMAL,No strong abnormal pattern is evident from the current prototype signals.
2023-09-09 19:00:00,REAL_DMA_01,1.0,8.555961294326242,8.555961294326242,6.83604,6.83604,0.374,54.044959289000005,1.3459212943262417,15,15,47.0,59.0,False,NONE,15.730801578295702,19,5,1,-0.9659258262890684,0.2588190451025203,9.611350044230795,0.3045,53.152707602625,-10.980650429416517,22.824302134646963,1.6786570743405367,-0.137933614510443,False,1,19.5,NORMAL,No strong abnormal pattern is evident from the current prototype signals.
2023-09-09 20:00:00,REAL_DMA_01,1.0,8.630908791666666,8.630908791666666,6.83604,6.83604,0.367,52.005526863,1.4278687916666666,15,15,40.0,60.0,False,NONE,16.543666792601325,20,5,1,-0.8660254037844386,0.5000000000000001,9.706376384006749,0.25625,51.3044719665625,-11.080011219347897,43.219512195121965,1.3664596273291878,-0.15279887493519945,False,1,16.7,NORMAL,"Metered consumption is substantially above the DMA's historical baseline. This may indicate unusual operation or potential water loss, but it is not a confirmed leak."
2023-09-09 21:00:00,REAL_DMA_01,1.0,7.332468333333333,7.332468333333333,6.83604,6.83604,0.316,52.005526863,0.18042833333333325,15,15,34.0,60.0,False,NONE,2.4606766116275978,21,5,1,-0.7071067811865477,0.7071067811865474,8.657158898261605,0.236375,51.4956687565,-15.301677842534176,33.685880486515074,0.9900990099009854,-0.13399400173637876,False,1,23.2,NORMAL,No strong abnormal pattern is evident from the current prototype signals.
2023-09-09 22:00:00,REAL_DMA_01,1.0,6.626774714285714,6.626774714285714,6.83604,6.83604,0.161,52.005526863,-0.3702652857142854,15,15,35.0,60.0,False,NONE,-5.587413208963985,22,5,1,-0.5000000000000004,0.8660254037844384,5.889309935612162,0.138125,52.897778549375005,12.522091496902974,16.561085972850684,-1.686746987951816,-0.11620257989537475,False,0,27.1,NORMAL,No strong abnormal pattern is evident from the current prototype signals.
2023-09-09 23:00:00,REAL_DMA_01,1.0,5.2843688095238095,5.2843688095238095,4.78523,4.78523,0.1699999999999999,52.005526863,0.32913880952380925,15,15,21.0,51.0,False,NONE,6.228535921463607,23,5,1,-0.25881904510252157,0.9659258262890681,4.3131270628782445,0.07787499999999999,53.152707602625,22.518273458826275,118.29855537720697,-2.158273381294964,-0.09148436336179327,False,1,43.7,MONITOR,Metered consumption is substantially above the DMA's historical baseline. Continued monitoring is recommended for this probable abnormality.
2023-09-10 00:00:00,REAL_DMA_01,1.0,3.8643657692307696,3.8643657692307696,2.73442,2.73442,0.006,53.025243076,1.1239457692307695,15,15,26.0,60.0,False,NONE,29.08487023096934,0,6,1,0.0,1.0,3.679997703553309,0.04999999999999999,53.025243076,5.010004911129142,-88.0,0.0,-0.10553303557389276,False,2,46.5,MONITOR,No strong abnormal pattern is evident from the current prototype signals.
2023-09-10 01:00:00,REAL_DMA_01,1.0,3.908187307692308,3.908187307692308,2.73442,2.73442,0.108,53.025243076,1.0657673076923078,15,15,26.0,60.0,False,NONE,27.270118440705392,1,6,1,0.25881904510252074,0.9659258262890683,3.527030788864469,0.04811111111111111,53.025243076,10.806725022963365,124.48036951501153,0.0,-0.12167057223873812,False,3,42.8,MONITOR,Metered consumption is substantially above the DMA's historical baseline. Continued monitoring is recommended for this probable abnormality.
2023-09-10 02:00:00,REAL_DMA_01,1.0,3.2078445652173917,3.2078445652173917,2.73442,2.73442,0.0499999999999999,53.025243076,0.42342456521739175,15,15,23.0,60.0,False,NONE,13.199659665826008,2,6,1,0.49999999999999994,0.8660254037844387,3.4902116067207722,0.03311111111111111,52.855290373833334,-8.090255644089112,51.00671140939566,0.3215434083601316,-0.134334384587335,False,3,26.6,NORMAL,"Metered consumption is substantially above the DMA's historical baseline. This may indicate unusual operation or potential water loss, but it is not a confirmed leak."
2023-09-10 03:00:00,REAL_DMA_01,1.0,3.3662468783783783,3.3662468783783783,2.73442,2.73442,0.032,53.025243076,0.5998268783783782,15,15,37.0,60.0,False,NONE,17.81886177841278,3,6,1,0.7071067811865476,0.7071067811865476,4.687550395246192,0.07222222222222222,52.57203587022222,-28.18750531637577,-55.692307692307686,0.8620689655172449,-0.10546138651721365,False,4,43.2,MONITOR,The abnormal pattern has persisted across multiple recent readings. Continued monitoring is recommended for this probable abnormality.
2023-09-10 04:00:00,REAL_DMA_01,1.0,4.191145166666667,4.191145166666667,2.73442,2.73442,0.106,55.06467550200001,1.3507251666666666,15,15,30.0,60.0,False,NONE,32.22806924964939,4,6,1,0.8660254037844386,0.5000000000000001,9.367904639023891,0.16444444444444442,53.47845028177778,-55.26059104820934,-35.54054054054053,2.9661016949152597,-0.01347800503728347,False,5,62.2,MONITOR,Inlet flow is substantially below the DMA's historical baseline; Inlet volume significantly exceeds outlet volume plus metered consumption; The abnormal pattern has persisted across multiple recent readings. Continued monitoring is recommended for this probable abnormality.
2023-09-10 05:00:00,REAL_DMA_01,1.0,6.251808859649123,6.251808859649123,3.1304744444444443,3.1304744444444443,0.108,55.06467550200001,3.0133344152046786,15,15,38.0,36.0,False,NONE,48.199400891053465,5,6,1,0.9659258262890683,0.25881904510252074,13.35566033925584,0.2062222222222222,51.66562145866667,-53.189818392779934,-47.62931034482758,6.5789473684210575,0.038109869220304904,True,6,74.8,HIGH RISK,Inlet flow is substantially below the DMA's historical baseline; Inlet volume significantly exceeds outlet volume plus metered consumption; The abnormal pattern has persisted across multiple recent readings. This anomalous behaviour is recommended for human inspection.
2023-09-10 06:00:00,REAL_DMA_01,1.0,9.159915319148936,9.159915319148936,7.035601739130435,7.035601739130435,0.153,53.025243076,1.9713135800185015,15,15,47.0,46.0,False,NONE,21.52108956616053,6,6,1,1.0,6.123233995736766e-17,13.254898735826266,0.3676666666666667,51.665621458666664,-30.894113174996374,-58.38621940163192,2.631578947368432,-0.10863243042160947,False,7,48.7,MONITOR,The abnormal pattern has persisted across multiple recent readings. Continued monitoring is recommended for this probable abnormality.
2023-09-10 07:00:00,REAL_DMA_01,1.0,12.118364454545455,12.118364454545455,11.061960606060609,11.061960606060609,0.226,53.025243076,0.8304038484848464,15,15,44.0,33.0,False,NONE,6.852441611238815,7,6,1,0.9659258262890683,-0.25881904510252063,12.921384304488447,0.18688888888888888,51.49566875650001,-6.2146580507171345,20.92746730083235,2.970297029702956,-0.11485949546798607,False,6,34.0,NORMAL,"The abnormal pattern has persisted across multiple recent readings. This may indicate unusual operation or potential water loss, but it is not a confirmed leak."
2023-09-10 08:00:00,REAL_DMA_01,1.0,11.89381228723404,11.89381228723404,9.379210208333332,9.379210208333332,0.354,54.044959289000005,2.160602078900708,15,15,47.0,24.0,False,NONE,18.165765750479707,8,6,1,0.8660254037844387,-0.4999999999999998,12.71512692486315,0.2608888888888889,51.439017855777784,-6.45935068114115,35.68994889267461,5.06607929515418,-0.09589292605548227,False,5,41.3,MONITOR,Metered consumption is substantially above the DMA's historical baseline; The abnormal pattern has persisted across multiple recent readings. Continued monitoring is recommended for this probable abnormality.
2023-09-10 09:00:00,REAL_DMA_01,1.0,11.248843078231294,11.248843078231294,8.052689895833334,8.052689895833334,0.41,54.044959289000005,2.7861531823979604,15,15,49.0,48.0,False,NONE,24.76835318104588,9,6,1,0.7071067811865476,-0.7071067811865475,12.838629064655853,0.3076666666666667,52.005526863,-12.382832921009966,33.261105092090986,3.9215686274509896,-0.12130745751968225,False,4,37.4,NORMAL,"The abnormal pattern has persisted across multiple recent readings. This may indicate unusual operation or potential water loss, but it is not a confirmed leak."
2023-09-10 10:00:00,REAL_DMA_01,1.0,11.512310453703703,11.512310453703703,8.247027068965517,8.247027068965517,0.412,54.044959289000005,2.8532833847381864,15,15,54.0,29.0,False,NONE,24.7846285609874,10,6,1,0.49999999999999994,-0.8660254037844387,11.562677717654367,0.38622222222222224,52.62868677094445,-0.435602074022705,6.674338319907928,2.6910656620021554,-0.13281192929431168,False,4,27.5,NORMAL,"The abnormal pattern has persisted across multiple recent readings. This may indicate unusual operation or potential water loss, but it is not a confirmed leak."
2023-09-10 11:00:00,REAL_DMA_01,1.0,11.044046964814816,11.044046964814816,8.456011078431372,8.456011078431372,0.3359999999999999,52.515384969500005,2.2520358863834447,15,15,45.0,34.0,False,NONE,20.39140084751719,11,6,1,0.258819045102521,-0.9659258262890682,12.063858412186685,0.3198888888888889,52.005526863,-8.453443438474658,5.036470996873886,0.9803921568627543,-0.1715642180884958,False,3,10.1,NORMAL,No strong abnormal pattern is evident from the current prototype signals.
2023-09-10 12:00:00,REAL_DMA_01,1.0,10.20594144927536,10.20594144927536,8.00793,8.00793,0.295,52.005526863,1.9030114492753594,15,15,46.0,60.0,False,NONE,18.646113724378427,12,6,1,1.2246467991473532e-16,-1.0,11.48638214530016,0.30466666666666664,51.439017855777784,-11.14746732110697,-3.1728665207877436,1.1013215859030707,-0.16597316968770592,False,2,9.4,NORMAL,No strong abnormal pattern is evident from the current prototype signals.
2023-09-10 13:00:00,REAL_DMA_01,1.0,10.015083205128205,10.015083205128205,8.00793,8.00793,0.302,52.515384969500005,1.7051532051282048,15,15,52.0,59.0,False,NONE,17.02585161005037,13,6,1,-0.2588190451025208,-0.9659258262890683,10.677776648398103,0.2971111111111111,52.57203587022222,-6.20628680568362,1.6454749439042626,-0.10775862068964717,-0.1722649078072741,False,1,4.8,NORMAL,No strong abnormal pattern is evident from the current prototype signals.
2023-09-10 14:00:00,REAL_DMA_01,1.0,10.97332007936508,10.97332007936508,8.00793,8.00793,0.395,52.005526863,2.570390079365079,15,15,42.0,59.0,False,NONE,23.423996208755472,14,6,1,-0.4999999999999997,-0.8660254037844388,10.80644054264936,0.2747777777777778,52.57203587022222,1.5442599814166538,43.75252729478367,-1.0775862068965527,-0.16944655545956316,False,0,13.5,NORMAL,"Metered consumption is substantially above the DMA's historical baseline. This may indicate unusual operation or potential water loss, but it is not a confirmed leak."
2023-09-10 15:00:00,REAL_DMA_01,1.0,10.753864268292682,10.753864268292682,7.546503250000001,7.546503250000001,0.3949999999999999,53.025243076,2.8123610182926817,15,15,41.0,40.0,False,NONE,26.15209703348042,15,6,1,-0.7071067811865471,-0.7071067811865479,10.790877360702005,0.3491111111111111,52.91194127455556,-0.34300354986997017,13.144493952896221,0.21413276231263134,-0.17356967780784194,False,0,9.0,NORMAL,No strong abnormal pattern is evident from the current prototype signals.
2023-09-10 16:00:00,REAL_DMA_01,1.0,10.6791991,10.6791991,7.998169250000001,7.998169250000001,0.2239999999999999,53.025243076,2.457029849999999,15,15,50.0,20.0,False,NONE,23.00762282819504,16,6,1,-0.8660254037844385,-0.5000000000000004,10.930239274459316,0.4345555555555556,52.798639473111116,-2.296749120999771,-48.45308105343904,0.42918454935621814,-0.16611704898899876,False,0,14.2,NORMAL,No strong abnormal pattern is evident from the current prototype signals.
2023-09-10 17:00:00,REAL_DMA_01,1.0,10.967013333333334,10.967013333333334,7.320571730769231,7.320571730769231,0.305,53.025243076,3.3414416025641027,15,15,33.0,52.0,False,NONE,30.468109238164836,17,6,1,-0.9659258262890683,-0.25881904510252063,10.304957462950396,0.40877777777777774,53.25184667888889,6.424634674749891,-25.387333514541986,-0.4255319148936121,-0.15791471430693926,False,0,18.7,NORMAL,"Inlet volume significantly exceeds outlet volume plus metered consumption. This may indicate unusual operation or potential water loss, but it is not a confirmed leak."
2023-09-10 18:00:00,REAL_DMA_01,1.0,11.139764912037036,11.139764912037036,8.13000375,8.13000375,0.276,53.025243076,2.7337611620370357,15,15,36.0,40.0,False,NONE,24.540564218577714,18,6,1,-1.0,-1.8369701987210297e-16,9.765689814494515,0.3756666666666667,53.25184667888889,14.070435613294615,-26.53061224489796,-0.4255319148936121,-0.1590590484950215,False,0,15.9,NORMAL,No strong abnormal pattern is evident from the current prototype signals.
2023-09-10 19:00:00,REAL_DMA_01,1.0,11.330549627659574,11.330549627659574,8.316323684210527,8.316323684210527,0.4679999999999999,52.005526863,2.5462259434490466,15,15,47.0,38.0,False,NONE,22.47221915195823,19,6,1,-0.9659258262890684,0.2588190451025203,9.494084627574733,0.31222222222222223,53.25184667888889,19.34325500692284,49.89323843416366,-2.340425531914893,-0.13999653574818638,False,0,27.4,NORMAL,"Metered consumption is substantially above the DMA's historical baseline. This may indicate unusual operation or potential water loss, but it is not a confirmed leak."
2023-09-10 20:00:00,REAL_DMA_01,1.0,10.35078969047619,10.35078969047619,8.00793,8.00793,0.308,49.96609443700001,2.034859690476191,15,15,35.0,60.0,False,NONE,19.658980148620685,20,6,1,-0.8660254037844386,0.5000000000000001,9.58687998485785,0.26855555555555555,51.38236695505556,7.9682827658728375,14.687629292511382,-2.756339581036372,-0.11790466431859681,False,0,29.1,NORMAL,No strong abnormal pattern is evident from the current prototype signals.
2023-09-10 21:00:00,REAL_DMA_01,1.0,8.153968333333333,8.153968333333333,8.00793,8.00793,0.291,50.985810650000005,-0.1449616666666667,15,15,36.0,60.0,False,NONE,-1.7778051218823723,21,6,1,-0.7071067811865477,0.7071067811865474,8.509971057714019,0.2452222222222222,51.55231965722223,-4.183359989902435,18.66787494336203,-1.0989010989010999,-0.13741540060050256,False,0,17.1,NORMAL,No strong abnormal pattern is evident from the current prototype signals.
2023-09-10 22:00:00,REAL_DMA_01,1.0,5.568751574074074,5.568751574074074,4.587916530612245,4.587916530612245,0.169,53.025243076,0.8118350434618296,15,15,36.0,49.0,False,NONE,14.578402944771598,22,6,1,-0.5000000000000004,0.8660254037844384,5.971250466575889,0.14066666666666666,52.798639473111116,-6.740613122072254,20.14218009478674,0.42918454935621814,-0.14937305328379008,False,0,12.4,NORMAL,No strong abnormal pattern is evident from the current prototype signals.
2023-09-10 23:00:00,REAL_DMA_01,1.0,4.178623076923077,4.178623076923077,3.7109899999999993,3.7109899999999993,0.089,54.044959289000005,0.37863307692307746,15,15,26.0,54.0,False,NONE,9.061192406037335,23,6,1,-0.25881904510252157,0.9659258262890681,4.421042812505529,0.08811111111111108,53.025243076,-5.483315721275872,1.0088272383354608,1.9230769230769273,-0.10695684484406776,False,0,25.8,NORMAL,No strong abnormal pattern is evident from the current prototype signals.
2023-09-11 00:00:00,REAL_DMA_01,1.0,3.2817064583333333,3.2817064583333333,3.71099,3.71099,0.082,53.5351011825,-0.5112835416666665,15,15,24.0,56.0,False,NONE,-15.579807278873137,0,0,0,0.0,1.0,3.7004830441841383,0.0451111111111111,53.025243076,-11.316808666613808,81.77339901477836,0.9615384615384571,-0.10235586979688166,False,1,38.9,NORMAL,"Metered consumption is substantially above the DMA's historical baseline. This may indicate unusual operation or potential water loss, but it is not a confirmed leak."
2023-09-11 01:00:00,REAL_DMA_01,1.0,3.6394501162790696,3.6394501162790696,3.71099,3.71099,0.04,53.025243076,-0.11153988372093024,15,15,43.0,60.0,False,NONE,-3.0647455015805325,1,0,0,0.25881904510252074,0.9659258262890683,3.5651464407472533,0.0541,53.025243076,2.08416896098782,-26.062846580406656,0.0,-0.15382157439856636,False,1,11.9,NORMAL,No strong abnormal pattern is evident from the current prototype signals.
2023-09-11 02:00:00,REAL_DMA_01,1.0,3.788542647058824,3.788542647058824,3.71099,3.71099,0.056,53.025243076,0.02155264705882414,15,15,34.0,58.0,False,NONE,0.5688901793294106,2,0,0,0.49999999999999994,0.8660254037844387,3.4619749025704345,0.034799999999999984,52.872285644049995,9.432989945880909,60.919540229885136,0.28929604628738087,-0.14765578020966924,False,2,21.6,NORMAL,"Metered consumption is substantially above the DMA's historical baseline. This may indicate unusual operation or potential water loss, but it is not a confirmed leak."
2023-09-11 03:00:00,REAL_DMA_01,1.0,5.716825424242424,5.716825424242424,4.524805697674418,4.524805697674418,0.068,52.005526863,1.1240197265680059,15,15,33.0,43.0,False,NONE,19.6616066287691,3,0,0,0.7071067811865476,0.7071067811865476,4.55542004355941,0.0682,52.6173565908,25.49502284262555,-0.29325513196479747,-1.1627906976744187,-0.11467219101408876,False,2,32.2,NORMAL,No strong abnormal pattern is evident from the current prototype signals.
2023-09-11 04:00:00,REAL_DMA_01,1.0,10.81118808008658,10.81118808008658,9.310038666666664,9.310038666666664,0.195,52.005526863,1.3061494134199167,15,15,55.0,30.0,False,NONE,12.081460462479129,4,0,0,0.8660254037844386,0.5000000000000001,8.850228691788168,0.1586,53.6370728038,22.157160640582337,22.95081967213116,-3.0418250950570385,-0.1277421966803004,False,2,28.3,NORMAL,No strong abnormal pattern is evident from the current prototype signals.
2023-09-11 05:00:00,REAL_DMA_01,1.0,15.170044880485529,15.170044880485529,12.005983686868689,12.005983686868689,0.209,49.96609443700001,2.95506119361684,15,15,51.0,33.0,False,NONE,19.47958108824172,5,0,0,0.9659258262890683,0.25881904510252074,12.645275191295168,0.1964,52.005526863,19.966111065169837,6.415478615071284,-3.9215686274509625,-0.06253443939380154,False,2,42.4,MONITOR,No strong abnormal pattern is evident from the current prototype signals.
2023-09-11 06:00:00,REAL_DMA_01,1.0,14.779413710526317,14.779413710526317,12.559121666666666,12.559121666666666,0.514,52.005526863,1.7062920438596507,15,15,57.0,29.0,False,NONE,11.54505907527564,6,0,0,1.0,6.123233995736766e-17,12.845400394158531,0.3462,51.8015836204,15.056076548982322,48.46909300982091,0.3937007874015702,-0.10566087447830791,False,2,36.2,NORMAL,"Metered consumption is substantially above the DMA's historical baseline. This may indicate unusual operation or potential water loss, but it is not a confirmed leak."
2023-09-11 07:00:00,REAL_DMA_01,1.0,13.733666078391735,13.733666078391735,11.5589733908046,11.5589733908046,0.269,50.985810650000005,1.9056926875871358,15,15,53.0,29.0,False,NONE,13.876066861604514,7,0,0,0.9659258262890683,-0.25881904510252063,12.841082319494149,0.1908,51.648626188449995,6.951000987997313,40.985324947589106,-1.2833168805527952,-0.14104511948221204,False,2,21.7,NORMAL,"Metered consumption is substantially above the DMA's historical baseline. This may indicate unusual operation or potential water loss, but it is not a confirmed leak."
2023-09-11 08:00:00,REAL_DMA_01,1.0,14.334347728835978,14.334347728835978,12.050033095238094,12.050033095238094,0.152,50.985810650000005,2.1323146335978835,15,15,54.0,35.0,False,NONE,14.875560952859892,8,0,0,0.8660254037844387,-0.4999999999999998,12.63299546110024,0.2702,51.6996119991,13.46752852856295,-43.74537379718727,-1.380670611439833,-0.13139392097527863,False,1,26.3,NORMAL,No strong abnormal pattern is evident from the current prototype signals.
2023-09-11 09:00:00,REAL_DMA_01,1.0,12.99236057355442,12.99236057355442,10.257318,10.257318,0.287,50.985810650000005,2.44804257355442,15,15,56.0,30.0,False,NONE,18.84216928629075,9,0,0,0.7071067811865476,-0.7071067811865475,12.679650466013396,0.31789999999999996,52.209470105600005,2.466236024243839,-9.720037747719404,-2.3437499999999996,-0.14343296251349053,False,1,17.4,NORMAL,No strong abnormal pattern is evident from the current prototype signals.
2023-09-11 10:00:00,REAL_DMA_01,1.0,11.656434009433962,11.656434009433962,8.695157037037037,8.695157037037037,0.211,52.005526863,2.7502769723969256,15,15,53.0,27.0,False,NONE,23.594496997718426,10,0,0,0.49999999999999994,-0.8660254037844387,11.557640991259301,0.3888,52.77031402275001,0.8547853169117711,-45.73045267489712,-1.4492753623188537,-0.1609563597544209,False,0,16.2,NORMAL,No strong abnormal pattern is evident from the current prototype signals.
2023-09-11 11:00:00,REAL_DMA_01,1.0,13.415874273809523,13.415874273809523,11.662542916666666,11.662542916666666,0.492,50.985810650000005,1.2613313571428568,15,15,54.0,28.0,False,NONE,9.401782779115846,11,0,0,0.258819045102521,-0.9659258262890682,11.961877267449498,0.3215,52.056512673650005,12.155257689498471,53.03265940902021,-2.056807051909892,-0.10191459013475673,False,1,37.1,NORMAL,"Metered consumption is substantially above the DMA's historical baseline. This may indicate unusual operation or potential water loss, but it is not a confirmed leak."
2023-09-11 12:00:00,REAL_DMA_01,1.0,12.975892703279424,12.975892703279424,12.016909871794873,12.016909871794873,0.277,50.985810650000005,0.6819828314845512,15,15,53.0,26.0,False,NONE,5.2557681161481264,12,0,0,1.2246467991473532e-16,-1.0,11.358338075697679,0.30369999999999997,51.4956687565,14.241120635796777,-8.791570628910092,-0.9900990099009854,-0.11416061446154213,False,1,27.9,NORMAL,No strong abnormal pattern is evident from the current prototype signals.
2023-09-11 13:00:00,REAL_DMA_01,1.0,10.649611120567377,10.649611120567377,9.08009,9.08009,0.1969999999999999,52.005526863,1.3725211205673766,15,15,47.0,47.0,False,NONE,12.887992857473026,13,0,0,-0.2588190451025208,-0.9659258262890683,10.611507304071115,0.2976,52.566370780149995,0.35908015142809724,-33.803763440860244,-1.0669253152279252,-0.17072086623359656,False,1,8.0,NORMAL,No strong abnormal pattern is evident from the current prototype signals.
2023-09-11 14:00:00,REAL_DMA_01,1.0,9.667465295238095,9.667465295238095,8.98451,8.98451,0.112,53.025243076,0.5709552952380951,15,15,35.0,57.0,False,NONE,5.905946158599924,14,0,0,-0.4999999999999997,-0.8660254037844388,10.823128496320932,0.2868,52.5153849695,-10.677718567932338,-60.948396094839616,0.9708737864077761,-0.1344213884502976,False,2,26.9,NORMAL,No strong abnormal pattern is evident from the current prototype signals.
2023-09-11 15:00:00,REAL_DMA_01,1.0,10.348669010416666,10.348669010416666,8.98451,8.98451,0.302,53.025243076,1.0621590104166656,15,15,32.0,59.0,False,NONE,10.263725792636015,15,0,0,-0.7071067811865471,-0.7071067811865479,10.78717605146107,0.3537,52.9232714547,-4.065077263525435,-14.616906983319202,0.19267822736031276,-0.17686623032397786,False,2,5.4,NORMAL,No strong abnormal pattern is evident from the current prototype signals.
2023-09-11 16:00:00,REAL_DMA_01,1.0,10.67905524074074,10.67905524074074,8.899059583333333,8.899059583333333,0.366,52.005526863,1.4139956574074062,15,15,45.0,48.0,False,NONE,13.240831005471287,16,0,0,-0.8660254037844385,-0.5000000000000004,10.905135257013383,0.4135,52.821299833400005,-2.073151877022756,-11.487303506650541,-1.5444015444015533,-0.16992461154575655,False,2,6.9,NORMAL,No strong abnormal pattern is evident from the current prototype signals.
2023-09-11 17:00:00,REAL_DMA_01,1.0,10.542811591269842,10.542811591269842,8.915336250000001,8.915336250000001,0.476,52.005526863,1.1514753412698413,15,15,42.0,48.0,False,NONE,10.921900019756972,17,0,0,-0.9659258262890683,-0.25881904510252063,10.371163049988692,0.3984,53.2291863186,1.6550558549104861,19.477911646586346,-2.2988505747126435,-0.15340287305231193,False,2,13.6,NORMAL,No strong abnormal pattern is evident from the current prototype signals.
2023-09-11 18:00:00,REAL_DMA_01,1.0,10.56790235042735,10.56790235042735,9.17983,9.17983,0.375,52.005526863,1.0130723504273487,15,15,39.0,60.0,False,NONE,9.586314453278248,18,0,0,-1.0,-1.8369701987210297e-16,9.903097324248767,0.3657,53.2291863186,6.713102016585637,2.543068088597204,-2.2988505747126435,-0.15472103611956417,False,2,11.5,NORMAL,No strong abnormal pattern is evident from the current prototype signals.
2023-09-11 19:00:00,REAL_DMA_01,1.0,10.355518944444444,10.355518944444444,8.8380275,8.8380275,0.247,52.005526863,1.2704914444444437,15,15,45.0,48.0,False,NONE,12.2687375809982,19,0,0,-0.9659258262890684,0.2588190451025203,9.677731127583218,0.3278,53.127214697300005,7.00358180988737,-24.64917632702867,-2.111324376199625,-0.1618710454482412,False,1,10.6,NORMAL,No strong abnormal pattern is evident from the current prototype signals.
2023-09-11 20:00:00,REAL_DMA_01,1.0,10.57344072222222,10.57344072222222,9.084342444444443,9.084342444444443,0.266,49.96609443700001,1.2230982777777761,15,15,45.0,45.0,False,NONE,11.567646804007595,20,0,0,-0.8660254037844386,0.5000000000000001,9.663270955419684,0.2725,51.24073970325001,9.418857972641899,-2.385321100917433,-2.4875621890547213,-0.1133067585087481,False,1,27.3,NORMAL,No strong abnormal pattern is evident from the current prototype signals.
2023-09-11 21:00:00,REAL_DMA_01,1.0,8.460052453703703,8.460052453703703,6.097237826086956,6.097237826086956,0.289,52.005526863,2.073814627616747,15,15,36.0,23.0,False,NONE,24.513023281656572,21,0,0,-0.7071067811865477,0.7071067811865474,8.47437078527595,0.24979999999999997,51.4956687565,-0.16896040939256746,15.692554043234594,0.9900990099009854,-0.15057116859003689,False,1,17.1,NORMAL,No strong abnormal pattern is evident from the current prototype signals.
2023-09-11 22:00:00,REAL_DMA_01,1.0,6.043754677419354,6.043754677419354,5.46883,5.46883,0.177,53.025243076,0.3979246774193546,15,15,31.0,58.0,False,NONE,6.5840640240756105,22,0,0,-0.5000000000000004,0.8660254037844384,5.931000577325708,0.14350000000000002,52.821299833400005,1.9010974391860023,23.344947735191617,0.3861003861003816,-0.1458570690302986,False,0,13.6,NORMAL,No strong abnormal pattern is evident from the current prototype signals.
2023-09-11 23:00:00,REAL_DMA_01,1.0,4.237084838709677,4.237084838709677,5.46883,5.46883,0.059,53.025243076,-1.2907451612903225,15,15,31.0,55.0,False,NONE,-30.463047364503424,23,0,0,-0.25881904510252157,0.9659258262890681,4.396800838947284,0.08819999999999997,53.127214697300005,-3.6325502584248786,-33.106575963718804,-0.191938579654515,-0.11940688161665997,False,0,26.7,NORMAL,No strong abnormal pattern is evident from the current prototype signals.
2023-09-12 00:00:00,REAL_DMA_01,1.0,3.74490375,3.74490375,5.46883,5.46883,0.034,53.025243076,-1.7579262499999995,15,15,36.0,60.0,False,NONE,-46.94182727660222,0,1,0,0.0,1.0,3.6586053855990577,0.048799999999999996,53.07622888665001,2.3587776025429994,-30.327868852459005,-0.09606147934679085,-0.09778529939936181,False,0,31.5,NORMAL,No strong abnormal pattern is evident from the current prototype signals.
2023-09-12 01:00:00,REAL_DMA_01,1.0,3.3436159523809525,3.3436159523809525,5.46883,5.46883,0.053,53.025243076,-2.178214047619047,15,15,21.0,56.0,False,NONE,-65.1454616391564,1,1,0,0.25881904510252074,0.9659258262890683,3.571901320341054,0.05281818181818181,53.02524307600001,-6.391144309056789,0.34423407917384574,-1.3400084460559541e-14,-0.07745094777869221,False,0,31.2,NORMAL,No strong abnormal pattern is evident from the current prototype signals.
2023-09-12 02:00:00,REAL_DMA_01,1.0,3.359838936170213,3.359838936170213,5.46883,5.46883,0.047,53.025243076,-2.155991063829787,15,15,47.0,60.0,False,NONE,-64.16947671567083,2,1,0,0.49999999999999994,0.8660254037844387,3.4916628793421065,0.03672727272727272,52.88619086513636,-3.7753914890183147,27.970297029702994,0.2629272567922924,-0.07691388241772401,False,0,34.6,NORMAL,No strong abnormal pattern is evident from the current prototype signals.
2023-09-12 03:00:00,REAL_DMA_01,1.0,4.878396810344828,4.878396810344828,5.381561489361702,5.381561489361702,0.131,53.025243076,-0.6341646790168738,15,15,29.0,47.0,False,NONE,-12.99944845962721,3,1,0,0.7071067811865476,0.7071067811865476,4.66100235089423,0.06818181818181818,52.56173570645455,4.664113919807189,92.13333333333335,0.8818342151675469,-0.11232490688447855,False,1,35.3,NORMAL,"Metered consumption is substantially above the DMA's historical baseline. This may indicate unusual operation or potential water loss, but it is not a confirmed leak."
2023-09-12 04:00:00,REAL_DMA_01,1.0,11.01679765602837,11.01679765602837,7.223618593749999,7.223618593749999,0.209,53.025243076,3.584179062278371,15,15,47.0,32.0,False,NONE,32.53376502124568,4,1,0,0.8660254037844386,0.5000000000000001,9.028497727088023,0.1619090909090909,53.488750445545456,22.022489112168568,29.084783829309384,-0.8665511265164629,-0.1383432638585208,False,2,33.0,NORMAL,"Inlet volume significantly exceeds outlet volume plus metered consumption. This may indicate unusual operation or potential water loss, but it is not a confirmed leak."
2023-09-12 05:00:00,REAL_DMA_01,1.0,16.470397078656465,16.470397078656465,12.531727526041667,12.531727526041667,0.374,52.005526863,3.5646695526147973,15,15,56.0,32.0,False,NONE,21.642887755475883,5,1,0,0.9659258262890683,0.25881904510252074,12.874799708494292,0.19754545454545455,51.820123915181824,27.92740432140422,89.3235158766682,0.3577817531305787,-0.08235752974348937,False,3,50.9,MONITOR,Metered consumption is substantially above the DMA's historical baseline. Continued monitoring is recommended for this probable abnormality.
2023-09-12 06:00:00,REAL_DMA_01,1.0,14.414317169753089,14.414317169753089,12.084240925925926,12.084240925925926,0.469,52.005526863,1.861076243827163,15,15,54.0,27.0,False,NONE,12.911303545702696,6,1,0,1.0,6.123233995736766e-17,13.021219786555605,0.3614545454545455,51.820123915181824,10.698670370619617,29.753521126760553,0.3577817531305787,-0.12241795401687117,False,3,29.5,NORMAL,No strong abnormal pattern is evident from the current prototype signals.
2023-09-12 07:00:00,REAL_DMA_01,1.0,16.081621883547008,16.081621883547008,13.17706025862069,13.17706025862069,0.272,50.985810650000005,2.6325616249263177,15,15,52.0,29.0,False,NONE,16.370000762296698,7,1,0,0.9659258262890683,-0.25881904510252063,12.922226297575746,0.19790909090909092,51.5883702304091,24.44931324692848,37.43683968764355,-1.1680143755615486,-0.10035906308960574,False,3,39.8,NORMAL,"Metered consumption is substantially above the DMA's historical baseline. This may indicate unusual operation or potential water loss, but it is not a confirmed leak."
2023-09-12 08:00:00,REAL_DMA_01,1.0,13.690540073225517,13.690540073225517,11.013467976190476,11.013467976190476,0.134,50.985810650000005,2.5430720970350404,15,15,53.0,35.0,False,NONE,18.575396466707016,8,1,0,0.8660254037844387,-0.4999999999999998,12.787663849076216,0.25945454545454544,51.63472096736364,7.060525165544799,-48.353188507358084,-1.2567324955116699,-0.1342292396315412,False,3,28.8,NORMAL,No strong abnormal pattern is evident from the current prototype signals.
2023-09-12 09:00:00,REAL_DMA_01,1.0,13.939936341269842,13.939936341269842,11.663927183908047,11.663927183908047,0.2319999999999999,50.985810650000005,2.044009157361795,15,15,54.0,29.0,False,NONE,14.662973397592992,9,1,0,0.7071067811865476,-0.7071067811865475,12.708078657608036,0.3150909090909091,52.098228336909095,9.693500621546129,-26.370455856895585,-2.135231316725977,-0.1390177573494067,False,3,22.7,NORMAL,No strong abnormal pattern is evident from the current prototype signals.
2023-09-12 10:00:00,REAL_DMA_01,1.0,11.26383618402778,11.26383618402778,9.156849852941177,9.156849852941177,0.185,50.985810650000005,1.9219863310866026,15,15,48.0,34.0,False,NONE,17.063337034428788,10,1,0,0.49999999999999994,-0.8660254037844387,11.566622174729725,0.37263636363636365,52.70078791731819,-2.617756386678383,-50.35374481580873,-3.254177660510116,-0.1269718772375591,False,3,32.1,NORMAL,No strong abnormal pattern is evident from the current prototype signals.
2023-09-12 11:00:00,REAL_DMA_01,1.0,14.063577193223445,14.063577193223445,12.136498275862069,12.136498275862069,0.255,50.985810650000005,1.6720789173613761,15,15,52.0,29.0,False,NONE,11.88942823286148,11,1,0,0.258819045102521,-0.9659258262890682,12.094058813482228,0.33699999999999997,51.959176126045456,16.28500745792335,-24.332344213649844,-1.8733273862622597,-0.11975814456582029,False,2,30.4,NORMAL,No strong abnormal pattern is evident from the current prototype signals.
2023-09-12 12:00:00,REAL_DMA_01,1.0,12.242926275510204,12.242926275510204,9.879708333333332,9.879708333333332,0.27,52.005526863,2.093217942176872,15,15,49.0,18.0,False,NONE,17.09736622660207,12,1,0,1.2246467991473532e-16,-1.0,11.50538849638693,0.3012727272727273,51.44931801954545,6.410368318765465,-10.380205190102599,1.0810810810810874,-0.16291081754675524,False,1,8.5,NORMAL,No strong abnormal pattern is evident from the current prototype signals.
2023-09-12 13:00:00,REAL_DMA_01,1.0,12.329785445652174,12.329785445652174,10.997111304347824,10.997111304347824,0.242,52.005526863,1.0906741413043504,15,15,46.0,23.0,False,NONE,8.845848503300214,13,1,0,-0.2588190451025208,-0.9659258262890683,10.614971287388956,0.2884545454545454,52.5153849695,16.15467542809552,-16.104632839583978,-0.9708737864077626,-0.13560505385295935,False,0,19.1,NORMAL,No strong abnormal pattern is evident from the current prototype signals.
2023-09-12 14:00:00,REAL_DMA_01,1.0,11.347144429824562,11.347144429824562,8.733392857142857,8.733392857142857,0.148,52.005526863,2.465751572681705,15,15,38.0,14.0,False,NONE,21.730150593666394,14,1,0,-0.4999999999999997,-0.8660254037844388,10.7180682053134,0.27090909090909093,52.56173570645455,5.8693060396770145,-45.369127516778526,-1.0582010582010641,-0.15811636785216898,False,0,16.5,NORMAL,No strong abnormal pattern is evident from the current prototype signals.
2023-09-12 15:00:00,REAL_DMA_01,1.0,11.28844025203252,11.28844025203252,8.157824418604651,8.157824418604651,0.391,52.005526863,2.7396158334278695,15,15,41.0,43.0,False,NONE,24.269214986849867,15,1,0,-0.7071067811865471,-0.7071067811865479,10.747311775002489,0.349,52.932541602090915,5.035012367359248,12.03438395415474,-1.7513134851138454,-0.17380930155322266,False,0,9.2,NORMAL,No strong abnormal pattern is evident from the current prototype signals.
2023-09-12 16:00:00,REAL_DMA_01,1.0,10.860548571428572,10.860548571428572,8.580735288461538,8.580735288461538,0.376,52.005526863,1.9038132829670338,15,15,42.0,52.0,False,NONE,17.529623576984847,16,1,0,-0.8660254037844385,-0.5000000000000004,10.884582528261324,0.40918181818181815,52.747138654272725,-0.22080733707838313,-8.109309042435006,-1.4059753954305747,-0.17367442700697,False,0,4.0,NORMAL,No strong abnormal pattern is evident from the current prototype signals.
2023-09-12 17:00:00,REAL_DMA_01,1.0,10.900805980392157,10.900805980392157,8.59388,8.59388,0.358,52.005526863,1.9489259803921564,15,15,34.0,60.0,False,NONE,17.878732856063948,17,1,0,-0.9659258262890683,-0.25881904510252063,10.386767462832431,0.40545454545454546,53.11794454990909,4.948974927946925,-11.704035874439466,-2.0942408376963337,-0.17144667324334817,False,0,6.4,NORMAL,No strong abnormal pattern is evident from the current prototype signals.
2023-09-12 18:00:00,REAL_DMA_01,1.0,12.160947214285716,12.160947214285716,8.59388,8.59388,0.454,53.025243076,3.113067214285716,15,15,35.0,60.0,False,NONE,25.59888764773793,18,1,0,-1.0,-1.8369701987210297e-16,9.963534144810456,0.36654545454545456,53.11794454990909,22.05455451386987,23.859126984126984,-0.17452006980802223,-0.13999082674342933,False,0,25.0,NORMAL,No strong abnormal pattern is evident from the current prototype signals.
2023-09-12 19:00:00,REAL_DMA_01,1.0,12.223195146258504,12.223195146258504,8.642708392857143,8.642708392857143,0.317,53.025243076,3.263486753401361,15,15,49.0,28.0,False,NONE,26.699129927581232,19,1,0,-0.9659258262890684,0.2588190451025203,9.73934820184333,0.32045454545454544,53.02524307600001,25.503215337809433,-1.0780141843971562,-1.3400084460559541e-14,-0.13212141851677595,False,0,26.5,NORMAL,No strong abnormal pattern is evident from the current prototype signals.
2023-09-12 20:00:00,REAL_DMA_01,1.0,10.921526673611112,10.921526673611112,9.029584102564105,9.029584102564105,0.278,50.985810650000005,1.6139425710470072,15,15,48.0,39.0,False,NONE,14.777627883715736,20,1,0,-0.8660254037844386,0.5000000000000001,9.746013661492642,0.27190909090909093,51.124862860863644,12.061475111234717,2.2400534938147776,-0.27198549410698597,-0.151512994714054,False,0,9.9,NORMAL,No strong abnormal pattern is evident from the current prototype signals.
2023-09-12 21:00:00,REAL_DMA_01,1.0,9.711886103603604,9.711886103603604,8.262691086956522,8.262691086956522,0.289,50.985810650000005,1.1601950166470816,15,15,37.0,46.0,False,NONE,11.94613491417069,21,1,0,-0.7071067811865477,0.7071067811865474,8.47306911876938,0.25336363636363635,51.542019493454546,14.620640614037,14.065303193397918,-1.0791366906474744,-0.14856059335125882,False,0,13.9,NORMAL,No strong abnormal pattern is evident from the current prototype signals.
2023-09-12 22:00:00,REAL_DMA_01,1.0,5.71478524691358,5.71478524691358,4.91147,4.91147,0.28,52.005526863,0.5233152469135807,15,15,27.0,41.0,False,NONE,9.157216313530082,22,1,0,-0.5000000000000004,0.8660254037844384,5.941250950061494,0.14654545454545453,52.83984012818182,-3.8117511791951726,91.06699751861046,-1.578947368421055,-0.12226689655631029,False,1,33.0,NORMAL,"Metered consumption is substantially above the DMA's historical baseline. This may indicate unusual operation or potential water loss, but it is not a confirmed leak."
2023-09-12 23:00:00,REAL_DMA_01,1.0,4.146836851851852,4.146836851851852,3.51568,3.51568,0.089,53.025243076,0.5421568518518516,15,15,27.0,49.0,False,NONE,13.073985575529473,23,1,0,-0.25881904510252157,0.9659258262890681,4.382281202562047,0.08554545454545454,53.11794454990909,-5.37264360334854,4.038257173219986,-0.17452006980802223,-0.14916951123807753,False,1,11.7,NORMAL,No strong abnormal pattern is evident from the current prototype signals.
2023-09-13 00:00:00,REAL_DMA_01,1.0,4.470553055555556,4.470553055555556,3.51568,3.51568,0.0279999999999999,52.005526863,0.9268730555555563,15,15,18.0,57.0,False,NONE,20.732849918954237,0,2,0,0.0,1.0,3.6664506914536887,0.047454545454545444,53.071593812954546,21.931356283508453,-40.996168582375674,-2.00873362445415,-0.08984104592613201,False,1,42.7,MONITOR,No strong abnormal pattern is evident from the current prototype signals.
2023-09-13 01:00:00,REAL_DMA_01,1.0,4.2440425,4.2440425,3.51568,3.51568,0.079,53.025243076,0.6493624999999998,15,15,24.0,59.0,False,NONE,15.300565439672194,1,2,0,0.25881904510252074,0.9659258262890683,3.552877539677713,0.052833333333333336,53.025243076,19.453666854641543,49.52681388012618,0.0,-0.13372486075576356,False,1,26.2,NORMAL,"Metered consumption is substantially above the DMA's historical baseline. This may indicate unusual operation or potential water loss, but it is not a confirmed leak."
2023-09-13 02:00:00,REAL_DMA_01,1.0,4.1240041666666665,4.1240041666666665,3.51568,3.51568,0.0699999999999999,53.025243076,0.5383241666666665,15,15,24.0,60.0,False,NONE,13.053434111871448,2,2,0,0.49999999999999994,0.8660254037844387,3.480677550744448,0.03758333333333332,52.897778549375005,18.482798436316624,86.25277161862506,0.24096385542168225,-0.13139293073431907,False,2,31.8,NORMAL,"Metered consumption is substantially above the DMA's historical baseline. This may indicate unusual operation or potential water loss, but it is not a confirmed leak."
2023-09-13 03:00:00,REAL_DMA_01,1.0,4.969691111111111,4.969691111111111,3.51568,3.51568,0.078,53.025243076,1.3760111111111104,15,15,27.0,59.0,False,NONE,27.68806109568177,3,2,0,0.7071067811865476,0.7071067811865476,4.679118555848446,0.07341666666666666,52.60036132058334,6.209984889129956,6.242905788876289,0.8077544426494285,-0.13773225664434469,False,2,24.7,NORMAL,No strong abnormal pattern is evident from the current prototype signals.
2023-09-13 04:00:00,REAL_DMA_01,1.0,11.663951574074074,11.663951574074074,7.435937285714286,7.435937285714286,0.292,53.025243076,3.9360142883597886,15,15,45.0,35.0,False,NONE,33.74511856778044,4,2,0,0.8660254037844386,0.5000000000000001,9.194189387833053,0.1658333333333333,53.45012483141667,26.862207009889666,76.08040201005028,-0.7949125596184492,-0.12443833859036496,False,3,47.8,MONITOR,Inlet volume significantly exceeds outlet volume plus metered consumption; Metered consumption is substantially above the DMA's historical baseline. Continued monitoring is recommended for this probable abnormality.
2023-09-13 05:00:00,REAL_DMA_01,1.0,17.98060522556391,17.98060522556391,13.86178827586207,13.86178827586207,0.415,52.005526863,3.7038169497018396,15,15,57.0,29.0,False,NONE,20.5989559485792,5,2,0,0.9659258262890683,0.25881904510252074,13.174432822674474,0.21224999999999997,51.83557416083334,36.48105742068492,95.52414605418141,0.32786885245900566,-0.04124844180490228,False,4,56.2,MONITOR,Inlet flow is substantially above the DMA's historical baseline; Metered consumption is substantially above the DMA's historical baseline; The abnormal pattern has persisted across multiple recent readings. Continued monitoring is recommended for this probable abnormality.
2023-09-13 06:00:00,REAL_DMA_01,1.0,15.66392852130326,15.66392852130326,12.158389444444444,12.158389444444444,0.44,53.025243076,3.065539076858817,15,15,57.0,36.0,False,NONE,19.570691175522292,6,2,0,1.0,6.123233995736766e-17,13.137311235155394,0.37041666666666667,51.83557416083334,19.232377469954795,18.785151856017997,2.2950819672131084,-0.07493895356589192,False,3,42.0,MONITOR,No strong abnormal pattern is evident from the current prototype signals.
2023-09-13 07:00:00,REAL_DMA_01,1.0,15.617877367475293,15.617877367475293,13.692428802083333,13.692428802083333,0.244,53.025243076,1.6814485653919602,15,15,53.0,32.0,False,NONE,10.766178564659679,7,2,0,0.9659258262890683,-0.25881904510252063,13.185509263073351,0.2040833333333333,51.538156932041666,18.447282208612943,19.559003674969386,2.885408079142628,-0.07116229920181749,False,3,39.8,NORMAL,No strong abnormal pattern is evident from the current prototype signals.
2023-09-13 08:00:00,REAL_DMA_01,1.0,14.06991875308642,14.06991875308642,11.740629444444444,11.740629444444444,0.223,53.025243076,2.1062893086419754,15,15,54.0,27.0,False,NONE,14.970159711689405,8,2,0,0.8660254037844387,-0.4999999999999998,12.86290353442199,0.249,51.58064510758334,9.38369175695344,-10.44176706827309,2.8006589785831943,-0.11977638013086134,False,3,27.9,NORMAL,No strong abnormal pattern is evident from the current prototype signals.
2023-09-13 09:00:00,REAL_DMA_01,1.0,14.094969077272726,14.094969077272726,12.025766913580243,12.025766913580243,0.264,52.005526863,1.8052021636924824,15,15,55.0,27.0,False,NONE,12.80742195173213,9,2,0,0.7071067811865476,-0.7071067811865475,12.810733464579853,0.30816666666666664,52.005526863,10.024684505720389,-14.332071389940499,0.0,-0.14286192419425503,False,3,18.5,NORMAL,No strong abnormal pattern is evident from the current prototype signals.
2023-09-13 10:00:00,REAL_DMA_01,1.0,12.32808313045635,12.32808313045635,9.410023253968252,9.410023253968252,0.169,52.005526863,2.7490598764880976,15,15,48.0,42.0,False,NONE,22.299167254125546,10,2,0,0.49999999999999994,-0.8660254037844387,11.541390008837896,0.357,52.55787314504167,6.816277077683348,-52.6610644257703,-1.0509296685529537,-0.1556255065325658,False,3,22.9,NORMAL,No strong abnormal pattern is evident from the current prototype signals.
2023-09-13 11:00:00,REAL_DMA_01,1.0,10.612751395833332,10.612751395833332,8.40802,8.40802,0.15,50.985810650000005,2.0547313958333313,15,15,48.0,31.0,False,NONE,19.36096794503298,11,2,0,0.258819045102521,-0.9659258262890682,12.258185345127329,0.33016666666666666,51.878062336375,-13.423144641454313,-54.56839979808178,-1.7199017199017155,-0.1349267173460607,False,4,32.1,NORMAL,"The abnormal pattern has persisted across multiple recent readings. This may indicate unusual operation or potential water loss, but it is not a confirmed leak."
2023-09-13 12:00:00,REAL_DMA_01,1.0,10.384063782051282,10.384063782051282,8.371439166666667,8.371439166666667,0.351,50.985810650000005,1.661624615384615,15,15,39.0,36.0,False,NONE,16.00167959538838,12,2,0,1.2246467991473532e-16,-1.0,11.566849977980533,0.2986666666666667,51.4956687565,-10.225655197230761,17.52232142857141,-0.9900990099009854,-0.15658137878176948,False,3,14.7,NORMAL,No strong abnormal pattern is evident from the current prototype signals.
2023-09-13 13:00:00,REAL_DMA_01,1.0,10.161583825757576,10.161583825757576,7.81262,7.81262,0.222,53.025243076,2.1269638257575765,15,15,44.0,55.0,False,NONE,20.93142035955212,13,2,0,-0.2588190451025208,-0.9659258262890683,10.757872467244225,0.2845833333333333,52.472896793958334,-5.542811957496607,-21.99121522693996,1.0526315789473712,-0.16692535235834605,False,2,12.1,NORMAL,No strong abnormal pattern is evident from the current prototype signals.
2023-09-13 14:00:00,REAL_DMA_01,1.0,10.11930996124031,10.11930996124031,7.8555884,7.8555884,0.183,52.005526863,2.08072156124031,15,15,43.0,50.0,False,NONE,20.56189176149397,14,2,0,-0.4999999999999997,-0.8660254037844388,10.770491224022663,0.26066666666666666,52.5153849695,-6.045975519946102,-29.79539641943734,-0.9708737864077626,-0.1677091897027324,False,2,13.4,NORMAL,No strong abnormal pattern is evident from the current prototype signals.
2023-09-13 15:00:00,REAL_DMA_01,1.0,10.839427162698414,10.839427162698414,7.984494,7.984494,0.281,53.025243076,2.5739331626984137,15,15,42.0,50.0,False,NONE,23.74602572685813,15,2,0,-0.7071067811865471,-0.7071067811865479,10.792405814754993,0.3525,52.855290373833334,0.43568921286424206,-20.2836879432624,0.3215434083601316,-0.17560798661113575,False,2,10.8,NORMAL,No strong abnormal pattern is evident from the current prototype signals.
2023-09-13 16:00:00,REAL_DMA_01,1.0,10.866051166666669,10.866051166666669,8.59388,8.59388,0.491,53.025243076,1.781171166666668,15,15,40.0,60.0,False,NONE,16.392074170704188,16,2,0,-0.8660254037844385,-0.5000000000000004,10.882579698525262,0.40641666666666665,52.68533767166667,-0.15188064150665995,20.81197457453353,0.6451612903225731,-0.1725000200292242,False,2,7.3,NORMAL,No strong abnormal pattern is evident from the current prototype signals.
2023-09-13 17:00:00,REAL_DMA_01,1.0,11.50066094017094,11.50066094017094,8.593880250000002,8.593880250000002,0.476,53.025243076,2.4307806901709386,15,15,39.0,40.0,False,NONE,21.13600864173297,17,2,0,-0.9659258262890683,-0.25881904510252063,10.429604005962409,0.40149999999999997,53.025243076,10.269392141793958,18.555417185554177,0.0,-0.16615426795070198,False,2,12.6,NORMAL,No strong abnormal pattern is evident from the current prototype signals.
2023-09-13 18:00:00,REAL_DMA_01,1.0,10.847914047619048,10.847914047619048,8.59388,8.59388,0.499,52.005526863,1.7550340476190471,15,15,35.0,60.0,False,NONE,16.178539393979165,18,2,0,-1.0,-1.8369701987210297e-16,10.14665190060006,0.3738333333333333,53.11021942708334,6.911266434374428,33.481943825234076,-2.080000000000006,-0.15762277404471642,False,1,14.0,NORMAL,No strong abnormal pattern is evident from the current prototype signals.
2023-09-13 19:00:00,REAL_DMA_01,1.0,11.016675,11.016675,8.59388,8.59388,0.375,53.025243076,2.047794999999999,15,15,48.0,60.0,False,NONE,18.588140251028545,19,2,0,-0.9659258262890684,0.2588190451025203,9.94633544721126,0.32016666666666665,53.025243076,10.76114472982952,17.12649661634566,0.0,-0.17478792908595575,False,0,6.4,NORMAL,No strong abnormal pattern is evident from the current prototype signals.
2023-09-13 20:00:00,REAL_DMA_01,1.0,10.931651576086956,10.931651576086956,8.59388,8.59388,0.253,50.985810650000005,2.084771576086956,15,15,46.0,60.0,False,NONE,19.070966190025707,20,2,0,-0.8660254037844386,0.5000000000000001,9.843973079169182,0.2724166666666667,51.113275176625,11.049181952959724,-7.127561945549106,-0.24937655860348662,-0.15197422588909443,False,0,12.6,NORMAL,No strong abnormal pattern is evident from the current prototype signals.
2023-09-13 21:00:00,REAL_DMA_01,1.0,8.521248395833334,8.521248395833334,7.134649807692308,7.134649807692308,0.353,52.005526863,1.033598588141026,15,15,40.0,52.0,False,NONE,12.129661525257594,21,2,0,-0.7071067811865477,0.7071067811865474,8.576303867505567,0.2563333333333333,51.4956687565,-0.6419487056753052,37.71131339401821,0.9900990099009854,-0.16308404632866264,False,0,8.8,NORMAL,"Metered consumption is substantially above the DMA's historical baseline. This may indicate unusual operation or potential water loss, but it is not a confirmed leak."
2023-09-13 22:00:00,REAL_DMA_01,1.0,5.421088999999999,5.421088999999999,4.49226,4.49226,0.142,53.025243076,0.7868289999999994,15,15,30.0,51.0,False,NONE,14.514223987099262,22,2,0,-0.5000000000000004,0.8660254037844384,5.922378808132501,0.15766666666666665,52.77031402275,-8.464332059343104,-9.93657505285412,0.483091787439618,-0.1463908649602929,False,0,12.5,NORMAL,No strong abnormal pattern is evident from the current prototype signals.
2023-09-13 23:00:00,REAL_DMA_01,1.0,4.162662386363636,4.162662386363636,4.49226,4.49226,0.079,53.025243076,-0.40859761363636365,15,15,22.0,58.0,False,NONE,-9.815775955669107,23,2,0,-0.25881904510252157,0.9659258262890681,4.362660840002865,0.08583333333333332,53.11021942708334,-4.5843227556304145,-7.961165048543671,-0.16000000000000147,-0.1441182300480664,False,0,12.7,NORMAL,No strong abnormal pattern is evident from the current prototype signals.
2023-09-14 00:00:00,REAL_DMA_01,1.0,3.626223263888889,3.626223263888889,4.49226,4.49226,0.034,53.025243076,-0.900036736111111,15,15,36.0,60.0,False,NONE,-24.82022397997304,0,3,0,0.0,1.0,3.733459221795511,0.045833333333333316,52.98275490045833,-2.872294875502881,-25.818181818181785,0.08019246190858806,-0.13263539444972544,False,0,20.0,NORMAL,No strong abnormal pattern is evident from the current prototype signals.
2023-09-14 01:00:00,REAL_DMA_01,1.0,3.350717702702702,3.350717702702702,4.49226,4.49226,0.032,53.025243076,-1.1735422972972978,15,15,37.0,60.0,False,NONE,-35.023609907534556,1,3,0,0.25881904510252074,0.9659258262890683,3.6060440750871194,0.05484615384615384,53.025243076,-7.080511692809766,-41.654978962131835,0.0,-0.12444040183980665,False,0,25.8,NORMAL,No strong abnormal pattern is evident from the current prototype signals.
2023-09-14 02:00:00,REAL_DMA_01,1.0,3.4945629729729726,3.4945629729729726,4.49226,4.49226,0.023,52.005526863,-1.0206970270270272,15,15,37.0,58.0,False,NONE,-29.208145193579877,2,3,0,0.49999999999999994,0.8660254037844387,3.530164213507696,0.04007692307692306,52.90758351296154,-1.0084868119873895,-42.61036468330131,-1.7049666419570026,-0.08661332381261871,False,0,35.8,NORMAL,No strong abnormal pattern is evident from the current prototype signals.
2023-09-14 03:00:00,REAL_DMA_01,1.0,4.393162843137255,4.393162843137255,4.49226,4.49226,0.0419999999999999,53.025243076,-0.14109715686274446,15,15,34.0,58.0,False,NONE,-3.2117442922280532,3,3,0,0.7071067811865476,0.7071067811865476,4.701470290868651,0.07376923076923077,52.633044532538456,-6.557681505085777,-43.06569343065707,0.7451564828614162,-0.13609561704254092,False,0,20.7,NORMAL,No strong abnormal pattern is evident from the current prototype signals.
2023-09-14 04:00:00,REAL_DMA_01,1.0,10.955186483942414,10.955186483942414,6.899234705882353,6.899234705882353,0.17,53.025243076,3.885951778060061,15,15,43.0,34.0,False,NONE,35.47134303697981,4,3,0,0.8660254037844386,0.5000000000000001,9.384171094466977,0.1755384615384615,53.41744161946154,16.741120485342897,-3.1551270815074237,-0.7342143906020574,-0.13472121416811966,False,1,30.8,NORMAL,"Inlet volume significantly exceeds outlet volume plus metered consumption. This may indicate unusual operation or potential water loss, but it is not a confirmed leak."
2023-09-14 05:00:00,REAL_DMA_01,1.0,16.4281005,16.4281005,12.56404346153846,12.56404346153846,0.198,50.985810650000005,3.6660570384615387,15,15,48.0,26.0,False,NONE,22.315769485714668,5,3,0,0.9659258262890683,0.25881904510252074,13.544138392127506,0.22784615384615384,51.848647445615384,21.29306438236624,-13.09925725860904,-1.6641452344931824,-0.09588175985063929,False,1,38.5,NORMAL,No strong abnormal pattern is evident from the current prototype signals.
2023-09-14 06:00:00,REAL_DMA_01,1.0,15.350804553358843,15.350804553358843,12.66657,12.66657,0.5910000000000001,50.985810650000005,2.093234553358843,15,15,56.0,27.0,False,NONE,13.635992472465109,6,3,0,1.0,6.123233995736766e-17,13.331666411012922,0.37576923076923074,51.9270871543077,15.145429536685432,57.27737973387925,-1.8126888217522699,-0.10477771821753029,False,2,38.6,NORMAL,"Metered consumption is substantially above the DMA's historical baseline. This may indicate unusual operation or potential water loss, but it is not a confirmed leak."
2023-09-14 07:00:00,REAL_DMA_01,1.0,15.59627724659864,15.59627724659864,13.25337625,13.25337625,0.296,50.985810650000005,2.0469009965986404,15,15,56.0,40.0,False,NONE,13.12429218995222,7,3,0,0.9659258262890683,-0.25881904510252063,13.3726145018735,0.20715384615384616,51.65254817388462,16.628481621253695,42.888971407352386,-1.290812452543656,-0.1076110574764983,False,2,35.7,NORMAL,"Metered consumption is substantially above the DMA's historical baseline. This may indicate unusual operation or potential water loss, but it is not a confirmed leak."
2023-09-14 08:00:00,REAL_DMA_01,1.0,14.81765382384988,14.81765382384988,12.811693064102563,12.811693064102563,0.162,50.985810650000005,1.8439607597473175,15,15,59.0,39.0,False,NONE,12.444350378731043,8,3,0,0.8660254037844387,-0.4999999999999998,12.955750858934637,0.247,51.691768028230776,14.37124706385678,-34.41295546558704,-1.3657056145675295,-0.11928756339537427,False,2,31.4,NORMAL,No strong abnormal pattern is evident from the current prototype signals.
2023-09-14 09:00:00,REAL_DMA_01,1.0,13.614170433333332,13.614170433333332,11.731718333333331,11.731718333333331,0.174,52.005526863,1.7084521000000001,15,15,55.0,28.0,False,NONE,12.549072368133253,9,3,0,0.7071067811865476,-0.7071067811865475,12.909520819402381,0.30476923076923074,52.005526863,5.458371567687442,-42.90762241292276,0.0,-0.1387690163429836,False,2,22.1,NORMAL,No strong abnormal pattern is evident from the current prototype signals.
2023-09-14 10:00:00,REAL_DMA_01,1.0,10.97772797385621,10.97772797385621,9.52352058139535,9.52352058139535,0.2,52.005526863,1.2542073924608605,15,15,51.0,43.0,False,NONE,11.425017958613962,10,3,0,0.49999999999999994,-0.8660254037844387,11.601904864347008,0.34253846153846157,52.515384969500005,-5.379951807818315,-41.61239613743544,-0.9708737864077759,-0.16604323978138935,False,2,12.1,NORMAL,No strong abnormal pattern is evident from the current prototype signals.
2023-09-14 11:00:00,REAL_DMA_01,1.0,14.344725500347868,14.344725500347868,12.144147317708333,12.144147317708333,0.161,50.985810650000005,2.0395781826395356,15,15,56.0,32.0,False,NONE,14.218314477959684,11,3,0,0.258819045102521,-0.9659258262890682,12.131613502873943,0.3163076923076923,51.809427591269234,18.242519817744324,-49.10019455252918,-1.589704769114304,-0.1055025218992025,False,2,37.6,NORMAL,No strong abnormal pattern is evident from the current prototype signals.
2023-09-14 12:00:00,REAL_DMA_01,1.0,12.312262096153846,12.312262096153846,9.996898833333336,9.996898833333336,0.139,52.005526863,2.1763632628205096,15,15,52.0,30.0,False,NONE,17.676388350280252,12,3,0,1.2246467991473532e-16,-1.0,11.475866424447515,0.3026923076923077,51.45644890215385,7.288300863493171,-54.07878017789072,1.067073170731696,-0.14959510662377207,False,2,21.0,NORMAL,No strong abnormal pattern is evident from the current prototype signals.
2023-09-14 13:00:00,REAL_DMA_01,1.0,10.670218125,10.670218125,9.755274301075268,9.755274301075268,0.173,53.025243076,0.741943823924732,15,15,44.0,31.0,False,NONE,6.953408217460709,13,3,0,-0.2588190451025208,-0.9659258262890683,10.71200411020679,0.2797692307692307,52.515384969500005,-0.3900855972130805,-38.163321418751714,0.9708737864077623,-0.1514880500094975,False,2,15.5,NORMAL,No strong abnormal pattern is evident from the current prototype signals.
2023-09-14 14:00:00,REAL_DMA_01,1.0,10.536864583333331,10.536864583333331,9.57046,9.57046,0.219,53.025243076,0.7474045833333308,15,15,48.0,60.0,False,NONE,7.0932351594945695,14,3,0,-0.4999999999999997,-0.8660254037844388,10.720400357654793,0.25469230769230766,52.47616511515385,-1.7120235084355717,-14.013893083660514,1.0463378176382685,-0.15961774432301234,False,1,8.0,NORMAL,No strong abnormal pattern is evident from the current prototype signals.
2023-09-14 15:00:00,REAL_DMA_01,1.0,10.03553716,10.03553716,7.84052,7.84052,0.426,54.044959289000005,1.7690171600000009,15,15,50.0,14.0,False,NONE,17.6275283703897,15,3,0,-0.7071067811865471,-0.7071067811865479,10.79602284151987,0.34700000000000003,52.868363658615394,-7.044128126472243,22.766570605187304,2.2255192878338192,-0.15049706184882788,False,1,15.1,NORMAL,No strong abnormal pattern is evident from the current prototype signals.
2023-09-14 16:00:00,REAL_DMA_01,1.0,10.438460975609756,10.438460975609756,9.35561275,9.35561275,0.2319999999999999,54.044959289000005,0.8508482256097553,15,15,41.0,40.0,False,NONE,8.151088820448011,16,3,0,-0.8660254037844385,-0.5000000000000004,10.881308272997678,0.41292307692307695,52.71148424123077,-4.069798284153595,-43.815201192250406,2.529761904761911,-0.132685566138312,False,1,23.7,NORMAL,No strong abnormal pattern is evident from the current prototype signals.
2023-09-14 17:00:00,REAL_DMA_01,1.0,10.50599859929078,10.50599859929078,8.72770888888889,8.72770888888889,0.765,54.044959289000005,1.013289710401891,15,15,47.0,27.0,False,NONE,9.64486812772176,17,3,0,-0.9659258262890683,-0.25881904510252063,10.511993000901526,0.4072307692307692,53.025243076,-0.05702440641115091,87.85417453721197,1.9230769230769273,-0.09709634990513233,False,2,39.7,NORMAL,"Metered consumption is substantially above the DMA's historical baseline. This may indicate unusual operation or potential water loss, but it is not a confirmed leak."
2023-09-14 18:00:00,REAL_DMA_01,1.0,11.328137663398692,11.328137663398692,9.099611071428573,9.099611071428573,0.521,53.025243076,1.7075265919701197,15,15,51.0,56.0,False,NONE,15.073321341134054,18,3,0,-1.0,-1.8369701987210297e-16,10.200595142678445,0.38346153846153846,53.025243076,11.05369348502719,35.86760280842528,0.0,-0.15886809520511358,False,2,13.7,NORMAL,"Metered consumption is substantially above the DMA's historical baseline. This may indicate unusual operation or potential water loss, but it is not a confirmed leak."
2023-09-14 19:00:00,REAL_DMA_01,1.0,11.131847519379845,11.131847519379845,8.14157105263158,8.14157105263158,0.2029999999999999,52.005526863,2.787276466748265,15,15,43.0,19.0,False,NONE,25.038758947207928,19,3,0,-0.9659258262890684,0.2588190451025203,10.028669258964241,0.3243846153846154,53.025243076,11.000245714849106,-37.41996680104342,-1.9230769230769273,-0.15192230614942498,False,2,23.4,NORMAL,No strong abnormal pattern is evident from the current prototype signals.
2023-09-14 20:00:00,REAL_DMA_01,1.0,10.449378425925923,10.449378425925923,9.257951,9.257951,0.236,49.96609443700001,0.955427425925923,15,15,36.0,40.0,False,NONE,9.143390037013251,20,3,0,-0.8660254037844386,0.5000000000000001,9.927640655855164,0.27092307692307693,51.10347021303846,5.2554054700101025,-12.890403180011365,-2.2256331542593855,-0.11452979728342044,False,1,27.8,NORMAL,No strong abnormal pattern is evident from the current prototype signals.
2023-09-14 21:00:00,REAL_DMA_01,1.0,8.968235087719298,8.968235087719298,7.226672380952381,7.226672380952381,0.3409999999999999,50.985810650000005,1.400562706766917,15,15,38.0,42.0,False,NONE,15.616926776203549,21,3,0,-0.7071067811865477,0.7071067811865474,8.572068831223088,0.26376923076923076,51.53488861084615,4.62159443999336,29.279673374161536,-1.0654490106544787,-0.15114357611670348,False,1,14.8,NORMAL,No strong abnormal pattern is evident from the current prototype signals.
2023-09-14 22:00:00,REAL_DMA_01,1.0,5.739918448275862,5.739918448275862,5.27352,5.27352,0.122,52.005526863,0.34439844827586164,15,15,29.0,57.0,False,NONE,6.000058213010168,22,3,0,-0.5000000000000004,0.8660254037844384,5.883818053660771,0.15646153846153846,52.78992394992308,-2.44568414713942,-22.025565388397247,-1.4858841010401223,-0.12087904631684881,False,1,26.2,NORMAL,No strong abnormal pattern is evident from the current prototype signals.
2023-09-14 23:00:00,REAL_DMA_01,1.0,4.22674875,4.22674875,5.27352,5.27352,0.061,54.044959289000005,-1.1077712500000008,15,15,16.0,60.0,False,NONE,-26.208589994851263,23,3,0,-0.25881904510252157,0.9659258262890681,4.347276343569078,0.08530769230769229,53.10368278469231,-2.772485207833055,-28.49413886384129,1.7725258493353067,-0.07569329832605154,False,1,35.9,NORMAL,No strong abnormal pattern is evident from the current prototype signals.
2023-09-15 00:00:00,REAL_DMA_01,1.0,3.3441194594594594,3.3441194594594594,4.958010000000001,4.958010000000001,0.068,53.025243076,-1.6818905405405413,15,15,37.0,52.0,False,NONE,-50.293973075124555,0,4,0,0.0,1.0,3.72521030195654,0.04492307692307691,52.986023221653845,-10.23004908734751,51.36986301369868,0.07401924500370784,-0.09402477717870827,False,1,37.5,NORMAL,"Metered consumption is substantially above the DMA's historical baseline. This may indicate unusual operation or potential water loss, but it is not a confirmed leak."
2023-09-15 01:00:00,REAL_DMA_01,1.0,3.2692083333333333,3.2692083333333333,1.17189,1.17189,0.028,54.044959289000005,2.069318333333333,15,15,21.0,58.0,False,NONE,63.29723047118949,1,4,0,0.25881904510252074,0.9659258262890683,3.587806477059661,0.053214285714285714,53.025243076,-8.880025881090186,-47.382550335570464,1.9230769230769273,-0.026497850202617967,False,1,62.5,MONITOR,Inlet volume significantly exceeds outlet volume plus metered consumption. Continued monitoring is recommended for this probable abnormality.
2023-09-15 02:00:00,REAL_DMA_01,1.0,2.5523246875,2.5523246875,2.381345,2.381345,0.022,53.025243076,0.14897968750000004,15,15,48.0,52.0,False,NONE,5.837019413306915,2,4,0,0.49999999999999994,0.8660254037844387,3.5276212677552157,0.03885714285714285,52.843150895107144,-27.647428854397422,-43.382352941176464,0.3445899379738144,-0.09885082630735725,False,1,37.3,NORMAL,No strong abnormal pattern is evident from the current prototype signals.
2023-09-15 03:00:00,REAL_DMA_01,1.0,2.5391,2.5391,2.5391,2.5391,0.033,52.005526863,-0.033,15,15,60.0,60.0,False,NONE,-1.2996731125201844,3,4,0,0.7071067811865476,0.7071067811865476,4.679448330316409,0.0715,52.661058714214285,-45.73933034904748,-53.84615384615385,-1.244813278008297,-0.0469608644026982,False,2,49.0,MONITOR,Inlet flow is substantially below the DMA's historical baseline. Continued monitoring is recommended for this probable abnormality.
2023-09-15 04:00:00,REAL_DMA_01,1.0,2.5391,2.5391,2.5391,2.5391,0.257,52.515384969500005,-0.257,15,15,60.0,60.0,False,NONE,-10.121696664172346,4,4,0,0.8660254037844386,0.5000000000000001,9.496386479429509,0.1751428571428571,53.38942743778572,-73.26246140571425,46.73735725938013,-1.6371077762619388,-0.008983689514186266,False,3,54.7,MONITOR,Inlet flow is substantially below the DMA's historical baseline; Metered consumption is substantially above the DMA's historical baseline. Continued monitoring is recommended for this probable abnormality.
2023-09-15 05:00:00,REAL_DMA_01,1.0,2.5391,2.5391,2.5391,2.5391,0.244,49.96609443700001,-0.244,15,15,60.0,60.0,False,NONE,-9.609704225906817,5,4,0,0.9659258262890683,0.25881904510252074,13.750135685546969,0.2257142857142857,51.78701624592858,-81.53400040503675,8.101265822784814,-3.5161744022503423,0.046249653961467296,True,4,52.8,MONITOR,Inlet flow is substantially below the DMA's historical baseline; The abnormal pattern has persisted across multiple recent readings. Continued monitoring is recommended for this probable abnormality.
2023-09-15 06:00:00,REAL_DMA_01,1.0,2.5391,2.5391,2.5391,2.5391,0.461,50.985810650000005,-0.461,15,15,60.0,60.0,False,NONE,-18.15603954156985,6,4,0,1.0,6.123233995736766e-17,13.47589056403763,0.3911428571428571,51.85985311828572,-81.15820258457755,17.85975164353544,-1.685393258426968,0.044295345448237766,True,5,54.4,MONITOR,Inlet flow is substantially below the DMA's historical baseline; The abnormal pattern has persisted across multiple recent readings. Continued monitoring is recommended for this probable abnormality.
2023-09-15 07:00:00,REAL_DMA_01,1.0,2.5391,2.5391,2.5391,2.5391,0.258,50.985810650000005,-0.258,15,15,60.0,60.0,False,NONE,-10.161080697885078,7,4,0,0.9659258262890683,-0.25881904510252063,13.531447555068153,0.2135,51.60492406503572,-81.23556264274927,20.84309133489462,-1.1997177134791785,0.023859081155070405,True,6,55.6,MONITOR,Inlet flow is substantially below the DMA's historical baseline; The abnormal pattern has persisted across multiple recent readings. Continued monitoring is recommended for this probable abnormality.
2023-09-15 08:00:00,REAL_DMA_01,1.0,11.58546275,11.58546275,9.2530705,9.2530705,0.2319999999999999,50.985810650000005,2.10039225,15,15,60.0,60.0,False,NONE,18.129549896485578,8,4,0,0.8660254037844387,-0.4999999999999998,13.088743927857156,0.2409285714285714,51.64134250121429,-11.48529749029377,-3.7058997924696446,-1.2693935119887145,-0.15469754458243756,False,6,18.6,NORMAL,"The abnormal pattern has persisted across multiple recent readings. This may indicate unusual operation or potential water loss, but it is not a confirmed leak."
2023-09-15 09:00:00,REAL_DMA_01,1.0,12.15513325,12.15513325,9.718630086206897,9.718630086206897,0.404,52.005526863,2.0325031637931037,15,15,60.0,58.0,False,NONE,16.721356500086937,9,4,0,0.7071067811865476,-0.7071067811865475,12.959852934683164,0.29542857142857143,52.005526863,-6.209327287422936,36.750483558994205,0.0,-0.16639042198679244,False,5,15.6,NORMAL,"Metered consumption is substantially above the DMA's historical baseline; The abnormal pattern has persisted across multiple recent readings. This may indicate unusual operation or potential water loss, but it is not a confirmed leak."
2023-09-15 10:00:00,REAL_DMA_01,1.0,11.17855575,11.17855575,8.613743898305085,8.613743898305085,0.322,52.005526863,2.2428118516949143,15,15,60.0,59.0,False,NONE,20.0635207432312,10,4,0,0.49999999999999994,-0.8660254037844387,11.557320800740522,0.3323571428571429,52.47896653332143,-3.277273835959053,-3.1162690737158942,-0.9021512838306815,-0.17877107140698834,False,5,10.7,NORMAL,"The abnormal pattern has persisted across multiple recent readings. This may indicate unusual operation or potential water loss, but it is not a confirmed leak."
2023-09-15 11:00:00,REAL_DMA_01,1.0,12.439968,12.439968,11.099308706896553,11.099308706896553,0.183,50.985810650000005,1.1576592931034477,15,15,60.0,58.0,False,NONE,9.30596680878478,11,4,0,0.258819045102521,-0.9659258262890682,12.28969293126494,0.3052142857142857,51.75059780975,1.2227731772920187,-40.04212497074655,-1.4778325123152574,-0.13361763036116853,False,4,26.9,NORMAL,"The abnormal pattern has persisted across multiple recent readings. This may indicate unusual operation or potential water loss, but it is not a confirmed leak."
2023-09-15 12:00:00,REAL_DMA_01,1.0,9.966056101694916,9.966056101694916,7.716619830508475,7.716619830508475,0.235,50.985810650000005,2.0144362711864408,15,15,59.0,59.0,False,NONE,20.212973423296784,12,4,0,1.2246467991473532e-16,-1.0,11.53560897242654,0.291,51.4956687565,-13.606155292566793,-19.243986254295532,-0.9900990099009854,-0.14614182271243598,False,3,21.8,NORMAL,No strong abnormal pattern is evident from the current prototype signals.
2023-09-15 13:00:00,REAL_DMA_01,1.0,10.489897021276596,10.489897021276596,8.345982692307691,8.345982692307691,0.221,54.044959289000005,1.9229143289689041,15,15,47.0,52.0,False,NONE,18.331107779882572,13,4,0,-0.2588190451025208,-0.9659258262890683,10.709019396977734,0.27214285714285713,52.55180340567858,-2.0461479018609143,-18.792650918635168,2.8413028413028405,-0.13508355228739144,False,2,21.7,NORMAL,No strong abnormal pattern is evident from the current prototype signals.
2023-09-15 14:00:00,REAL_DMA_01,1.0,10.086947635658914,10.086947635658914,8.798076363636362,8.798076363636362,0.368,54.044959289000005,0.9208712720225524,15,15,43.0,44.0,False,NONE,9.12933530820692,14,4,0,-0.4999999999999997,-0.8660254037844388,10.707290659488972,0.2521428571428571,52.515384969500005,-5.793650733486907,45.94900849858358,2.9126213592233006,-0.13160635642891788,False,1,24.8,NORMAL,"Metered consumption is substantially above the DMA's historical baseline. This may indicate unusual operation or potential water loss, but it is not a confirmed leak."
2023-09-15 15:00:00,REAL_DMA_01,1.0,11.579525740740742,11.579525740740742,8.98451,8.98451,0.213,54.044959289000005,2.3820157407407416,15,15,54.0,51.0,False,NONE,20.570926599869228,15,4,0,-0.7071067811865471,-0.7071067811865479,10.741702435697023,0.3526428571428571,52.95240620364286,7.799725509612411,-39.59894672878265,2.0632737276478736,-0.13728406196990978,False,0,23.2,NORMAL,No strong abnormal pattern is evident from the current prototype signals.
2023-09-15 16:00:00,REAL_DMA_01,1.0,10.275333049242423,10.275333049242423,8.490483137254902,8.490483137254902,0.514,54.044959289000005,1.2708499119875214,15,15,44.0,51.0,False,NONE,12.367968083343229,16,4,0,-0.8660254037844385,-0.5000000000000004,10.849676323184255,0.39999999999999997,52.80673245892858,-5.293644315586998,28.500000000000014,2.344827586206891,-0.1413234371104119,False,0,16.6,NORMAL,No strong abnormal pattern is evident from the current prototype signals.
2023-09-15 17:00:00,REAL_DMA_01,1.0,9.161429057971016,9.161429057971016,8.176618636363635,8.176618636363635,0.252,54.044959289000005,0.7328104216073814,15,15,46.0,44.0,False,NONE,7.998865864379427,17,4,0,-0.9659258262890683,-0.25881904510252063,10.511564829357903,0.4327857142857143,53.098079948357146,-12.844289059760852,-41.77256973097871,1.7832647462277122,-0.1272530943129634,False,0,25.6,NORMAL,No strong abnormal pattern is evident from the current prototype signals.
2023-09-15 18:00:00,REAL_DMA_01,1.0,8.366806544715446,8.366806544715446,6.870010434782609,6.870010434782609,0.433,54.044959289000005,1.0637961099328377,15,15,41.0,23.0,False,NONE,12.714481974066214,18,4,0,-1.0,-1.8369701987210297e-16,10.281133894158462,0.3932857142857143,53.025243076,-18.619807592727668,10.098074827460948,1.9230769230769273,-0.11644975010167308,False,0,26.1,NORMAL,No strong abnormal pattern is evident from the current prototype signals.
2023-09-15 19:00:00,REAL_DMA_01,1.0,7.951321304347826,7.951321304347826,6.328970769230769,6.328970769230769,0.125,54.044959289000005,1.4973505351170573,15,15,46.0,26.0,False,NONE,18.831468102015922,19,4,0,-0.9659258262890684,0.2588190451025203,10.107467706136784,0.3157142857142857,52.95240620364286,-21.332211632789548,-60.40723981900452,2.0632737276478736,-0.09829473904922253,False,1,41.3,MONITOR,No strong abnormal pattern is evident from the current prototype signals.
2023-09-15 20:00:00,REAL_DMA_01,1.0,7.865146666666667,7.865146666666667,5.256531739130435,5.256531739130435,0.105,50.985810650000005,2.503614927536232,15,15,22.0,46.0,False,NONE,31.831764029866346,20,4,0,-0.8660254037844386,0.5000000000000001,9.964907639431646,0.2684285714285714,51.02222908617858,-21.071554787483606,-60.883448642895154,-0.07137758743754526,-0.07749690080472221,False,2,53.3,MONITOR,Inlet volume significantly exceeds outlet volume plus metered consumption. Continued monitoring is recommended for this probable abnormality.
2023-09-15 21:00:00,REAL_DMA_01,1.0,7.882657222222221,7.882657222222221,5.353093333333333,5.353093333333333,0.23,50.985810650000005,2.2995638888888883,15,15,33.0,27.0,False,NONE,29.172445586066114,21,4,0,-0.7071067811865477,0.7071067811865474,8.600366420972817,0.26928571428571424,51.4956687565,-8.345100238989737,-14.588859416445604,-0.9900990099009854,-0.11674989558389409,False,2,36.3,NORMAL,No strong abnormal pattern is evident from the current prototype signals.
2023-09-15 22:00:00,REAL_DMA_01,1.0,5.7989172,5.7989172,4.88289,4.88289,0.169,52.005526863,0.7470272000000002,15,15,25.0,58.0,False,NONE,12.882184280886097,22,4,0,-0.5000000000000004,0.8660254037844384,5.873539510418992,0.154,52.73389558657143,-1.2704828202248422,9.740259740259749,-1.381215469613259,-0.13083848757025196,False,2,21.8,NORMAL,No strong abnormal pattern is evident from the current prototype signals.
2023-09-15 23:00:00,REAL_DMA_01,1.0,4.756745416666667,4.756745416666667,4.88289,4.88289,0.049,53.025243076,-0.17514458333333277,15,15,24.0,52.0,False,NONE,-3.6820255866471605,23,4,0,-0.25881904510252157,0.9659258262890681,4.338667229742716,0.08357142857142855,53.17091682071429,9.636097095852717,-41.36752136752135,-0.27397260273972857,-0.13387532175761746,False,2,24.9,NORMAL,No strong abnormal pattern is evident from the current prototype signals.
2023-09-16 00:00:00,REAL_DMA_01,1.0,4.009710784313725,4.009710784313725,4.88289,4.88289,0.077,53.025243076,-0.9501792156862745,15,15,17.0,60.0,False,NONE,-23.696951396181575,0,5,1,0.0,1.0,3.6979895274924632,0.046571428571428555,52.98882463982143,8.429479167093106,65.33742331288349,0.06872852233677039,-0.12110870897493714,False,3,34.4,NORMAL,"Metered consumption is substantially above the DMA's historical baseline. This may indicate unusual operation or potential water loss, but it is not a confirmed leak."
2023-09-16 01:00:00,REAL_DMA_01,1.0,3.419596129032258,3.419596129032258,3.369193214285714,3.369193214285714,0.038,53.025243076,0.012402914746543904,15,15,31.0,42.0,False,NONE,0.36270115763799027,1,5,1,0.25881904510252074,0.9659258262890683,3.5665666008112393,0.051533333333333334,53.09322415686667,-4.120783045115486,-26.26131953428202,-0.12804097311139415,-0.15232436172822683,False,3,15.3,NORMAL,No strong abnormal pattern is evident from the current prototype signals.
2023-09-16 02:00:00,REAL_DMA_01,1.0,3.111576379310345,3.111576379310345,4.88289,4.88289,0.0279999999999999,53.025243076,-1.7993136206896547,15,15,29.0,59.0,False,NONE,-57.82643269352937,2,5,1,0.49999999999999994,0.8660254037844387,3.462601495738201,0.03773333333333332,52.855290373833334,-10.13761233742609,-25.79505300353381,0.3215434083601316,-0.08606598936715504,False,3,37.7,NORMAL,No strong abnormal pattern is evident from the current prototype signals.
2023-09-16 03:00:00,REAL_DMA_01,1.0,3.648214285714286,3.648214285714286,4.88289,4.88289,0.048,53.025243076,-1.282675714285714,15,15,28.0,60.0,False,NONE,-35.15900146842877,3,5,1,0.7071067811865476,0.7071067811865476,4.536758441628648,0.06893333333333332,52.6173565908,-19.58544117670467,-30.367504835589926,0.7751937984496169,-0.08964627536575387,False,2,38.0,NORMAL,No strong abnormal pattern is evident from the current prototype signals.
2023-09-16 04:00:00,REAL_DMA_01,1.0,5.168463106060606,5.168463106060606,4.88289,4.88289,0.113,55.06467550200001,0.17257310606060594,15,15,22.0,57.0,False,NONE,3.3389636826128157,4,5,1,0.8660254037844386,0.5000000000000001,9.032567380800876,0.18059999999999998,53.3311579399,-42.7796894485791,-37.430786267995565,3.2504780114722838,-0.043372230429907566,False,1,44.7,MONITOR,Inlet flow is substantially below the DMA's historical baseline. Continued monitoring is recommended for this probable abnormality.
2023-09-16 05:00:00,REAL_DMA_01,1.0,7.721786989247311,7.721786989247311,5.098764736842106,5.098764736842106,0.255,54.044959289000005,2.368022252405206,15,15,31.0,38.0,False,NONE,30.666764774821004,5,5,1,0.9659258262890683,0.25881904510252074,13.002733306510505,0.22693333333333332,51.66562145866667,-40.61412468268505,12.367802585193898,4.605263157894738,-0.06415640892755059,False,1,48.9,MONITOR,Inlet flow is substantially below the DMA's historical baseline; Inlet volume significantly exceeds outlet volume plus metered consumption. Continued monitoring is recommended for this probable abnormality.
2023-09-16 06:00:00,REAL_DMA_01,1.0,10.49495123809524,10.49495123809524,8.76194534883721,8.76194534883721,0.223,52.005526863,1.5100058892580293,15,15,35.0,43.0,False,NONE,14.387926680182314,6,5,1,1.0,6.123233995736766e-17,12.746771193101788,0.39580000000000004,51.8015836204,-17.66580666502567,-43.658413340070744,0.3937007874015702,-0.14987627286674432,False,1,18.1,NORMAL,No strong abnormal pattern is evident from the current prototype signals.
2023-09-16 07:00:00,REAL_DMA_01,1.0,11.407935694444443,11.407935694444443,9.17983,9.17983,0.2269999999999999,52.005526863,2.0011056944444428,15,15,42.0,57.0,False,NONE,17.541347953240674,7,5,1,0.9659258262890683,-0.25881904510252063,12.798624384730278,0.21646666666666667,51.563649837366675,-10.865923152999404,4.866030181706141,0.8569545154910839,-0.15816785143531792,False,1,10.1,NORMAL,No strong abnormal pattern is evident from the current prototype signals.
2023-09-16 08:00:00,REAL_DMA_01,1.0,12.534962575757577,12.534962575757577,9.17983,9.17983,0.491,50.985810650000005,2.864132575757576,15,15,33.0,57.0,False,NONE,22.849151391139884,8,5,1,0.8660254037844387,-0.4999999999999998,12.98852518266668,0.24033333333333334,51.597640377800005,-3.492025465018818,104.2995839112344,-1.185770750988142,-0.13596162304418175,False,1,31.0,NORMAL,"Metered consumption is substantially above the DMA's historical baseline. This may indicate unusual operation or potential water loss, but it is not a confirmed leak."
2023-09-16 09:00:00,REAL_DMA_01,1.0,12.010164007575758,12.010164007575758,9.544259756097562,9.544259756097562,0.156,52.005526863,2.3099042514781964,15,15,44.0,41.0,False,NONE,19.232911807208943,9,5,1,0.7071067811865476,-0.7071067811865475,12.906204955704286,0.3026666666666667,52.005526863,-6.942714385862094,-48.458149779735685,0.0,-0.1574787239408067,False,1,16.8,NORMAL,No strong abnormal pattern is evident from the current prototype signals.
2023-09-16 10:00:00,REAL_DMA_01,1.0,10.232747896825398,10.232747896825398,9.17983,9.17983,0.207,52.005526863,0.845917896825397,15,15,42.0,57.0,False,NONE,8.266771597957906,10,5,1,0.49999999999999994,-0.8660254037844387,11.53206979735782,0.33166666666666667,52.44740388863333,-11.267031186631545,-37.58793969849247,-0.8425145819831467,-0.15697895597418332,False,1,14.2,NORMAL,No strong abnormal pattern is evident from the current prototype signals.
2023-09-16 11:00:00,REAL_DMA_01,1.0,9.714166219512196,9.714166219512196,9.07979024390244,9.07979024390244,0.227,53.025243076,0.40737597560975514,15,15,41.0,41.0,False,NONE,4.193627805045031,11,5,1,0.258819045102521,-0.9659258262890682,12.29971126918061,0.29706666666666665,51.69961199910001,-21.02118491307203,-23.586175942549364,2.5641025641025545,-0.12280521043578407,False,1,27.4,NORMAL,No strong abnormal pattern is evident from the current prototype signals.
2023-09-16 12:00:00,REAL_DMA_01,1.0,11.0344459009009,11.0344459009009,9.2823705,9.2823705,0.289,52.005526863,1.4630754009008997,15,15,37.0,40.0,False,NONE,13.259165109336827,12,5,1,1.2246467991473532e-16,-1.0,11.430972114377765,0.28726666666666667,51.461678216066666,-3.4688756958659495,0.603388257136218,1.0568031704095129,-0.16967127501458523,False,1,3.8,NORMAL,No strong abnormal pattern is evident from the current prototype signals.
2023-09-16 13:00:00,REAL_DMA_01,1.0,9.58673505376344,9.58673505376344,8.820700967741935,8.820700967741935,0.241,52.005526863,0.5250340860215058,15,15,31.0,31.0,False,NONE,5.47667253843001,13,5,1,-0.2588190451025208,-0.9659258262890683,10.694411238597658,0.2687333333333333,52.65134713123334,-10.35752375817058,-10.320019846192013,-1.2265978050355126,-0.14800305028887467,False,1,14.3,NORMAL,No strong abnormal pattern is evident from the current prototype signals.
2023-09-16 14:00:00,REAL_DMA_01,1.0,10.15572650462963,10.15572650462963,9.342591666666667,9.342591666666667,0.251,52.005526863,0.5621348379629628,15,15,36.0,36.0,False,NONE,5.53515140159304,14,5,1,-0.4999999999999997,-0.8660254037844388,10.665934457900303,0.2598666666666667,52.6173565908,-4.783527925138892,-3.4120061570035998,-1.1627906976744187,-0.15772836539680757,False,1,8.5,NORMAL,No strong abnormal pattern is evident from the current prototype signals.
2023-09-16 15:00:00,REAL_DMA_01,1.0,10.617247679738565,10.617247679738565,9.375144693877552,9.375144693877552,0.119,52.005526863,1.1231029858610133,15,15,51.0,49.0,False,NONE,10.57809914338052,15,5,1,-0.7071067811865471,-0.7071067811865479,10.797557322699937,0.3433333333333333,53.025243076,-1.6699114213758661,-65.33980582524272,-1.9230769230769273,-0.14328271142339444,False,2,23.6,NORMAL,No strong abnormal pattern is evident from the current prototype signals.
2023-09-16 16:00:00,REAL_DMA_01,1.0,10.089265375,10.089265375,9.096123265306124,9.096123265306124,0.29,52.005526863,0.7031421096938759,15,15,40.0,49.0,False,NONE,6.969210180913453,16,5,1,-0.8660254037844385,-0.5000000000000004,10.811386771588133,0.4076,52.88928091426667,-6.679267071323699,-28.851815505397454,-1.6709511568123467,-0.15461403433457954,False,1,13.5,NORMAL,No strong abnormal pattern is evident from the current prototype signals.
2023-09-16 17:00:00,REAL_DMA_01,1.0,9.170553662790695,9.170553662790695,8.583419464285715,8.583419464285715,0.097,53.025243076,0.4901341985049803,15,15,43.0,28.0,False,NONE,5.344652204519431,17,5,1,-0.9659258262890683,-0.25881904510252063,10.42155577793211,0.42073333333333335,53.16120523773334,-12.003986178248367,-76.94501663761685,-0.25575447570333515,-0.12043571073508397,False,2,35.5,NORMAL,No strong abnormal pattern is evident from the current prototype signals.
2023-09-16 18:00:00,REAL_DMA_01,1.0,8.642709428571429,8.642709428571429,5.859460000000001,5.859460000000001,0.192,54.044959289000005,2.5912494285714276,15,15,35.0,48.0,False,NONE,29.981910765218682,18,5,1,-1.0,-1.8369701987210297e-16,10.153512070862261,0.39593333333333336,53.09322415686667,-14.879606502132528,-51.50698770836841,1.792573623559545,-0.09828713683239959,False,2,46.9,MONITOR,No strong abnormal pattern is evident from the current prototype signals.
2023-09-16 19:00:00,REAL_DMA_01,1.0,8.067430085106384,8.067430085106384,5.989670520833333,5.989670520833333,0.131,54.044959289000005,1.9467595642730509,15,15,47.0,48.0,False,NONE,24.13109929352898,19,5,1,-0.9659258262890684,0.2588190451025203,9.963724612684187,0.303,53.025243076,-19.031984536824215,-56.76567656765676,1.9230769230769273,-0.09930441915042393,False,3,45.6,MONITOR,No strong abnormal pattern is evident from the current prototype signals.
2023-09-16 20:00:00,REAL_DMA_01,1.0,7.291196428571429,7.291196428571429,5.85946,5.85946,0.131,53.025243076,1.300736428571429,15,15,28.0,60.0,False,NONE,17.839821506856364,20,5,1,-0.8660254037844386,0.5000000000000001,9.824923574580648,0.25753333333333334,51.01980119043334,-25.788772062966043,-49.13279834325653,3.930712858094592,-0.08566794962525476,False,3,44.8,MONITOR,No strong abnormal pattern is evident from the current prototype signals.
2023-09-16 21:00:00,REAL_DMA_01,1.0,7.986153676470588,7.986153676470588,5.85946,5.85946,0.131,52.005526863,1.9956936764705875,15,15,34.0,60.0,False,NONE,24.989422409318916,21,5,1,-0.7071067811865477,0.7071067811865474,8.552519141056111,0.26666666666666666,51.461678216066666,-6.622206337623997,-50.87499999999999,1.0568031704095129,-0.13727278559306882,False,3,30.9,NORMAL,No strong abnormal pattern is evident from the current prototype signals.
2023-09-16 22:00:00,REAL_DMA_01,1.0,5.373367275641026,5.373367275641026,5.85946,5.85946,0.183,53.025243076,-0.6690927243589748,15,15,26.0,56.0,False,NONE,-12.452019190874204,22,5,1,-0.5000000000000004,0.8660254037844384,5.868564689724392,0.155,52.685337671666666,-8.438135051155465,18.064516129032256,0.6451612903225866,-0.12121211017106642,False,3,28.1,NORMAL,No strong abnormal pattern is evident from the current prototype signals.
2023-09-16 23:00:00,REAL_DMA_01,1.0,4.494290243055556,4.494290243055556,5.85946,5.85946,0.068,53.025243076,-1.4331697569444448,15,15,24.0,53.0,False,NONE,-31.888678288166556,23,5,1,-0.25881904510252157,0.9659258262890681,4.366539108870978,0.08126666666666665,53.16120523773334,2.9256839570047677,-16.324856439704657,-0.25575447570333515,-0.10895653520730031,False,2,29.5,NORMAL,No strong abnormal pattern is evident from the current prototype signals.
2023-09-17 00:00:00,REAL_DMA_01,1.0,3.5068015909090904,3.5068015909090904,5.85946,5.85946,0.039,53.025243076,-2.39165840909091,15,15,22.0,55.0,False,NONE,-68.2005624524342,0,6,1,0.0,1.0,3.7187709446138806,0.04859999999999999,52.991252535566666,-5.69998413082683,-19.75308641975307,0.064143681847344,-0.0671808421425576,False,2,37.2,NORMAL,No strong abnormal pattern is evident from the current prototype signals.
2023-09-17 01:00:00,REAL_DMA_01,1.0,3.267464791666667,3.267464791666667,1.992218285714286,1.992218285714286,0.026,54.044959289000005,1.2492465059523807,15,15,24.0,35.0,False,NONE,38.232898764156715,1,6,1,0.25881904510252074,0.9659258262890683,3.5573809463250528,0.050687499999999996,53.088975339312505,-8.149707861843792,-48.705302096177554,1.800720288115246,-0.06161455506154678,False,2,55.2,MONITOR,Inlet volume significantly exceeds outlet volume plus metered consumption. Continued monitoring is recommended for this probable abnormality.
2023-09-17 02:00:00,REAL_DMA_01,1.0,2.9414510000000003,2.9414510000000003,1.75784,1.75784,0.009,53.5351011825,1.1746110000000003,15,15,25.0,56.0,False,NONE,39.93304664942575,2,6,1,0.49999999999999994,0.8660254037844387,3.4406624259614604,0.03712499999999998,52.865912417718754,-14.509166089491046,-75.75757575757574,1.2658227848101198,-0.055511328230615664,False,3,62.1,MONITOR,Inlet volume significantly exceeds outlet volume plus metered consumption. Continued monitoring is recommended for this probable abnormality.
2023-09-17 03:00:00,REAL_DMA_01,1.0,2.9912763541666667,2.9912763541666667,1.75784,1.75784,0.039,53.025243076,1.1944363541666667,15,15,32.0,59.0,False,NONE,39.93065878058673,3,6,1,0.7071067811865476,0.7071067811865476,4.481224431884001,0.06762499999999999,52.642849496125,-33.24868237163762,-42.329020332717185,0.7263922518159805,-0.06501976942664478,False,3,59.6,MONITOR,Inlet volume significantly exceeds outlet volume plus metered consumption. Continued monitoring is recommended for this probable abnormality.
2023-09-17 04:00:00,REAL_DMA_01,1.0,4.763140833333333,4.763140833333333,3.363236097560976,3.363236097560976,0.126,56.084391715,1.2739047357723572,15,15,28.0,41.0,False,NONE,26.745057103021985,4,6,1,0.8660254037844386,0.5000000000000001,8.791060863629609,0.17637499999999998,53.439502787531254,-45.818361319287334,-28.561304039688157,4.94931425163983,-0.013976844368833286,False,3,54.4,MONITOR,Inlet flow is substantially below the DMA's historical baseline. Continued monitoring is recommended for this probable abnormality.
2023-09-17 05:00:00,REAL_DMA_01,1.0,6.631731184210526,6.631731184210526,5.9593932558139535,5.9593932558139535,0.0579999999999999,55.06467550200001,0.6143379283965728,15,15,38.0,43.0,False,NONE,9.263613245652184,5,6,1,0.9659258262890683,0.25881904510252074,12.672674161681556,0.2286875,51.81433007306251,-47.669046804162825,-74.6378792019678,6.273062730627306,-0.001559001448799946,False,4,55.6,MONITOR,Inlet flow is substantially below the DMA's historical baseline; The abnormal pattern has persisted across multiple recent readings. Continued monitoring is recommended for this probable abnormality.
2023-09-17 06:00:00,REAL_DMA_01,1.0,9.289050942982456,9.289050942982456,6.380305952380953,6.380305952380953,0.145,53.025243076,2.7637449906015035,15,15,38.0,42.0,False,NONE,29.752716478419288,6,6,1,1.0,6.123233995736766e-17,12.606032445913879,0.385,51.8143300730625,-26.312652431785466,-62.33766233766234,2.3370233702337067,-0.10069020868773093,False,5,52.8,MONITOR,The abnormal pattern has persisted across multiple recent readings. Continued monitoring is recommended for this probable abnormality.
2023-09-17 07:00:00,REAL_DMA_01,1.0,10.281074663120569,10.281074663120569,8.42026888888889,8.42026888888889,0.156,52.005526863,1.704805774231679,15,15,47.0,18.0,False,NONE,16.58198028993038,7,6,1,0.9659258262890683,-0.25881904510252063,12.711706341587412,0.21712499999999998,51.591267151468756,-19.12120696585657,-28.151986183074264,0.802964793082138,-0.15129334156925106,False,5,21.5,NORMAL,"The abnormal pattern has persisted across multiple recent readings. This may indicate unusual operation or potential water loss, but it is not a confirmed leak."
2023-09-17 08:00:00,REAL_DMA_01,1.0,11.29765039007092,11.29765039007092,8.572178888888889,8.572178888888889,0.304,52.005526863,2.421471501182032,15,15,47.0,18.0,False,NONE,21.43340798817931,8,6,1,0.8660254037844387,-0.4999999999999998,12.96017751973486,0.256,51.559401019812505,-12.827965721398169,18.749999999999993,0.8652657601977658,-0.16563454311296072,False,5,17.2,NORMAL,"The abnormal pattern has persisted across multiple recent readings. This may indicate unusual operation or potential water loss, but it is not a confirmed leak."
2023-09-17 09:00:00,REAL_DMA_01,1.0,10.777798148148149,10.777798148148149,7.8370305,7.8370305,0.38,52.005526863,2.5607676481481487,15,15,45.0,40.0,False,NONE,23.759654921614416,9,6,1,0.7071067811865476,-0.7071067811865475,12.850202396446253,0.2935,52.005526863,-16.127405501964947,29.471890971039187,0.0,-0.16423886630472861,False,4,19.4,NORMAL,"The abnormal pattern has persisted across multiple recent readings. This may indicate unusual operation or potential water loss, but it is not a confirmed leak."
2023-09-17 10:00:00,REAL_DMA_01,1.0,9.983422209302326,9.983422209302326,8.00793,8.00793,0.306,52.515384969500005,1.6694922093023257,15,15,43.0,58.0,False,NONE,16.72264454313803,10,6,1,0.49999999999999994,-0.8660254037844387,11.450862178574544,0.323875,52.41978657453125,-12.815104630443578,-5.519104592821313,0.18237082066869978,-0.16906541126082558,False,3,9.4,NORMAL,No strong abnormal pattern is evident from the current prototype signals.
2023-09-17 11:00:00,REAL_DMA_01,1.0,9.994778837209305,9.994778837209305,8.00793,8.00793,0.192,52.005526863,1.7948488372093048,15,15,43.0,60.0,False,NONE,17.957864465467793,11,6,1,0.258819045102521,-0.9659258262890682,12.138114703576333,0.2926875,51.782463941406256,-17.65789761185502,-34.40102498398463,0.4307692307692193,-0.15974379629259616,False,2,15.7,NORMAL,No strong abnormal pattern is evident from the current prototype signals.
2023-09-17 12:00:00,REAL_DMA_01,1.0,9.565575208333334,9.565575208333334,8.00793,8.00793,0.133,52.005526863,1.4246452083333336,14,15,40.0,60.0,False,NONE,14.893460950390228,12,6,1,1.2246467991473532e-16,-1.0,11.40618922603546,0.287375,51.4956687565,-16.1369759980905,-53.71900826446281,0.9900990099009854,-0.1430130275895426,False,3,24.5,NORMAL,No strong abnormal pattern is evident from the current prototype signals.
2023-09-17 13:00:00,REAL_DMA_01,1.0,10.465722777777778,10.465722777777778,8.00793,8.00793,0.199,52.005526863,2.258792777777778,15,15,48.0,60.0,False,NONE,21.5827690618172,13,6,1,-0.2588190451025208,-0.9659258262890683,10.625181477045519,0.26699999999999996,52.61098336446875,-1.500762124508024,-25.468164794007475,-1.1508176862507593,-0.16527158896348176,False,2,13.7,NORMAL,No strong abnormal pattern is evident from the current prototype signals.
2023-09-17 14:00:00,REAL_DMA_01,1.0,10.1938405,10.1938405,8.00793,8.00793,0.423,52.005526863,1.7629105000000003,15,15,40.0,60.0,False,NONE,17.293879573650383,14,6,1,-0.4999999999999997,-0.8660254037844388,10.634046460820885,0.2593125,52.5791172328125,-4.139590347312659,63.123644251626885,-1.090909090909091,-0.16891549615782264,False,2,15.6,NORMAL,"Metered consumption is substantially above the DMA's historical baseline. This may indicate unusual operation or potential water loss, but it is not a confirmed leak."
2023-09-17 15:00:00,REAL_DMA_01,1.0,9.642112484126985,9.642112484126985,8.00793,8.00793,0.278,53.025243076,1.3561824841269847,15,15,42.0,60.0,False,NONE,14.065200819421639,15,6,1,-0.7071067811865471,-0.7071067811865479,10.786287970014852,0.3293125,52.9615108126875,-10.607685322963725,-15.581704308217873,0.12033694344164106,-0.17159415176556464,False,2,7.4,NORMAL,No strong abnormal pattern is evident from the current prototype signals.
2023-09-17 16:00:00,REAL_DMA_01,1.0,9.856513833333334,9.856513833333334,8.081173392857142,8.081173392857142,0.489,54.044959289000005,1.2863404404761924,15,15,40.0,56.0,False,NONE,13.050663370714005,16,6,1,-0.8660254037844385,-0.5000000000000004,10.766254184301374,0.40025,52.8340462860625,-8.44992450851255,22.1736414740787,2.2919179734620068,-0.1409368604321548,False,2,18.9,NORMAL,No strong abnormal pattern is evident from the current prototype signals.
2023-09-17 17:00:00,REAL_DMA_01,1.0,10.799902226495728,10.799902226495728,8.160788260869564,8.160788260869564,0.415,53.025243076,2.224113965626164,15,15,39.0,23.0,False,NONE,20.59383426795918,17,6,1,-0.9659258262890683,-0.25881904510252063,10.343368145735772,0.4005,53.152707602625,4.413785474204265,3.6204744069912502,-0.2398081534772138,-0.180687657783611,False,2,7.0,NORMAL,No strong abnormal pattern is evident from the current prototype signals.
2023-09-17 18:00:00,REAL_DMA_01,1.0,10.14156463235294,10.14156463235294,7.513137111111111,7.513137111111111,0.397,53.025243076,2.2314275212418293,15,15,34.0,45.0,False,NONE,22.00279347550849,18,6,1,-1.0,-1.8369701987210297e-16,10.059086905719084,0.3831875,53.152707602625,0.8199325386776753,3.6046321970314805,-0.2398081534772138,-0.1718339888932981,False,2,8.6,NORMAL,No strong abnormal pattern is evident from the current prototype signals.
2023-09-17 19:00:00,REAL_DMA_01,1.0,9.998343629629629,9.998343629629629,7.957970930232558,7.957970930232558,0.3,54.044959289000005,1.7403726993970705,15,15,45.0,43.0,False,NONE,17.40661017330467,19,6,1,-0.9659258262890684,0.2588190451025203,9.845206204710573,0.29225,53.088975339312505,1.5554516760226402,2.6518391787852793,1.800720288115246,-0.1586706102500533,False,2,9.5,NORMAL,No strong abnormal pattern is evident from the current prototype signals.
2023-09-17 20:00:00,REAL_DMA_01,1.0,9.35719747863248,9.35719747863248,7.81262,7.81262,0.21,50.985810650000005,1.3345774786324807,15,15,39.0,58.0,False,NONE,14.262576820464028,20,6,1,-0.8660254037844386,0.5000000000000001,9.666565627955071,0.24962499999999999,51.145141308281254,-3.200393616817937,-15.87381071607411,-0.31152647975077646,-0.14932985219054057,False,1,12.9,NORMAL,No strong abnormal pattern is evident from the current prototype signals.
2023-09-17 21:00:00,REAL_DMA_01,1.0,7.619267873563218,7.619267873563218,7.81262,7.81262,0.175,50.985810650000005,-0.3683521264367819,15,15,29.0,60.0,False,NONE,-4.834481902321132,21,6,1,-0.7071067811865477,0.7071067811865474,8.517121299519516,0.25818749999999996,51.4956687565,-10.541747550395339,-32.21980150084725,-0.9900990099009854,-0.11559383788894756,False,1,30.0,NORMAL,No strong abnormal pattern is evident from the current prototype signals.
2023-09-17 22:00:00,REAL_DMA_01,1.0,5.069159490740741,5.069159490740741,3.6875576,3.6875576,0.17,52.005526863,1.2116018907407415,15,15,36.0,50.0,False,NONE,23.901435592110236,22,6,1,-0.5000000000000004,0.8660254037844384,5.837614851344181,0.15675,52.706581759437505,-13.163858530791797,8.452950558213724,-1.3301088270858614,-0.11219853654180295,False,0,32.2,NORMAL,No strong abnormal pattern is evident from the current prototype signals.
2023-09-17 23:00:00,REAL_DMA_01,1.0,3.764067826086957,3.764067826086957,3.51568,3.51568,0.038,53.025243076,0.21038782608695675,15,15,23.0,56.0,False,NONE,5.589373938186213,23,6,1,-0.25881904510252157,0.9659258262890681,4.3745235547575145,0.0804375,53.152707602625,-13.954793499892265,-52.75835275835276,-0.2398081534772138,-0.13648138971693824,False,1,24.2,NORMAL,No strong abnormal pattern is evident from the current prototype signals.
2023-09-18 00:00:00,REAL_DMA_01,1.0,3.1486196551724137,3.1486196551724137,3.51568,3.51568,0.0289999999999999,53.025243076,-0.39606034482758634,15,15,29.0,55.0,False,NONE,-12.578856394323648,0,0,0,0.0,1.0,3.7055228600073313,0.04799999999999999,52.99337694434375,-15.029004701210122,-39.58333333333353,0.06013229104029087,-0.12870308285933363,False,1,26.4,NORMAL,No strong abnormal pattern is evident from the current prototype signals.
2023-09-18 01:00:00,REAL_DMA_01,1.0,2.9895197959183677,2.9895197959183677,3.51568,3.51568,0.05,53.025243076,-0.5761602040816325,15,15,49.0,58.0,False,NONE,-19.272667298215314,1,0,0,0.25881904510252074,0.9659258262890683,3.5403270548745596,0.04923529411764706,53.14520968929412,-15.558089702413328,1.5531660692951097,-0.22573363431151214,-0.11950868489384142,False,1,25.3,NORMAL,No strong abnormal pattern is evident from the current prototype signals.
2023-09-18 02:00:00,REAL_DMA_01,1.0,3.126300128205128,3.126300128205128,3.51568,3.51568,0.013,53.025243076,-0.4023798717948722,15,15,39.0,59.0,False,NONE,-12.870801116138733,2,0,0,0.49999999999999994,0.8660254037844387,3.411297047963727,0.035470588235294094,52.905276462705885,-8.35450316262313,-63.349917081260344,0.2267573696145122,-0.1299908493643418,False,2,29.6,NORMAL,No strong abnormal pattern is evident from the current prototype signals.
2023-09-18 03:00:00,REAL_DMA_01,1.0,5.631743920454546,5.631743920454546,5.105329861111112,5.105329861111112,0.045,53.025243076,0.48141405934343323,15,15,44.0,36.0,False,NONE,8.548223536850335,3,0,0,0.7071067811865476,0.7071067811865476,4.393580427312393,0.06594117647058823,52.66534323611765,28.181195579013284,-31.757359500446025,0.6833712984054661,-0.11988297868478259,False,2,31.9,NORMAL,No strong abnormal pattern is evident from the current prototype signals.
2023-09-18 04:00:00,REAL_DMA_01,1.0,10.584286002623084,10.584286002623084,9.420718,9.420718,0.264,52.005526863,0.8995680026230837,15,15,59.0,30.0,False,NONE,8.49909008883684,4,0,0,0.8660254037844386,0.5000000000000001,8.554124391259238,0.17341176470588232,53.59508448914706,23.733131744475248,52.23880597014929,-2.965864577504203,-0.12078167358454478,False,2,35.1,NORMAL,"Metered consumption is substantially above the DMA's historical baseline. This may indicate unusual operation or potential water loss, but it is not a confirmed leak."
2023-09-18 05:00:00,REAL_DMA_01,1.0,15.619018886904763,15.619018886904763,12.382186458333337,12.382186458333337,0.309,49.96609443700001,2.927832428571427,15,15,56.0,24.0,False,NONE,18.745303080631835,5,0,0,0.9659258262890683,0.25881904510252074,12.317324574771495,0.2186470588235294,52.00552686300001,26.805287886103457,41.32364810330913,-3.9215686274509753,-0.05141535742986403,False,2,48.1,MONITOR,Metered consumption is substantially above the DMA's historical baseline. Continued monitoring is recommended for this probable abnormality.
2023-09-18 06:00:00,REAL_DMA_01,1.0,14.463005452798663,14.463005452798663,11.70672263888889,11.70672263888889,0.321,51.4956687565,2.4352828139097737,15,15,57.0,36.0,False,NONE,16.838013522552703,6,0,0,1.0,6.123233995736766e-17,12.410915886917914,0.3708823529411765,51.88556024970588,16.53455381196978,-13.449643140364795,-0.751445086705198,-0.12224938834264665,False,2,28.4,NORMAL,No strong abnormal pattern is evident from the current prototype signals.
2023-09-18 07:00:00,REAL_DMA_01,1.0,14.158245054093566,14.158245054093566,12.658885555555557,12.658885555555557,0.181,53.025243076,1.3183594985380092,15,15,57.0,24.0,False,NONE,9.31160248675617,7,0,0,0.9659258262890683,-0.25881904510252063,12.568728007559951,0.21352941176470588,51.61563536979412,12.646602309935723,-15.234159779614329,2.730970366066241,-0.09142936185445127,False,1,33.4,NORMAL,No strong abnormal pattern is evident from the current prototype signals.
2023-09-18 08:00:00,REAL_DMA_01,1.0,14.107431735380116,14.107431735380116,11.743704425925928,11.743704425925928,0.1109999999999999,52.005526863,2.2527273094541878,15,15,57.0,36.0,False,NONE,15.968372923645335,8,0,0,0.8660254037844387,-0.4999999999999998,12.862381806225216,0.2588235294117647,51.58564371647059,9.679777415348637,-57.1136363636364,0.8139534883720853,-0.12443756191160044,False,2,31.4,NORMAL,No strong abnormal pattern is evident from the current prototype signals.
2023-09-18 09:00:00,REAL_DMA_01,1.0,14.094709540435138,14.094709540435138,11.713602131313133,11.713602131313133,0.149,52.005526863,2.2321074091220057,14,15,58.0,33.0,False,NONE,15.83649100904491,9,0,0,0.7071067811865476,-0.7071067811865475,12.728296264193423,0.2985882352941176,52.005526863,10.735240977110486,-50.098502758077224,0.0,-0.13094119718391334,False,2,28.2,NORMAL,No strong abnormal pattern is evident from the current prototype signals.
2023-09-18 10:00:00,REAL_DMA_01,1.0,12.100923435374147,12.100923435374147,10.168610625,10.168610625,0.2649999999999999,54.044959289000005,1.667312810374148,15,15,49.0,32.0,False,NONE,13.778393188574011,10,0,0,0.49999999999999994,-0.8660254037844387,11.36454218038206,0.32282352941176473,52.425410009529415,6.479638539801975,-17.911807580174962,3.089244851258584,-0.11542950575723848,False,1,27.1,NORMAL,No strong abnormal pattern is evident from the current prototype signals.
2023-09-18 11:00:00,REAL_DMA_01,1.0,13.266258631362891,13.266258631362891,11.147863333333332,11.147863333333332,0.17,52.005526863,1.9483952980295598,15,15,58.0,35.0,False,NONE,14.686848433840566,11,0,0,0.258819045102521,-0.9659258262890682,12.012036123201803,0.2867647058823529,51.7955852897353,10.441381421909812,-40.71794871794871,0.4053271569195028,-0.1435154678017705,False,1,19.2,NORMAL,No strong abnormal pattern is evident from the current prototype signals.
2023-09-18 12:00:00,REAL_DMA_01,1.0,10.924168724914963,10.924168724914963,8.355162916666666,8.355162916666666,0.127,52.005526863,2.4420058082482976,15,15,56.0,36.0,False,NONE,22.35415682182542,12,0,0,1.2246467991473532e-16,-1.0,11.297917813229454,0.2782941176470588,51.52566040982353,-3.308123625017376,-54.36482773198055,0.9313154831199058,-0.15356511511655452,False,2,21.4,NORMAL,No strong abnormal pattern is evident from the current prototype signals.
2023-09-18 13:00:00,REAL_DMA_01,1.0,10.741707045138888,10.741707045138888,8.545049125,8.545049125,0.461,53.025243076,1.7356579201388878,15,15,48.0,40.0,False,NONE,16.158120053407636,13,0,0,-0.2588190451025208,-0.9659258262890683,10.615801553559182,0.263,52.57536827614706,1.186019641988255,75.2851711026616,0.8556759840273841,-0.16317443909903007,False,3,18.2,NORMAL,"Metered consumption is substantially above the DMA's historical baseline. This may indicate unusual operation or potential water loss, but it is not a confirmed leak."
2023-09-18 14:00:00,REAL_DMA_01,1.0,10.133181646341464,10.133181646341464,8.336778877551021,8.336778877551021,0.269,53.025243076,1.5274027687904432,15,15,41.0,49.0,False,NONE,15.073279272970543,14,0,0,-0.4999999999999997,-0.8660254037844388,10.608151992537303,0.26894117647058824,52.54537662282353,-4.477408944837653,0.021872265966759032,0.913242009132419,-0.18152882351805305,False,3,4.5,NORMAL,No strong abnormal pattern is evident from the current prototype signals.
2023-09-18 15:00:00,REAL_DMA_01,1.0,10.727110030303033,10.727110030303033,8.428615384615386,8.428615384615386,0.35,53.025243076,1.948494645687647,15,15,44.0,52.0,False,NONE,18.164208628263726,15,0,0,-0.7071067811865471,-0.7071067811865479,10.718983529668506,0.3262941176470588,52.96525976935294,0.07581409759641544,7.26518839012079,0.11325028312571439,-0.18387766520201937,False,3,6.6,NORMAL,No strong abnormal pattern is evident from the current prototype signals.
2023-09-18 16:00:00,REAL_DMA_01,1.0,10.558023020833334,10.558023020833334,8.635198653846153,8.635198653846153,0.478,53.025243076,1.4448243669871805,15,15,40.0,52.0,False,NONE,13.684610879671505,16,0,0,-0.8660254037844385,-0.5000000000000004,10.712740046009136,0.4054705882352941,52.905276462705885,-1.4442339169187621,17.887712171768467,0.2267573696145122,-0.17409180013703157,False,2,5.8,NORMAL,No strong abnormal pattern is evident from the current prototype signals.
2023-09-18 17:00:00,REAL_DMA_01,1.0,10.303139191919191,10.303139191919191,8.98451,8.98451,0.639,53.025243076,0.6796291919191912,15,15,33.0,60.0,False,NONE,6.596331266224455,17,0,0,-0.9659258262890683,-0.25881904510252063,10.370223091662828,0.40135294117647063,53.14520968929412,-0.6468896488598068,59.21149054668034,-0.22573363431151214,-0.14254122621931398,False,3,23.5,NORMAL,"Metered consumption is substantially above the DMA's historical baseline. This may indicate unusual operation or potential water loss, but it is not a confirmed leak."
2023-09-18 18:00:00,REAL_DMA_01,1.0,10.142389745370371,10.142389745370371,8.96788914893617,8.96788914893617,0.341,52.005526863,0.8335005964342017,15,15,36.0,47.0,False,NONE,8.21799021098222,18,0,0,-1.0,-1.8369701987210297e-16,10.063938536697547,0.384,53.14520968929412,0.7795278994079361,-11.19791666666666,-2.144469525959372,-0.1507899878690253,False,3,14.7,NORMAL,No strong abnormal pattern is evident from the current prototype signals.
2023-09-18 19:00:00,REAL_DMA_01,1.0,10.958645135802469,10.958645135802469,9.912261136363638,9.912261136363638,0.249,52.005526863,0.7973839994388309,15,15,54.0,44.0,False,NONE,7.2763009437520285,19,0,0,-0.9659258262890684,0.2588190451025203,9.854214288529342,0.29270588235294115,53.14520968929412,11.207700735295802,-14.931672025723463,-2.144469525959372,-0.13767560958893899,False,3,21.7,NORMAL,No strong abnormal pattern is evident from the current prototype signals.
2023-09-18 20:00:00,REAL_DMA_01,1.0,10.806772,10.806772,7.790294000000001,7.790294000000001,0.299,49.4562363305,2.7174779999999994,15,15,38.0,35.0,False,NONE,25.146065818729213,20,0,0,-0.8660254037844386,0.5000000000000001,9.648367501524332,0.2472941176470588,51.13576891661766,12.006222796681968,20.90865842055186,-3.284457478005889,-0.09287913122183478,False,2,42.5,MONITOR,No strong abnormal pattern is evident from the current prototype signals.
2023-09-18 21:00:00,REAL_DMA_01,1.0,9.112433203125,9.112433203125,6.543068571428571,6.543068571428571,0.285,50.985810650000005,2.2843646316964294,15,15,32.0,28.0,False,NONE,25.068657083961217,21,0,0,-0.7071067811865477,0.7071067811865474,8.464306392110322,0.25329411764705884,51.46567710317647,7.657175685639234,12.517417556897337,-0.9324009324009175,-0.14516126847482824,False,1,20.6,NORMAL,No strong abnormal pattern is evident from the current prototype signals.
2023-09-18 22:00:00,REAL_DMA_01,1.0,6.088960500000001,6.088960500000001,5.66415,5.66415,0.345,53.025243076,0.07981050000000045,15,15,20.0,59.0,False,NONE,1.31074097130373,22,0,0,-0.5000000000000004,0.8660254037844384,5.7924115948380965,0.1575294117647059,52.66534323611765,5.119610378277909,119.00672143390587,0.6833712984054661,-0.1299433289849964,False,2,30.8,NORMAL,"Metered consumption is substantially above the DMA's historical baseline. This may indicate unusual operation or potential water loss, but it is not a confirmed leak."
2023-09-18 23:00:00,REAL_DMA_01,1.0,4.46784196969697,4.46784196969697,5.66415,5.66415,0.013,53.025243076,-1.2093080303030304,15,15,22.0,58.0,False,NONE,-27.066938322911437,23,0,0,-0.25881904510252157,0.9659258262890681,4.3386143942474815,0.07794117647058822,53.14520968929412,2.978544846502828,-83.32075471698113,-0.22573363431151214,-0.09855291905133617,False,3,41.1,MONITOR,No strong abnormal pattern is evident from the current prototype signals.
2023-09-19 00:00:00,REAL_DMA_01,1.0,3.685415238095238,3.685415238095238,3.785400476190476,3.785400476190476,0.026,53.025243076,-0.12598523809523796,15,15,21.0,42.0,False,NONE,-3.4184814995325166,0,1,0,0.0,1.0,3.6727638479582185,0.04688235294117645,52.995251422676475,0.3444651129435608,-44.542032622333736,0.056593095642328214,-0.1463178882274741,False,3,19.8,NORMAL,No strong abnormal pattern is evident from the current prototype signals.
2023-09-19 01:00:00,REAL_DMA_01,1.0,3.458233235294118,3.458233235294118,3.6190798039215686,3.6190798039215686,0.019,52.005526863,-0.17984656862745071,15,15,34.0,51.0,False,NONE,-5.200533231592606,1,1,0,0.25881904510252074,0.9659258262890683,3.5097266515992156,0.04927777777777778,53.138544877444446,-1.4671631559008915,-61.443066516347244,-2.1321961620469105,-0.09882944524134268,False,3,39.9,NORMAL,No strong abnormal pattern is evident from the current prototype signals.
2023-09-19 02:00:00,REAL_DMA_01,1.0,3.629615740740741,3.629615740740741,1.36721,1.36721,0.03,52.005526863,2.232405740740741,15,15,27.0,59.0,False,NONE,61.505291474329624,2,1,0,0.49999999999999994,0.8660254037844387,3.395463885754916,0.0342222222222222,52.91194127455556,6.8960195974449565,-12.337662337662291,-1.7130620985010774,-0.047351684349168255,False,4,61.0,MONITOR,Inlet volume significantly exceeds outlet volume plus metered consumption; The abnormal pattern has persisted across multiple recent readings. Continued monitoring is recommended for this probable abnormality.
2023-09-19 03:00:00,REAL_DMA_01,1.0,4.858811041666667,4.858811041666667,3.285896470588235,3.285896470588235,0.03,52.005526863,1.5429145710784316,15,15,24.0,34.0,False,NONE,31.754981987304898,3,1,0,0.7071067811865476,0.7071067811865476,4.462367288042512,0.06477777777777777,52.685337671666666,8.884157847931453,-53.68782161234991,-1.2903225806451597,-0.10622977094735114,False,5,49.9,MONITOR,Inlet volume significantly exceeds outlet volume plus metered consumption; The abnormal pattern has persisted across multiple recent readings. Continued monitoring is recommended for this probable abnormality.
2023-09-19 04:00:00,REAL_DMA_01,1.0,11.48617744927536,11.48617744927536,8.282003387096774,8.282003387096774,0.109,52.005526863,3.095174062178586,15,15,46.0,31.0,False,NONE,26.946946239054093,4,1,0,0.8660254037844386,0.5000000000000001,8.66691114744612,0.17844444444444443,53.50677573213889,32.52907816713908,-38.916562889165625,-2.805717310746431,-0.1042056303956177,False,5,49.6,MONITOR,The abnormal pattern has persisted across multiple recent readings. Continued monitoring is recommended for this probable abnormality.
2023-09-19 05:00:00,REAL_DMA_01,1.0,15.89178647385621,15.89178647385621,11.709628928571428,11.709628928571428,0.378,49.96609443700001,3.804157545284781,15,15,51.0,42.0,False,NONE,23.937884840971478,5,1,0,0.9659258262890683,0.25881904510252074,12.500752036556676,0.22366666666666665,51.892225061555564,27.126643480191703,69.00149031296573,-3.711790393013098,-0.05229329548272299,False,6,59.6,MONITOR,Metered consumption is substantially above the DMA's historical baseline; The abnormal pattern has persisted across multiple recent readings. Continued monitoring is recommended for this probable abnormality.
2023-09-19 06:00:00,REAL_DMA_01,1.0,15.386093303968256,15.386093303968256,13.07946012820513,13.07946012820513,0.401,50.985810650000005,1.9056331757631264,15,15,60.0,39.0,False,NONE,12.385425839525107,6,1,0,1.0,6.123233995736766e-17,12.524920862800178,0.3681111111111111,51.86389961119445,22.843836480164473,8.934500452761855,-1.6930638995084628,-0.09859921421749773,False,5,38.2,NORMAL,"The abnormal pattern has persisted across multiple recent readings. This may indicate unusual operation or potential water loss, but it is not a confirmed leak."
2023-09-19 07:00:00,REAL_DMA_01,1.0,12.777838975308642,12.777838975308642,11.03894061728395,11.03894061728395,0.087,50.985810650000005,1.6518983580246915,15,15,54.0,27.0,False,NONE,12.9278382770103,7,1,0,0.9659258262890683,-0.25881904510252063,12.65703451014515,0.21172222222222223,51.69394690902778,0.9544452538757124,-58.90842298609289,-1.3698630136986245,-0.12013865402544066,False,5,36.2,NORMAL,"The abnormal pattern has persisted across multiple recent readings. This may indicate unusual operation or potential water loss, but it is not a confirmed leak."
2023-09-19 08:00:00,REAL_DMA_01,1.0,12.667874479105928,12.667874479105928,11.108567916666669,11.108567916666669,0.121,50.985810650000005,1.438306562439259,15,15,49.0,28.0,False,NONE,11.353969166741946,8,1,0,0.8660254037844387,-0.4999999999999998,12.931551246733822,0.2506111111111111,51.608970557944446,-2.039018850847395,-51.718022611394375,-1.2074643249176658,-0.13310669486471727,False,5,29.9,NORMAL,"The abnormal pattern has persisted across multiple recent readings. This may indicate unusual operation or potential water loss, but it is not a confirmed leak."
2023-09-19 09:00:00,REAL_DMA_01,1.0,12.729161368165784,12.729161368165784,10.473052575757576,10.473052575757576,0.297,50.985810650000005,1.9591087924082078,15,15,54.0,33.0,False,NONE,15.390713777167765,9,1,0,0.7071067811865476,-0.7071067811865475,12.804208112873518,0.29027777777777775,52.005526863,-0.5861100041968321,2.3157894736842173,-1.9607843137254812,-0.15141461601999817,False,4,14.5,NORMAL,"The abnormal pattern has persisted across multiple recent readings. This may indicate unusual operation or potential water loss, but it is not a confirmed leak."
2023-09-19 10:00:00,REAL_DMA_01,1.0,12.235525453333333,12.235525453333333,10.478442916666667,10.478442916666667,0.236,52.005526863,1.5210825366666654,15,15,50.0,28.0,False,NONE,12.431689529543464,10,1,0,0.49999999999999994,-0.8660254037844387,11.405452250103842,0.3196111111111111,52.5153849695,7.277863122191697,-26.160264209977406,-0.9708737864077626,-0.1607658352866651,False,3,13.1,NORMAL,No strong abnormal pattern is evident from the current prototype signals.
2023-09-19 11:00:00,REAL_DMA_01,1.0,11.173010320987654,11.173010320987654,9.604927352941177,9.604927352941177,0.424,49.96609443700001,1.1440829680464772,15,15,54.0,34.0,False,NONE,10.239702060396418,11,1,0,0.258819045102521,-0.9659258262890682,12.081715151432974,0.2802777777777778,51.80724871047223,-7.521323082489172,51.27849355797819,-3.553854565336245,-0.0859543244198629,False,2,41.3,MONITOR,Metered consumption is substantially above the DMA's historical baseline. Continued monitoring is recommended for this probable abnormality.
2023-09-19 12:00:00,REAL_DMA_01,1.0,11.325856333333332,11.325856333333332,10.505915789473685,10.505915789473685,0.1679999999999999,48.946378224,0.651940543859648,15,15,46.0,19.0,False,NONE,5.756214141096863,12,1,0,1.2246467991473532e-16,-1.0,11.277153974989758,0.26988888888888884,51.55231965722223,0.43186745921519776,-37.75216138328533,-5.0549450549450645,-0.050728701513232055,False,2,42.6,MONITOR,No strong abnormal pattern is evident from the current prototype signals.
2023-09-19 13:00:00,REAL_DMA_01,1.0,10.945307908163263,10.945307908163263,9.183192068965518,9.183192068965518,0.204,50.985810650000005,1.5581158391977457,15,15,49.0,29.0,False,NONE,14.235468314561228,13,1,0,-0.2588190451025208,-0.9659258262890683,10.622796303091386,0.27399999999999997,52.60036132058334,3.0360330356520344,-25.54744525547445,-3.069466882067853,-0.13605134391691226,False,1,20.8,NORMAL,No strong abnormal pattern is evident from the current prototype signals.
2023-09-19 14:00:00,REAL_DMA_01,1.0,10.653736203703705,10.653736203703705,8.05676,8.05676,0.3379999999999999,50.985810650000005,2.258976203703704,15,15,45.0,52.0,False,NONE,21.20360557565134,14,1,0,-0.4999999999999997,-0.8660254037844388,10.581764751081979,0.26894444444444443,52.57203587022222,0.6801460277631601,25.676513117124532,-3.0172413793103368,-0.13938788371285327,False,1,22.8,NORMAL,No strong abnormal pattern is evident from the current prototype signals.
2023-09-19 15:00:00,REAL_DMA_01,1.0,11.146619391891893,11.146619391891893,8.079888421052631,8.079888421052631,0.367,50.985810650000005,2.699730970839261,15,15,37.0,57.0,False,NONE,24.220177220755012,15,1,0,-0.7071067811865471,-0.7071067811865479,10.71943500192598,0.32761111111111113,52.968592175277784,3.9851390478057795,12.023062574190257,-3.7433155080213933,-0.13404095714670544,False,0,24.6,NORMAL,No strong abnormal pattern is evident from the current prototype signals.
2023-09-19 16:00:00,REAL_DMA_01,1.0,11.372881268115943,11.372881268115943,7.910277608695652,7.910277608695652,0.363,53.025243076,3.0996036594202914,15,15,46.0,46.0,False,NONE,27.25433939163755,16,1,0,-0.8660254037844385,-0.5000000000000004,10.704144655721592,0.4095,52.91194127455556,6.247454924265222,-11.355311355311352,0.21413276231263134,-0.16546207924857237,False,0,12.5,NORMAL,No strong abnormal pattern is evident from the current prototype signals.
2023-09-19 17:00:00,REAL_DMA_01,1.0,11.260799656862744,11.260799656862744,7.925467111111112,7.925467111111112,0.372,53.025243076,2.9633325457516326,15,15,51.0,45.0,False,NONE,26.315471689842816,17,1,0,-0.9659258262890683,-0.25881904510252063,10.366496208343737,0.41455555555555557,53.138544877444446,8.626863219215812,-10.265344411685879,-0.21321961620468835,-0.17014978084744303,False,0,10.8,NORMAL,No strong abnormal pattern is evident from the current prototype signals.
2023-09-19 18:00:00,REAL_DMA_01,1.0,11.156989791666666,11.156989791666666,7.792687346938775,7.792687346938775,0.78,53.025243076,2.58430244472789,15,15,40.0,49.0,False,NONE,23.163079764204383,18,1,0,-1.0,-1.8369701987210297e-16,10.06829693717937,0.3816111111111111,53.08189397672223,10.813078530362574,104.39656427427573,-0.1067235859124921,-0.13006131902334583,False,1,34.8,NORMAL,"Metered consumption is substantially above the DMA's historical baseline. This may indicate unusual operation or potential water loss, but it is not a confirmed leak."
2023-09-19 19:00:00,REAL_DMA_01,1.0,11.233172037037038,11.233172037037038,8.230796666666667,8.230796666666667,0.317,53.025243076,2.6853753703703713,15,15,45.0,39.0,False,NONE,23.905761983493043,19,1,0,-0.9659258262890684,0.2588190451025203,9.915571557822293,0.29027777777777775,53.08189397672223,13.288194952063085,9.205741626794271,-0.1067235859124921,-0.17038414956409154,False,1,11.1,NORMAL,No strong abnormal pattern is evident from the current prototype signals.
2023-09-19 20:00:00,REAL_DMA_01,1.0,11.274225055555556,11.274225055555556,8.868545000000001,8.868545000000001,0.2279999999999999,50.985810650000005,2.1776800555555553,15,15,45.0,32.0,False,NONE,19.31556310810443,20,1,0,-0.8660254037844386,0.5000000000000001,9.712723306995201,0.25016666666666665,51.04246155072222,16.076868445698906,-8.86075949367092,-0.11098779134294401,-0.14264260361891778,False,1,18.6,NORMAL,No strong abnormal pattern is evident from the current prototype signals.
2023-09-19 21:00:00,REAL_DMA_01,1.0,9.28358875,9.28358875,8.20769318181818,8.20769318181818,0.162,50.985810650000005,0.9138955681818189,15,15,36.0,44.0,False,NONE,9.844205649262728,21,1,0,-0.7071067811865477,0.7071067811865474,8.500313437166692,0.25505555555555554,51.439017855777784,9.214663890022239,-36.48442605096928,-0.8810572687224705,-0.14411900232463898,False,1,18.6,NORMAL,No strong abnormal pattern is evident from the current prototype signals.
2023-09-19 22:00:00,REAL_DMA_01,1.0,5.3721517,5.3721517,4.29694,4.29694,0.118,54.044959289000005,0.9572116999999997,15,15,25.0,50.0,False,NONE,17.81803183257092,22,1,0,-0.5000000000000004,0.8660254037844384,5.808886534013758,0.16794444444444442,52.685337671666666,-7.518391544687102,-29.738670195170357,2.580645161290333,-0.10268984544118476,False,1,33.8,NORMAL,No strong abnormal pattern is evident from the current prototype signals.
2023-09-19 23:00:00,REAL_DMA_01,1.0,3.815433333333333,3.815433333333333,4.29694,4.29694,0.074,54.044959289000005,-0.5555066666666671,15,15,24.0,59.0,False,NONE,-14.559464630491965,23,1,0,-0.25881904510252157,0.9659258262890681,4.345793703994676,0.07433333333333332,53.138544877444446,-12.203993258442832,-0.44843049327353063,1.7057569296375337,-0.08263187117318227,False,1,32.5,NORMAL,No strong abnormal pattern is evident from the current prototype signals.
2023-09-20 00:00:00,REAL_DMA_01,1.0,3.3464036666666668,3.3464036666666668,4.29694,4.29694,0.029,53.025243076,-0.9795363333333335,15,15,15.0,58.0,False,NONE,-29.271314249695525,0,2,0,0.0,1.0,3.6734667029658303,0.045722222222222206,52.99691762563889,-8.90338916193535,-36.57351154313485,0.053447354355955407,-0.12212242183637972,False,1,27.9,NORMAL,No strong abnormal pattern is evident from the current prototype signals.
2023-09-20 01:00:00,REAL_DMA_01,1.0,3.363273787878788,3.363273787878788,4.29694,4.29694,0.08,53.025243076,-1.0136662121212123,15,15,33.0,59.0,False,NONE,-30.139271318750716,1,2,0,0.25881904510252074,0.9659258262890683,3.507016471793684,0.047684210526315794,53.07891235036843,-4.098717102442858,67.77041942604856,-0.10111223458039009,-0.1205894642114711,False,2,33.3,NORMAL,"Metered consumption is substantially above the DMA's historical baseline. This may indicate unusual operation or potential water loss, but it is not a confirmed leak."
2023-09-20 02:00:00,REAL_DMA_01,1.0,3.333684318181818,3.333684318181818,4.29694,4.29694,0.029,53.025243076,-0.9922556818181821,15,15,44.0,60.0,False,NONE,-29.76453638415756,2,2,0,0.49999999999999994,0.8660254037844387,3.4077876675962755,0.03399999999999998,52.86423525289474,-2.1745295377140414,-14.705882352941128,0.30456852791878597,-0.12678164252430574,False,1,22.1,NORMAL,No strong abnormal pattern is evident from the current prototype signals.
2023-09-20 03:00:00,REAL_DMA_01,1.0,4.596173333333334,4.596173333333334,4.29694,4.29694,0.129,52.005526863,0.17023333333333346,15,15,26.0,55.0,False,NONE,3.7038057746589215,3,2,0,0.7071067811865476,0.7071067811865476,4.483232748759574,0.06294736842105261,52.649558155421055,2.519177363812054,104.93311036789304,-1.2232415902140708,-0.11581272361650585,False,2,35.9,NORMAL,"Metered consumption is substantially above the DMA's historical baseline. This may indicate unusual operation or potential water loss, but it is not a confirmed leak."
2023-09-20 04:00:00,REAL_DMA_01,1.0,12.165388898033124,12.165388898033124,8.327541515151516,8.327541515151516,0.253,52.515384969500005,3.584847382881607,15,15,46.0,33.0,False,NONE,29.46759378535937,4,2,0,0.8660254037844386,0.5000000000000001,8.8152935843845,0.17478947368421052,53.427762633763166,38.00321885572836,44.74555856669678,-1.7076845806127634,-0.12049118453477647,False,2,43.8,MONITOR,Inlet flow is substantially above the DMA's historical baseline; Metered consumption is substantially above the DMA's historical baseline. Continued monitoring is recommended for this probable abnormality.
2023-09-20 05:00:00,REAL_DMA_01,1.0,16.5162993496732,16.5162993496732,14.406639782608694,14.406639782608694,0.332,50.985810650000005,1.7776595670645061,15,15,51.0,23.0,False,NONE,10.763062169248462,5,2,0,0.9659258262890683,0.25881904510252074,12.679227533256652,0.23178947368421052,51.79084976552632,30.262662345574288,43.233424159854685,-1.5544041450777144,-0.06686411483661725,False,2,44.4,MONITOR,Metered consumption is substantially above the DMA's historical baseline. Continued monitoring is recommended for this probable abnormality.
2023-09-20 06:00:00,REAL_DMA_01,1.0,14.440569664578112,14.440569664578112,12.73550011904762,12.73550011904762,0.318,50.985810650000005,1.3870695455304918,15,15,57.0,35.0,False,NONE,9.605365839083854,6,2,0,1.0,6.123233995736766e-17,12.67550888601955,0.3698421052631579,51.81768440271053,13.92496975411642,-14.017361605236948,-1.6053858104609051,-0.11843410614667704,False,2,29.0,NORMAL,No strong abnormal pattern is evident from the current prototype signals.
2023-09-20 07:00:00,REAL_DMA_01,1.0,13.03144536777211,13.03144536777211,11.308766666666664,11.308766666666664,0.1659999999999999,50.985810650000005,1.556678701105446,15,15,56.0,30.0,False,NONE,11.945556745034951,7,2,0,0.9659258262890683,-0.25881904510252063,12.6633926398906,0.2051578947368421,51.65667657960527,2.9064306726312634,-19.086711133914875,-1.2987012987012982,-0.14010088295863826,False,2,18.7,NORMAL,No strong abnormal pattern is evident from the current prototype signals.
2023-09-20 08:00:00,REAL_DMA_01,1.0,14.700073078231291,14.700073078231291,12.307834116161615,12.307834116161615,0.178,50.985810650000005,2.2142389620696763,15,15,56.0,33.0,False,NONE,15.062775200408002,8,2,0,0.8660254037844387,-0.4999999999999998,12.917673522121827,0.2437894736842105,51.576172668052635,13.798146802960007,-26.986183074265973,-1.1446409989594146,-0.13101531178446563,False,2,25.5,NORMAL,No strong abnormal pattern is evident from the current prototype signals.
2023-09-20 09:00:00,REAL_DMA_01,1.0,13.539925901785711,13.539925901785711,11.4442665625,11.4442665625,0.2339999999999999,50.985810650000005,1.861659339285712,15,15,56.0,32.0,False,NONE,13.74940566728055,9,2,0,0.7071067811865476,-0.7071067811865475,12.800258284204691,0.2906315789473684,51.95185758863158,5.778536660418467,-19.485693589279276,-1.8595041322314032,-0.14364755907567756,False,1,16.5,NORMAL,No strong abnormal pattern is evident from the current prototype signals.
2023-09-20 10:00:00,REAL_DMA_01,1.0,12.119367733809524,12.119367733809524,9.924468125,9.924468125,0.164,52.005526863,2.030899608809523,15,15,50.0,28.0,False,NONE,16.757471622417246,10,2,0,0.49999999999999994,-0.8660254037844387,11.44914031343171,0.31521052631578944,52.48855033231579,5.853954113843176,-47.97128068124895,-0.9202453987730055,-0.1585491109219978,False,1,15.1,NORMAL,No strong abnormal pattern is evident from the current prototype signals.
2023-09-20 11:00:00,REAL_DMA_01,1.0,11.979478322310406,11.979478322310406,10.363438533333332,10.363438533333332,0.318,50.985810650000005,1.2980397889770745,15,15,54.0,25.0,False,NONE,10.835528510115704,11,2,0,0.258819045102521,-0.9659258262890682,12.033888581409537,0.28784210526315784,51.710345853973685,-0.4521419550384214,10.4772353263851,-1.4011416709911702,-0.1490628822064025,False,0,11.4,NORMAL,No strong abnormal pattern is evident from the current prototype signals.
2023-09-20 12:00:00,REAL_DMA_01,1.0,12.607358901960785,12.607358901960785,9.89191375,9.89191375,0.109,49.96609443700001,2.6064451519607843,15,15,51.0,24.0,False,NONE,20.67399819604891,12,2,0,1.2246467991473532e-16,-1.0,11.279717257007842,0.26452631578947366,51.41516484494737,11.770167768417313,-58.79426979705531,-2.8183716075156418,-0.09366165434473561,False,1,43.3,MONITOR,No strong abnormal pattern is evident from the current prototype signals.
2023-09-20 13:00:00,REAL_DMA_01,1.0,10.78925709469697,10.78925709469697,9.206681375,9.206681375,0.277,52.005526863,1.3055757196969688,15,15,44.0,40.0,False,NONE,12.10070080115778,13,2,0,-0.2588190451025208,-0.9659258262890683,10.63977059809517,0.27031578947368423,52.5153849695,1.4049785681334304,2.472741433021808,-0.9708737864077626,-0.17332869279181073,False,1,3.3,NORMAL,No strong abnormal pattern is evident from the current prototype signals.
2023-09-20 14:00:00,REAL_DMA_01,1.0,12.353078108974358,12.353078108974358,10.437887352941177,10.437887352941177,0.182,52.005526863,1.7331907560331818,15,15,52.0,34.0,False,NONE,14.030436306996554,14,2,0,-0.4999999999999997,-0.8660254037844388,10.585552722272595,0.2725789473684211,52.48855033231579,16.697525703903874,-33.230353350067595,-0.9202453987730055,-0.14248872986212852,False,1,20.1,NORMAL,No strong abnormal pattern is evident from the current prototype signals.
2023-09-20 15:00:00,REAL_DMA_01,1.0,10.44956306818182,10.44956306818182,9.25373,9.25373,0.445,52.005526863,0.7508330681818214,15,15,44.0,37.0,False,NONE,7.185305866692694,15,2,0,-0.7071067811865471,-0.7071067811865479,10.741918390871554,0.32968421052631575,52.86423525289474,-2.7216304579094164,34.97765006385698,-1.6243654822335025,-0.15712122881886448,False,1,13.0,NORMAL,No strong abnormal pattern is evident from the current prototype signals.
2023-09-20 16:00:00,REAL_DMA_01,1.0,11.329237179487178,11.329237179487178,9.480940416666668,9.480940416666668,0.589,52.005526863,1.2592967628205103,15,15,52.0,48.0,False,NONE,11.115459433584855,16,2,0,-0.8660254037844385,-0.5000000000000004,10.739341319531821,0.4070526315789474,52.91790452726316,5.492849537080113,44.69873286785621,-1.7241379310344886,-0.14651571090325355,False,1,18.7,NORMAL,"Metered consumption is substantially above the DMA's historical baseline. This may indicate unusual operation or potential water loss, but it is not a confirmed leak."
2023-09-20 17:00:00,REAL_DMA_01,1.0,10.73059601851852,10.73059601851852,9.475073255813951,9.475073255813951,0.396,52.005526863,0.8595227627045688,15,15,36.0,43.0,False,NONE,8.010018839785152,17,2,0,-0.9659258262890683,-0.25881904510252063,10.41356481089737,0.4123157894736842,53.132581624736844,3.0444061508062097,-3.957110033188656,-2.121212121212124,-0.14921412006743034,False,1,12.3,NORMAL,No strong abnormal pattern is evident from the current prototype signals.
2023-09-20 18:00:00,REAL_DMA_01,1.0,11.208149742424242,11.208149742424242,9.475073255813951,9.475073255813951,0.219,52.005526863,1.5140764866102903,14,15,44.0,43.0,False,NONE,13.508710370627208,18,2,0,-1.0,-1.8369701987210297e-16,10.125596561099755,0.40257894736842104,53.07891235036843,10.69125334781173,-45.60073212184599,-2.0222446916076944,-0.14359309907099976,False,1,20.8,NORMAL,No strong abnormal pattern is evident from the current prototype signals.
2023-09-20 19:00:00,REAL_DMA_01,1.0,11.221366782945736,11.221366782945736,8.781058750000001,8.781058750000001,0.405,53.025243076,2.0353080329457347,14,15,43.0,24.0,False,NONE,18.137790808504732,19,2,0,-0.9659258262890684,0.2588190451025203,9.984918951465174,0.29168421052631577,53.07891235036843,12.3831534085625,38.84879105016242,-0.10111223458039009,-0.17002644793926536,False,1,11.7,NORMAL,"Metered consumption is substantially above the DMA's historical baseline. This may indicate unusual operation or potential water loss, but it is not a confirmed leak."
2023-09-20 20:00:00,REAL_DMA_01,1.0,10.828249925,10.828249925,7.579499677419355,7.579499677419355,0.133,50.985810650000005,3.115750247580645,15,15,40.0,31.0,False,NONE,28.774273489819223,20,2,0,-0.8660254037844386,0.5000000000000001,9.79490760955101,0.249,51.03947992436843,10.549791347101397,-46.5863453815261,-0.10515247108307654,-0.12517700188454728,False,0,34.7,NORMAL,No strong abnormal pattern is evident from the current prototype signals.
2023-09-20 21:00:00,REAL_DMA_01,1.0,9.716187627906976,9.716187627906976,8.542482105263158,8.542482105263158,0.115,50.985810650000005,1.058705522643818,15,15,43.0,38.0,False,NONE,10.896305867982505,21,2,0,-0.7071067811865477,0.7071067811865474,8.541538453631604,0.25015789473684213,51.41516484494737,13.752196757668944,-54.02903429413003,-0.8350730688935213,-0.12801917916533218,False,1,28.9,NORMAL,No strong abnormal pattern is evident from the current prototype signals.
2023-09-20 22:00:00,REAL_DMA_01,1.0,5.1206630434782605,5.1206630434782605,4.309144375,4.309144375,0.077,53.025243076,0.7345186684782608,15,15,23.0,48.0,False,NONE,14.344210158755766,22,2,0,-0.5000000000000004,0.8660254037844384,5.785900490118297,0.16531578947368422,52.756896704157896,-11.497561144997071,-53.42247691817893,0.5086469989827086,-0.13727488823258138,False,2,24.9,NORMAL,No strong abnormal pattern is evident from the current prototype signals.
2023-09-20 23:00:00,REAL_DMA_01,1.0,4.1055316,4.1055316,3.71099,3.71099,0.077,53.025243076,0.31754160000000015,15,15,25.0,59.0,False,NONE,7.734481936517068,23,2,0,-0.25881904510252157,0.9659258262890681,4.317880000275657,0.07431578947368421,53.18625089910527,-4.917885635128836,3.6118980169971664,-0.3027245206861798,-0.14809655447890763,False,2,13.4,NORMAL,No strong abnormal pattern is evident from the current prototype signals.
2023-09-21 00:00:00,REAL_DMA_01,1.0,3.3948910526315785,3.3948910526315785,3.71099,3.71099,0.032,53.025243076,-0.3480989473684213,15,15,38.0,60.0,False,NONE,-10.253611735156845,0,3,0,0.0,1.0,3.656252858950085,0.044842105263157885,52.998408438815794,-7.148351506344071,-28.63849765258214,0.050632911392401295,-0.14521199726535555,False,2,17.7,NORMAL,No strong abnormal pattern is evident from the current prototype signals.
2023-09-21 01:00:00,REAL_DMA_01,1.0,3.358574782608696,3.358574782608696,3.71099,3.71099,0.004,53.025243076,-0.3564152173913038,15,15,46.0,60.0,False,NONE,-10.61209710847845,1,3,0,0.25881904510252074,0.9659258262890683,3.4998293375979395,0.0493,53.07622888665001,-4.0360412284043425,-91.88640973630831,-0.09606147934679085,-0.1277480243503007,False,3,32.6,NORMAL,No strong abnormal pattern is evident from the current prototype signals.
2023-09-21 02:00:00,REAL_DMA_01,1.0,3.359798846153846,3.359798846153846,3.71099,3.71099,0.039,52.515384969500005,-0.3901911538461536,15,15,52.0,60.0,False,NONE,-11.613527229251469,2,3,0,0.49999999999999994,0.8660254037844387,3.404082500125553,0.03374999999999999,52.872285644049995,-1.3008983762900377,15.555555555555594,-0.6750241080038394,-0.1283827064514318,False,3,24.3,NORMAL,No strong abnormal pattern is evident from the current prototype signals.
2023-09-21 03:00:00,REAL_DMA_01,1.0,4.7608143,4.7608143,3.71099,3.71099,0.028,53.025243076,1.0218243,15,15,25.0,60.0,False,NONE,21.46322531420728,3,3,0,0.7071067811865476,0.7071067811865476,4.488879777988261,0.06624999999999999,52.6173565908,6.057959568113204,-57.73584905660377,0.7751937984496169,-0.13401865051052936,False,4,32.5,NORMAL,"The abnormal pattern has persisted across multiple recent readings. This may indicate unusual operation or potential water loss, but it is not a confirmed leak."
2023-09-21 04:00:00,REAL_DMA_01,1.0,10.917212027027029,10.917212027027029,6.920959782608696,6.920959782608696,0.165,53.025243076,3.831252244418333,15,15,37.0,23.0,False,NONE,35.09368724298431,4,3,0,0.8660254037844386,0.5000000000000001,8.982798350066933,0.1787,53.38214375055001,21.534644345497107,-7.6664801343032964,-0.6685768863419381,-0.13071396435251476,False,5,39.2,NORMAL,"Inlet volume significantly exceeds outlet volume plus metered consumption; The abnormal pattern has persisted across multiple recent readings. This may indicate unusual operation or potential water loss, but it is not a confirmed leak."
2023-09-21 05:00:00,REAL_DMA_01,1.0,16.87263199056604,16.87263199056604,12.649693333333332,12.649693333333332,0.184,49.96609443700001,4.038938657232706,15,15,53.0,27.0,False,NONE,23.937810410912714,5,3,0,0.9659258262890683,0.25881904510252074,12.871081124077481,0.23679999999999998,51.750597809750005,31.089469702766433,-22.29729729729729,-3.4482758620689555,-0.042857413544155065,False,4,51.8,MONITOR,The abnormal pattern has persisted across multiple recent readings. Continued monitoring is recommended for this probable abnormality.
2023-09-21 06:00:00,REAL_DMA_01,1.0,14.348839153246752,14.348839153246752,11.8623653125,11.8623653125,0.25,50.985810650000005,2.2364738407467524,15,15,55.0,32.0,False,NONE,15.586444428437957,6,3,0,1.0,6.123233995736766e-17,12.763761924947477,0.36725,51.776090715075,12.418574066327215,-31.926480599046975,-1.5263417035942795,-0.13283372130574067,False,3,26.7,NORMAL,No strong abnormal pattern is evident from the current prototype signals.
2023-09-21 07:00:00,REAL_DMA_01,1.0,13.404857597634022,13.404857597634022,11.690039036458334,11.690039036458334,0.133,52.005526863,1.5818185611756883,15,15,53.0,32.0,False,NONE,11.800338419521008,7,3,0,0.9659258262890683,-0.25881904510252063,12.681795276284674,0.2032,51.623133283125,5.70157698966719,-34.547244094488185,0.7407407407407408,-0.1290877673844209,False,3,26.8,NORMAL,No strong abnormal pattern is evident from the current prototype signals.
2023-09-21 08:00:00,REAL_DMA_01,1.0,14.12787624770259,14.12787624770259,11.618558287037038,11.618558287037038,0.311,50.985810650000005,2.198317960665552,15,15,57.0,36.0,False,NONE,15.560144512329178,8,3,0,0.8660254037844387,-0.4999999999999998,13.006793499927301,0.2405,51.54665456715001,8.619209244627081,29.313929313929314,-1.0880316518298758,-0.14543335670614022,False,3,19.9,NORMAL,No strong abnormal pattern is evident from the current prototype signals.
2023-09-21 09:00:00,REAL_DMA_01,1.0,12.434050515151515,12.434050515151515,10.6349285,10.6349285,0.187,51.4956687565,1.612122015151516,15,15,55.0,20.0,False,NONE,12.965380936703324,9,3,0,0.7071067811865476,-0.7071067811865475,12.837241665083742,0.28779999999999994,51.903555241700005,-3.1407927064960814,-35.02432244614314,-0.7858546168958788,-0.15695893254691912,False,2,14.1,NORMAL,No strong abnormal pattern is evident from the current prototype signals.
2023-09-21 10:00:00,REAL_DMA_01,1.0,11.31017958076564,11.31017958076564,9.66387043478261,9.66387043478261,0.209,53.025243076,1.4373091459830305,15,15,51.0,23.0,False,NONE,12.708101898110908,10,3,0,0.49999999999999994,-0.8660254037844387,11.482651684450602,0.30765,52.46439915885001,-1.5020232993613964,-32.065659028116364,1.0689990281826924,-0.1674115977852697,False,2,9.5,NORMAL,No strong abnormal pattern is evident from the current prototype signals.
2023-09-21 11:00:00,REAL_DMA_01,1.0,14.2243259417517,14.2243259417517,12.571324567901236,12.571324567901236,0.166,52.005526863,1.4870013738504633,14,15,56.0,27.0,False,NONE,10.453932087465523,11,3,0,0.258819045102521,-0.9659258262890682,12.03116806845458,0.28935,51.674119093775005,18.228968798528584,-42.63003283221013,0.6413418845584515,-0.11036241326900981,False,1,33.3,NORMAL,No strong abnormal pattern is evident from the current prototype signals.
2023-09-21 12:00:00,REAL_DMA_01,1.0,15.15285702201258,15.15285702201258,13.520172666666667,13.520172666666667,0.093,52.005526863,1.539684355345912,15,15,53.0,15.0,False,NONE,10.161016850546469,12,3,0,1.2246467991473532e-16,-1.0,11.346099339255488,0.25675,51.342711324549995,33.55124584169985,-63.77799415774099,1.2909632571996121,-0.0420341736614247,False,1,47.2,MONITOR,No strong abnormal pattern is evident from the current prototype signals.
2023-09-21 13:00:00,REAL_DMA_01,1.0,10.714643194444443,10.714643194444443,8.211867352941177,8.211867352941177,0.106,53.025243076,2.396775841503267,15,15,42.0,34.0,False,NONE,22.369161511099115,13,3,0,-0.2588190451025208,-0.9659258262890683,10.64724492292526,0.27065,52.489892064175,0.633011375309527,-60.83502678736375,1.0199125789218066,-0.14925309178316087,False,2,23.9,NORMAL,No strong abnormal pattern is evident from the current prototype signals.
2023-09-21 14:00:00,REAL_DMA_01,1.0,10.535088741134752,10.535088741134752,7.81262,7.81262,0.101,53.025243076,2.621468741134752,15,15,47.0,59.0,False,NONE,24.883214613077755,14,3,0,-0.4999999999999997,-0.8660254037844388,10.673928991607685,0.26805,52.46439915885001,-1.3007417473181195,-62.32046260026114,1.0689990281826924,-0.151085178094867,False,3,26.1,NORMAL,No strong abnormal pattern is evident from the current prototype signals.
2023-09-21 15:00:00,REAL_DMA_01,1.0,11.196561319444443,11.196561319444443,8.048814186046512,8.048814186046512,0.401,53.025243076,2.746747133397932,15,15,48.0,43.0,False,NONE,24.53205993368526,15,3,0,-0.7071067811865471,-0.7071067811865479,10.727300624737067,0.33544999999999997,52.821299833400005,4.374452726954114,19.540915188552706,0.3861003861003816,-0.18025364704882307,False,3,12.6,NORMAL,No strong abnormal pattern is evident from the current prototype signals.
2023-09-21 16:00:00,REAL_DMA_01,1.0,11.243344146341464,11.243344146341464,7.890742,7.890742,0.278,53.025243076,3.0746021463414634,15,15,41.0,30.0,False,NONE,27.34597559518736,16,3,0,-0.8660254037844385,-0.5000000000000004,10.76883611252959,0.41615,52.872285644049995,4.406307504854514,-33.19716448396011,0.28929604628738087,-0.16380238287480758,False,3,19.2,NORMAL,No strong abnormal pattern is evident from the current prototype signals.
2023-09-21 17:00:00,REAL_DMA_01,1.0,10.818969634146342,10.818969634146342,8.376861481481482,8.376861481481482,0.302,52.005526863,2.1401081526648595,15,15,41.0,27.0,False,NONE,19.781071812146948,17,3,0,-0.9659258262890683,-0.25881904510252063,10.429416371278426,0.41150000000000003,53.07622888665001,3.7351396185572394,-26.609963547995147,-2.017291066282434,-0.1653798616570165,False,3,14.7,NORMAL,No strong abnormal pattern is evident from the current prototype signals.
2023-09-21 18:00:00,REAL_DMA_01,1.0,11.3537299375,11.3537299375,7.777892888888889,7.777892888888889,0.215,52.005526863,3.3608370486111117,15,15,40.0,45.0,False,NONE,29.601171307683412,18,3,0,-1.0,-1.8369701987210297e-16,10.179724220165978,0.3934,53.025243076,11.532785092628774,-45.34824605998984,-1.9230769230769273,-0.1374749263675426,False,3,34.1,NORMAL,No strong abnormal pattern is evident from the current prototype signals.
2023-09-21 19:00:00,REAL_DMA_01,1.0,10.23786000378788,10.23786000378788,7.6837138,7.6837138,0.218,53.025243076,2.33614620378788,15,15,44.0,25.0,False,NONE,22.818696513954436,19,3,0,-0.9659258262890684,0.2588190451025203,10.046741343039203,0.29735,53.07622888665001,1.9022950250539838,-26.68572389440054,-0.09606147934679085,-0.1734631636344815,False,3,13.0,NORMAL,No strong abnormal pattern is evident from the current prototype signals.
2023-09-21 20:00:00,REAL_DMA_01,1.0,9.989259444444444,9.989259444444444,7.788798292682927,7.788798292682927,0.237,50.985810650000005,1.9634611517615177,15,15,39.0,41.0,False,NONE,19.655722855947065,20,3,0,-0.8660254037844386,0.5000000000000001,9.84657472532346,0.2432,51.03679646065,1.4490797368756771,-2.5493421052631624,-0.09990009990009525,-0.15702269473334268,False,2,11.7,NORMAL,No strong abnormal pattern is evident from the current prototype signals.
2023-09-21 21:00:00,REAL_DMA_01,1.0,10.419802886178864,10.419802886178864,7.491292258064515,7.491292258064515,0.192,49.96609443700001,2.736510628114349,15,15,41.0,31.0,False,NONE,26.262594964671916,21,3,0,-0.7071067811865477,0.7071067811865474,8.600270912345371,0.24339999999999998,51.3936971352,21.156682067091893,-21.117502054231707,-2.777777777777759,-0.09592106560204011,False,1,42.3,MONITOR,No strong abnormal pattern is evident from the current prototype signals.
2023-09-21 22:00:00,REAL_DMA_01,1.0,5.999125107526882,5.999125107526882,6.83604,6.83604,0.105,52.005526863,-0.9419148924731178,15,15,31.0,58.0,False,NONE,-15.700870970190833,22,3,0,-0.5000000000000004,0.8660254037844384,5.752638617786295,0.1609,52.77031402275001,4.284755329119537,-34.742075823492854,-1.4492753623188537,-0.09419940364793339,False,0,33.9,NORMAL,No strong abnormal pattern is evident from the current prototype signals.
2023-09-21 23:00:00,REAL_DMA_01,1.0,3.808651153846154,3.808651153846154,2.73442,2.73442,0.032,53.025243076,1.0422311538461537,15,15,26.0,48.0,False,NONE,27.364836309402087,23,3,0,-0.25881904510252157,0.9659258262890681,4.307262580261875,0.07444999999999999,53.178200507949995,-11.576062919883702,-57.018132975151104,-0.28763183125597896,-0.11883127103083041,False,1,39.5,NORMAL,No strong abnormal pattern is evident from the current prototype signals.
2023-09-22 00:00:00,REAL_DMA_01,1.0,3.588923,3.588923,2.73442,2.73442,0.022,53.025243076,0.8325029999999998,15,15,20.0,51.0,False,NONE,23.196457544505687,0,4,0,0.0,1.0,3.6431847686341596,0.04419999999999998,52.999750170675,-1.489404794983886,-50.22624434389139,0.04810004810005257,-0.13097882592412213,False,1,29.9,NORMAL,No strong abnormal pattern is evident from the current prototype signals.
2023-09-22 01:00:00,REAL_DMA_01,1.0,4.055586857142857,4.055586857142857,2.73442,2.73442,0.027,53.025243076,1.294166857142857,15,15,35.0,56.0,False,NONE,31.910717307496945,1,4,0,0.25881904510252074,0.9659258262890683,3.4931029302174994,0.04714285714285714,53.073800990904765,16.102701184655167,-42.72727272727273,-0.09149130832570991,-0.11992562001129298,False,1,40.2,MONITOR,Inlet volume significantly exceeds outlet volume plus metered consumption. Continued monitoring is recommended for this probable abnormality.
2023-09-22 02:00:00,REAL_DMA_01,1.0,3.2020475,3.2020475,2.73442,2.73442,0.071,53.025243076,0.39662749999999986,15,15,26.0,56.0,False,NONE,12.386683832766373,2,4,0,0.49999999999999994,0.8660254037844387,3.401973754698328,0.03399999999999999,52.855290373833334,-5.876772400792869,108.82352941176477,0.3215434083601316,-0.13006003676878575,False,2,30.7,NORMAL,"Metered consumption is substantially above the DMA's historical baseline. This may indicate unusual operation or potential water loss, but it is not a confirmed leak."
2023-09-22 03:00:00,REAL_DMA_01,1.0,4.849772959770115,4.849772959770115,2.808994909090909,2.808994909090909,0.018,52.515384969500005,2.022778050679206,15,15,29.0,55.0,False,NONE,41.70871641741943,3,4,0,0.7071067811865476,0.7071067811865476,4.501829040941201,0.06442857142857142,52.636779756761904,7.728945627756854,-72.06208425720621,-0.23062730627305136,-0.08234872961269551,False,3,59.5,MONITOR,Inlet volume significantly exceeds outlet volume plus metered consumption. Continued monitoring is recommended for this probable abnormality.
2023-09-22 04:00:00,REAL_DMA_01,1.0,10.854453979166667,10.854453979166667,7.12901347826087,7.12901347826087,0.177,52.515384969500005,3.5484405009057975,15,15,40.0,46.0,False,NONE,32.69110088555761,4,4,0,0.8660254037844386,0.5000000000000001,9.07491328706503,0.17804761904761904,53.36514848033333,19.609451195948218,-0.5883926183471514,-1.5923566878980773,-0.13374557012636357,False,4,34.2,NORMAL,"Inlet volume significantly exceeds outlet volume plus metered consumption; The abnormal pattern has persisted across multiple recent readings. This may indicate unusual operation or potential water loss, but it is not a confirmed leak."
2023-09-22 05:00:00,REAL_DMA_01,1.0,16.038804783809525,16.038804783809525,12.844318452380952,12.844318452380952,0.363,49.96609443700001,2.831486331428573,15,15,50.0,42.0,False,NONE,17.653973407587298,5,4,0,0.9659258262890683,0.25881904510252074,13.061631165338841,0.2342857142857143,51.66562145866667,22.793275822786182,54.939024390243894,-3.289473684210515,-0.06324583164185849,False,5,51.6,MONITOR,Metered consumption is substantially above the DMA's historical baseline; The abnormal pattern has persisted across multiple recent readings. Continued monitoring is recommended for this probable abnormality.
2023-09-22 06:00:00,REAL_DMA_01,1.0,14.860186202868285,14.860186202868285,12.087109137931034,12.087109137931034,0.237,50.985810650000005,2.536077064937251,15,15,57.0,29.0,False,NONE,17.066253614290122,6,4,0,1.0,6.123233995736766e-17,12.83924179296173,0.3616666666666667,51.73845833102381,15.740371919893315,-34.47004608294932,-1.4547160957296905,-0.1261115709363793,False,5,33.6,NORMAL,"The abnormal pattern has persisted across multiple recent readings. This may indicate unusual operation or potential water loss, but it is not a confirmed leak."
2023-09-22 07:00:00,REAL_DMA_01,1.0,12.632657448830413,12.632657448830413,11.65286669117647,11.65286669117647,0.103,52.005526863,0.8767907576539427,15,15,57.0,34.0,False,NONE,6.94066756108486,7,4,0,0.9659258262890683,-0.25881904510252063,12.716226815396547,0.19985714285714287,51.6413425012143,-0.6571868194813141,-48.46318799142245,0.7052186177714881,-0.11019704497691174,False,4,35.5,NORMAL,"The abnormal pattern has persisted across multiple recent readings. This may indicate unusual operation or potential water loss, but it is not a confirmed leak."
2023-09-22 08:00:00,REAL_DMA_01,1.0,14.11439889390142,14.11439889390142,11.474344346846848,11.474344346846848,0.107,50.985810650000005,2.5330545470545713,15,15,57.0,37.0,False,NONE,17.946598832126384,8,4,0,0.8660254037844387,-0.4999999999999998,13.060178392678505,0.24385714285714283,51.51994771395239,8.072022215361985,-56.12185120093732,-1.036757775683327,-0.1231326376834182,False,5,37.1,NORMAL,"The abnormal pattern has persisted across multiple recent readings. This may indicate unusual operation or potential water loss, but it is not a confirmed leak."
2023-09-22 09:00:00,REAL_DMA_01,1.0,12.86766609563492,12.86766609563492,10.966700450450451,10.966700450450451,0.109,50.985810650000005,1.7919656451844688,15,15,60.0,37.0,False,NONE,13.926112411265898,9,4,0,0.7071067811865476,-0.7071067811865475,12.81804208651554,0.283,51.8841320757381,0.387141880050343,-61.48409893992933,-1.7313991576977092,-0.13421753334422332,False,6,31.7,NORMAL,"The abnormal pattern has persisted across multiple recent readings. This may indicate unusual operation or potential water loss, but it is not a confirmed leak."
2023-09-22 10:00:00,REAL_DMA_01,1.0,11.11804672222222,11.11804672222222,9.893155217391303,9.893155217391303,0.123,52.005526863,1.1018915048309161,15,15,51.0,23.0,False,NONE,9.910837149375421,10,4,0,0.49999999999999994,-0.8660254037844387,11.47443872713227,0.302952380952381,52.491106012047624,-3.1059645999706453,-59.399559886828044,-0.9250693802035238,-0.14864671362185367,False,6,25.7,NORMAL,"The abnormal pattern has persisted across multiple recent readings. This may indicate unusual operation or potential water loss, but it is not a confirmed leak."
2023-09-22 11:00:00,REAL_DMA_01,1.0,12.113006900093367,12.113006900093367,10.016894464285716,10.016894464285716,0.099,52.005526863,1.997112435807651,15,15,51.0,28.0,False,NONE,16.487338381622298,11,4,0,0.258819045102521,-0.9659258262890682,12.135604157659206,0.28347619047619044,51.689900416119045,-0.18620628418879556,-65.07643205106667,0.6106153123532232,-0.15051259431888891,False,6,25.4,NORMAL,"The abnormal pattern has persisted across multiple recent readings. This may indicate unusual operation or potential water loss, but it is not a confirmed leak."
2023-09-22 12:00:00,REAL_DMA_01,1.0,11.595059493055556,11.595059493055556,10.168611041666669,10.168611041666669,0.077,50.985810650000005,1.3494484513888878,15,15,48.0,24.0,False,NONE,11.63813305310845,12,4,0,1.2246467991473532e-16,-1.0,11.527373514624875,0.24895238095238095,51.3742739692381,0.5871760669922562,-69.07039020657996,-0.7561436672967795,-0.13175476995539337,False,6,33.8,NORMAL,"The abnormal pattern has persisted across multiple recent readings. This may indicate unusual operation or potential water loss, but it is not a confirmed leak."
2023-09-22 13:00:00,REAL_DMA_01,1.0,10.324081783018867,10.324081783018867,9.337168055555557,9.337168055555557,0.176,52.005526863,0.8109137274633105,15,15,53.0,18.0,False,NONE,7.854584499680232,13,4,0,-0.2588190451025208,-0.9659258262890683,10.650454364426174,0.2628095238095238,52.5153849695,-3.0644005432991834,-33.031346258380154,-0.9708737864077626,-0.1585620546154909,False,5,16.7,NORMAL,"The abnormal pattern has persisted across multiple recent readings. This may indicate unusual operation or potential water loss, but it is not a confirmed leak."
2023-09-22 14:00:00,REAL_DMA_01,1.0,10.215591742424245,10.215591742424245,9.85592,9.85592,0.143,52.005526863,0.21667174242424528,14,15,44.0,39.0,False,NONE,2.120990617943658,14,4,0,-0.4999999999999997,-0.8660254037844388,10.667317551108974,0.2600952380952381,52.491106012047624,-4.234671055027964,-45.02013914317101,-0.9250693802035238,-0.13391103564691959,False,5,28.7,NORMAL,"The abnormal pattern has persisted across multiple recent readings. This may indicate unusual operation or potential water loss, but it is not a confirmed leak."
2023-09-22 15:00:00,REAL_DMA_01,1.0,10.66043893115942,10.66043893115942,9.570455,9.570455,0.338,52.005526863,0.7519839311594199,15,15,46.0,40.0,False,NONE,7.053967815166075,15,4,0,-0.7071067811865471,-0.7071067811865479,10.749646372104085,0.3385714285714285,52.83101141638095,-0.8298639588383305,-0.16877637130799597,-1.562500000000001,-0.15743806412266287,False,5,13.0,NORMAL,"The abnormal pattern has persisted across multiple recent readings. This may indicate unusual operation or potential water loss, but it is not a confirmed leak."
2023-09-22 16:00:00,REAL_DMA_01,1.0,9.776183468992247,9.776183468992247,7.63428652173913,7.63428652173913,0.298,52.005526863,1.8438969472531177,14,15,43.0,23.0,False,NONE,18.861112346157626,16,4,0,-0.8660254037844385,-0.5000000000000004,10.791431733187299,0.40957142857142853,52.87956933128572,-9.407910732297179,-27.24101848622253,-1.652892561983486,-0.15842163790491132,False,4,18.1,NORMAL,"The abnormal pattern has persisted across multiple recent readings. This may indicate unusual operation or potential water loss, but it is not a confirmed leak."
2023-09-22 17:00:00,REAL_DMA_01,1.0,9.941360505050504,9.941360505050504,8.37066619047619,8.37066619047619,0.489,53.025243076,1.0816943145743148,15,15,33.0,21.0,False,NONE,10.880747298368087,17,4,0,-0.9659258262890683,-0.25881904510252063,10.447966526653088,0.4062857142857143,53.025243076,-4.848848053927207,20.358649789029528,0.0,-0.17140800776046622,False,3,8.7,NORMAL,No strong abnormal pattern is evident from the current prototype signals.
2023-09-22 18:00:00,REAL_DMA_01,1.0,8.980797028985508,8.980797028985508,6.64073,6.64073,0.289,54.044959289000005,2.0510670289855084,15,15,46.0,59.0,False,NONE,22.83836303577169,18,4,0,-1.0,-1.8369701987210297e-16,10.23562925432474,0.3849047619047619,52.97668516109523,-12.259453660936796,-24.916491401707294,2.0164986251145924,-0.12942944112668292,False,2,29.6,NORMAL,No strong abnormal pattern is evident from the current prototype signals.
2023-09-22 19:00:00,REAL_DMA_01,1.0,9.02244320652174,9.02244320652174,6.24765575,6.24765575,0.137,54.044959289000005,2.6377874565217394,15,15,46.0,40.0,False,NONE,29.235844395396736,19,4,0,-0.9659258262890684,0.2588190451025203,10.055842231646281,0.2935714285714286,53.073800990904765,-10.276603404460532,-53.333333333333336,1.8298261665141848,-0.11220860341977623,False,2,42.6,MONITOR,No strong abnormal pattern is evident from the current prototype signals.
2023-09-22 20:00:00,REAL_DMA_01,1.0,9.786760159574468,9.786760159574468,7.129016612903226,7.129016612903226,0.402,52.005526863,2.2557435466712423,15,15,47.0,31.0,False,NONE,23.048930492737473,20,4,0,-0.8660254037844386,0.5000000000000001,9.853369235757791,0.2429047619047619,51.03436856490477,-0.6760030461621057,65.49696138012155,1.9029495718363358,-0.14910733473392557,False,2,25.1,NORMAL,"Metered consumption is substantially above the DMA's historical baseline. This may indicate unusual operation or potential water loss, but it is not a confirmed leak."
2023-09-22 21:00:00,REAL_DMA_01,1.0,9.913842662037036,9.913842662037036,6.64073,6.64073,0.529,52.005526863,2.744112662037036,14,15,36.0,50.0,False,NONE,27.679606743659907,21,4,0,-0.7071067811865477,0.7071067811865474,8.686915292051728,0.24095238095238095,51.325716054333334,14.123855577455794,119.54545454545458,1.3245033112582765,-0.13201687687231006,False,3,39.3,NORMAL,"Metered consumption is substantially above the DMA's historical baseline. This may indicate unusual operation or potential water loss, but it is not a confirmed leak."
2023-09-22 22:00:00,REAL_DMA_01,1.0,7.809905277777777,7.809905277777777,6.64073,6.64073,0.462,52.515384969500005,0.7071752777777778,15,15,24.0,58.0,False,NONE,9.05485089287788,22,4,0,-0.5000000000000004,0.8660254037844384,5.764376069678704,0.15823809523809523,52.73389558657143,35.48570015857913,191.96509178453206,-0.41436464088396824,-0.09145482126810761,False,4,48.4,MONITOR,Inlet flow is substantially above the DMA's historical baseline; Metered consumption is substantially above the DMA's historical baseline; The abnormal pattern has persisted across multiple recent readings. Continued monitoring is recommended for this probable abnormality.
2023-09-22 23:00:00,REAL_DMA_01,1.0,5.71938994949495,5.71938994949495,6.64073,6.64073,0.424,53.025243076,-1.3453400505050497,15,15,33.0,60.0,False,NONE,-23.522439672501257,23,4,0,-0.25881904510252157,0.9659258262890681,4.283519179003983,0.07242857142857143,53.17091682071429,33.52082039293774,485.4043392504931,-0.27397260273972857,-0.012647513816843925,False,5,54.9,MONITOR,Metered consumption is substantially above the DMA's historical baseline; The abnormal pattern has persisted across multiple recent readings. Continued monitoring is recommended for this probable abnormality.
2023-09-23 00:00:00,REAL_DMA_01,1.0,4.971049722222222,4.971049722222222,3.68595564102564,3.68595564102564,0.418,54.044959289000005,0.8670940811965824,15,15,18.0,39.0,False,NONE,17.44287684994152,0,5,1,0.0,1.0,3.640600874889676,0.04314285714285713,53.00096411854762,36.54475986392944,868.8741721854307,1.9697663765460425,0.014894962663508093,True,6,58.4,MONITOR,Inlet flow is substantially above the DMA's historical baseline; Metered consumption is substantially above the DMA's historical baseline; The abnormal pattern has persisted across multiple recent readings. Continued monitoring is recommended for this probable abnormality.
2023-09-23 01:00:00,REAL_DMA_01,1.0,4.1387354,4.1387354,3.12505,3.12505,0.295,53.025243076,0.7186854,15,15,25.0,60.0,False,NONE,17.36485497478288,1,5,1,0.25881904510252074,0.9659258262890683,3.518670381441379,0.04622727272727272,53.071593812954546,17.62213993754706,538.1514257620453,-0.08733624454148188,-0.043836459846039344,False,7,55.2,MONITOR,Metered consumption is substantially above the DMA's historical baseline; The abnormal pattern has persisted across multiple recent readings. Continued monitoring is recommended for this probable abnormality.
2023-09-23 02:00:00,REAL_DMA_01,1.0,4.173582894736842,4.173582894736842,3.12505,3.12505,0.055,53.025243076,0.9935328947368417,15,15,19.0,60.0,False,NONE,23.805275222633078,2,5,1,0.49999999999999994,0.8660254037844387,3.392886197666586,0.03568181818181817,52.863015496659095,23.009810868610025,54.140127388535085,0.3068829460762791,-0.12233277841143364,False,8,45.7,MONITOR,Metered consumption is substantially above the DMA's historical baseline; The abnormal pattern has persisted across multiple recent readings. Continued monitoring is recommended for this probable abnormality.
2023-09-23 03:00:00,REAL_DMA_01,1.0,4.038369659090909,4.038369659090909,3.12505,3.12505,0.195,53.025243076,0.7183196590909093,15,15,44.0,60.0,False,NONE,17.787367668877856,3,5,1,0.7071067811865476,0.7071067811865476,4.5176446736152425,0.06231818181818181,52.63126181188636,-10.60895774569171,212.91028446389504,0.7485689123734133,-0.09681142842337154,False,8,50.3,MONITOR,Metered consumption is substantially above the DMA's historical baseline; The abnormal pattern has persisted across multiple recent readings. Continued monitoring is recommended for this probable abnormality.
2023-09-23 04:00:00,REAL_DMA_01,1.0,6.357021412037037,6.357021412037037,6.406346,6.406346,0.224,55.06467550200001,-0.2733245879629631,15,15,36.0,35.0,False,NONE,-4.299570038342521,4,5,1,0.8660254037844386,0.5000000000000001,9.15580150034238,0.178,53.32652286620455,-30.568378838277376,25.842696629213492,3.259452411994792,-0.050231771747245246,False,7,48.8,MONITOR,The abnormal pattern has persisted across multiple recent readings. Continued monitoring is recommended for this probable abnormality.
2023-09-23 05:00:00,REAL_DMA_01,1.0,8.37143782051282,8.37143782051282,7.302626111111111,7.302626111111111,0.207,54.044959289000005,0.86181170940171,15,15,39.0,54.0,False,NONE,10.294667748591326,5,5,1,0.9659258262890683,0.25881904510252074,13.19695723890569,0.24013636363636362,51.5883702304091,-36.56539406043425,-13.798977853492334,4.761904761904758,-0.0758840867556621,False,6,44.6,MONITOR,Inlet flow is substantially below the DMA's historical baseline; The abnormal pattern has persisted across multiple recent readings. Continued monitoring is recommended for this probable abnormality.
2023-09-23 06:00:00,REAL_DMA_01,1.0,12.456928876666666,12.456928876666666,8.997708513513514,8.997708513513514,0.127,52.005526863,3.3322203631531524,15,15,50.0,37.0,False,NONE,26.74993488479174,6,5,1,1.0,6.123233995736766e-17,12.931102902502937,0.356,51.70424707279546,-3.6669263976276194,-64.32584269662921,0.5826983415508619,-0.1305984070260473,False,6,40.6,MONITOR,The abnormal pattern has persisted across multiple recent readings. Continued monitoring is recommended for this probable abnormality.
2023-09-23 07:00:00,REAL_DMA_01,1.0,12.964065018518518,12.964065018518518,10.058747727272728,10.058747727272728,0.56,50.985810650000005,2.3453172912457902,14,15,45.0,22.0,False,NONE,18.09090966371753,7,5,1,0.9659258262890683,-0.25881904510252063,12.71242820782536,0.19545454545454544,51.65789633584091,1.9794551173021286,186.5116279069768,-1.3010318528488032,-0.1091618450328547,False,6,44.4,MONITOR,Metered consumption is substantially above the DMA's historical baseline; The abnormal pattern has persisted across multiple recent readings. Continued monitoring is recommended for this probable abnormality.
2023-09-23 08:00:00,REAL_DMA_01,1.0,13.03839374074074,13.03839374074074,10.850288421052632,10.850288421052632,0.607,50.985810650000005,1.581105319688109,15,15,45.0,38.0,False,NONE,12.126534534293661,8,5,1,0.8660254037844387,-0.4999999999999998,13.108097506370456,0.23763636363636362,51.4956687565,-0.5317611163316355,155.43228768171383,-0.9900990099009854,-0.11098953360626418,False,6,41.8,MONITOR,Metered consumption is substantially above the DMA's historical baseline; The abnormal pattern has persisted across multiple recent readings. Continued monitoring is recommended for this probable abnormality.
2023-09-23 09:00:00,REAL_DMA_01,1.0,12.547355075757576,12.547355075757576,10.721794736842105,10.721794736842105,0.884,52.005526863,0.9415603389154711,15,15,44.0,38.0,False,NONE,7.504054306509869,9,5,1,0.7071067811865476,-0.7071067811865475,12.820297723293693,0.27509090909090905,51.84329928365909,-2.128988370060998,221.3483146067416,0.3129190880643686,-0.05707369153090169,False,6,49.9,MONITOR,Metered consumption is substantially above the DMA's historical baseline; The abnormal pattern has persisted across multiple recent readings. Continued monitoring is recommended for this probable abnormality.
2023-09-23 10:00:00,REAL_DMA_01,1.0,10.688640157894737,10.688640157894737,9.294469130434782,9.294469130434782,0.568,52.005526863,0.8261710274599544,15,15,38.0,23.0,False,NONE,7.729430640900903,10,5,1,0.49999999999999994,-0.8660254037844387,11.45823909054545,0.2947727272727273,52.46903423254546,-6.716555018351228,92.69082498072471,-0.8833922261484217,-0.1420724244590344,False,6,30.7,NORMAL,"Metered consumption is substantially above the DMA's historical baseline; The abnormal pattern has persisted across multiple recent readings. This may indicate unusual operation or potential water loss, but it is not a confirmed leak."
2023-09-23 11:00:00,REAL_DMA_01,1.0,10.112865354166669,10.112865354166669,6.966253939393939,6.966253939393939,0.75,52.005526863,2.39661141477273,15,15,40.0,33.0,False,NONE,23.698638623575523,11,5,1,0.258819045102521,-0.9659258262890682,12.13457700958803,0.27509090909090905,51.70424707279546,-16.660750958388775,172.6371447455387,0.5826983415508619,-0.09276153416850319,False,6,52.9,MONITOR,Metered consumption is substantially above the DMA's historical baseline; The abnormal pattern has persisted across multiple recent readings. Continued monitoring is recommended for this probable abnormality.
2023-09-23 12:00:00,REAL_DMA_01,1.0,10.267408966666666,10.267408966666666,6.6817462,6.6817462,0.766,52.005526863,2.8196627666666663,15,15,50.0,50.0,False,NONE,27.462262152221207,12,5,1,1.2246467991473532e-16,-1.0,11.530450150008086,0.24113636363636362,51.35661654563637,-10.953962481165872,217.66258246936854,1.2635379061371705,-0.06673381502025544,False,7,58.7,MONITOR,Metered consumption is substantially above the DMA's historical baseline; The abnormal pattern has persisted across multiple recent readings. Continued monitoring is recommended for this probable abnormality.
2023-09-23 13:00:00,REAL_DMA_01,1.0,10.613426315789471,10.613426315789471,7.341565588235294,7.341565588235294,0.667,52.005526863,2.6048607275541773,15,15,38.0,34.0,False,NONE,24.54307072993908,13,5,1,-0.2588190451025208,-0.9659258262890683,10.635619247089478,0.25886363636363635,52.49220960102273,-0.20866609441739567,157.66461808604043,-0.9271523178807984,-0.12385999079676141,False,8,45.6,MONITOR,Metered consumption is substantially above the DMA's historical baseline; The abnormal pattern has persisted across multiple recent readings. Continued monitoring is recommended for this probable abnormality.
2023-09-23 14:00:00,REAL_DMA_01,1.0,10.317730857843136,10.317730857843136,7.118628510638298,7.118628510638298,0.537,52.005526863,2.662102347204838,15,15,34.0,47.0,False,NONE,25.801238507604722,14,5,1,-0.4999999999999997,-0.8660254037844388,10.646784559805122,0.25477272727272726,52.46903423254546,-3.090639245244655,110.77609277430867,-0.8833922261484217,-0.15202959744365174,False,8,34.6,NORMAL,"Metered consumption is substantially above the DMA's historical baseline; The abnormal pattern has persisted across multiple recent readings. This may indicate unusual operation or potential water loss, but it is not a confirmed leak."
2023-09-23 15:00:00,REAL_DMA_01,1.0,11.92024048245614,11.92024048245614,7.508797222222223,7.508797222222223,0.595,52.005526863,3.8164432602339176,15,15,38.0,36.0,False,NONE,32.01649552163689,15,5,1,-0.7071067811865471,-0.7071067811865479,10.745591488424783,0.33854545454545454,52.79348939122727,10.931450309614851,75.75187969924812,-1.492537313432828,-0.13326749270904742,False,8,47.7,MONITOR,Inlet volume significantly exceeds outlet volume plus metered consumption; Metered consumption is substantially above the DMA's historical baseline; The abnormal pattern has persisted across multiple recent readings. Continued monitoring is recommended for this probable abnormality.
2023-09-23 16:00:00,REAL_DMA_01,1.0,11.927001238738738,11.927001238738738,8.322135217391304,8.322135217391304,0.835,52.005526863,2.7698660213474335,15,15,37.0,23.0,False,NONE,23.22349068222569,16,5,1,-0.8660254037844385,-0.5000000000000004,10.745284084814795,0.40449999999999997,52.83984012818182,10.997542220348945,106.42768850432634,-1.578947368421055,-0.10394917125272407,False,8,52.7,MONITOR,Metered consumption is substantially above the DMA's historical baseline; The abnormal pattern has persisted across multiple recent readings. Continued monitoring is recommended for this probable abnormality.
2023-09-23 17:00:00,REAL_DMA_01,1.0,10.635149893939394,10.635149893939394,7.846098571428572,7.846098571428572,0.668,53.025243076,2.121051322510822,15,15,44.0,35.0,False,NONE,19.943783996119663,17,5,1,-0.9659258262890683,-0.25881904510252063,10.424938980216607,0.4100454545454546,53.02524307600001,2.016423444988055,62.90876842922069,-1.3400084460559541e-14,-0.15874383505561468,False,8,26.4,NORMAL,"Metered consumption is substantially above the DMA's historical baseline; The abnormal pattern has persisted across multiple recent readings. This may indicate unusual operation or potential water loss, but it is not a confirmed leak."
2023-09-23 18:00:00,REAL_DMA_01,1.0,9.236199430894308,9.236199430894308,7.6173,7.6173,0.5850000000000001,54.044959289000005,1.0338994308943077,15,15,41.0,60.0,False,NONE,11.19399205950449,18,5,1,-1.0,-1.8369701987210297e-16,10.178591425900231,0.3805454545454545,53.02524307600001,-9.258569831263024,53.72670807453419,1.9230769230769138,-0.1318236858716863,False,8,34.9,NORMAL,"Metered consumption is substantially above the DMA's historical baseline; The abnormal pattern has persisted across multiple recent readings. This may indicate unusual operation or potential water loss, but it is not a confirmed leak."
2023-09-23 19:00:00,REAL_DMA_01,1.0,8.529343468992248,8.529343468992248,7.6173,7.6173,0.477,54.044959289000005,0.43504346899224833,15,15,43.0,60.0,False,NONE,5.100550476995261,19,5,1,-0.9659258262890684,0.2588190451025203,10.008869548686077,0.28645454545454546,53.11794454990909,-14.782149697295779,66.51856553475086,1.7452006980802892,-0.11895495868032346,False,8,42.6,MONITOR,Metered consumption is substantially above the DMA's historical baseline; The abnormal pattern has persisted across multiple recent readings. Continued monitoring is recommended for this probable abnormality.
2023-09-23 20:00:00,REAL_DMA_01,1.0,8.718665740740741,8.718665740740741,7.6173,7.6173,0.469,51.4956687565,0.6323657407407411,15,15,27.0,58.0,False,NONE,7.253010489733663,20,5,1,-0.8660254037844386,0.5000000000000001,9.850341550476731,0.25013636363636366,51.0785121239091,-11.488696142533449,87.49772851172085,0.8166969147005317,-0.13273259455004288,False,8,37.5,NORMAL,"Metered consumption is substantially above the DMA's historical baseline; The abnormal pattern has persisted across multiple recent readings. This may indicate unusual operation or potential water loss, but it is not a confirmed leak."
2023-09-23 21:00:00,REAL_DMA_01,1.0,8.603037578125,8.603037578125,7.6173,7.6173,0.538,50.985810650000005,0.4477375781250006,15,15,32.0,60.0,False,NONE,5.2044126746983626,21,5,1,-0.7071067811865477,0.7071067811865474,8.742684717960152,0.2540454545454545,51.35661654563637,-1.5973027089524745,111.77312578278766,-0.7220216606498236,-0.1363633899737583,False,8,34.5,NORMAL,"Metered consumption is substantially above the DMA's historical baseline; The abnormal pattern has persisted across multiple recent readings. This may indicate unusual operation or potential water loss, but it is not a confirmed leak."
2023-09-23 22:00:00,REAL_DMA_01,1.0,7.657367820512821,7.657367820512821,7.6173,7.6173,0.441,52.005526863,-0.40093217948717913,14,15,26.0,58.0,False,NONE,-5.235900754475294,22,5,1,-0.5000000000000004,0.8660254037844384,5.857354670046845,0.17204545454545456,52.723963285795456,30.73082051306927,156.32760898282694,-1.3626373626373656,-0.08156099483899887,False,8,54.6,MONITOR,Metered consumption is substantially above the DMA's historical baseline; The abnormal pattern has persisted across multiple recent readings. Continued monitoring is recommended for this probable abnormality.
2023-09-23 23:00:00,REAL_DMA_01,1.0,6.0339825000000005,6.0339825000000005,4.669260625000001,4.669260625000001,0.395,52.005526863,0.9697218749999998,15,15,27.0,48.0,False,NONE,16.071009072366383,23,5,1,-0.25881904510252157,0.9659258262890681,4.348786032208118,0.0884090909090909,53.16429528686364,38.75096303453253,346.7866323907456,-2.179598953792511,-0.04678226773789107,False,8,59.5,MONITOR,Inlet flow is substantially above the DMA's historical baseline; Metered consumption is substantially above the DMA's historical baseline; The abnormal pattern has persisted across multiple recent readings. Continued monitoring is recommended for this probable abnormality.
2023-09-24 00:00:00,REAL_DMA_01,1.0,5.053785555555556,5.053785555555556,3.51568,3.51568,0.415,53.025243076,1.1231055555555556,15,15,24.0,58.0,False,NONE,22.22305523670155,0,6,1,0.0,1.0,3.701075822495701,0.06018181818181818,53.04841844447728,36.549095396475785,589.5770392749246,-0.04368719965050767,-0.025414726627211448,False,8,62.8,MONITOR,Inlet flow is substantially above the DMA's historical baseline; Metered consumption is substantially above the DMA's historical baseline; The abnormal pattern has persisted across multiple recent readings. Continued monitoring is recommended for this probable abnormality.
2023-09-24 01:00:00,REAL_DMA_01,1.0,4.589055263157895,4.589055263157895,3.51568,3.51568,0.414,53.025243076,0.6593752631578946,15,15,19.0,56.0,False,NONE,14.368431525580599,1,6,1,0.25881904510252074,0.9659258262890683,3.5456297300743627,0.05704347826086957,53.069578563521745,29.428496840296077,625.7621951219511,-0.0835421888053527,-0.033839986256944066,False,8,57.2,MONITOR,Metered consumption is substantially above the DMA's historical baseline; The abnormal pattern has persisted across multiple recent readings. Continued monitoring is recommended for this probable abnormality.
2023-09-24 02:00:00,REAL_DMA_01,1.0,3.5080503125,3.5080503125,3.51568,3.51568,0.208,53.025243076,-0.21562968750000014,15,15,32.0,59.0,False,NONE,-6.146710231938846,2,6,1,0.49999999999999994,0.8660254037844387,3.4268295323218148,0.036521739130434765,52.870068869673915,2.3701435805928432,469.52380952380975,0.2935010482180303,-0.05954841069975769,False,8,52.3,MONITOR,Metered consumption is substantially above the DMA's historical baseline; The abnormal pattern has persisted across multiple recent readings. Continued monitoring is recommended for this probable abnormality.
2023-09-24 03:00:00,REAL_DMA_01,1.0,3.223902671568627,3.223902671568627,3.51568,3.51568,0.006,53.025243076,-0.29777732843137295,15,15,34.0,56.0,False,NONE,-9.236548331854136,3,6,1,0.7071067811865476,0.7071067811865476,4.496806629505489,0.06808695652173913,52.648391432065225,-28.3068422285448,-91.18773946360153,0.7157894736842012,-0.08092935854924949,False,8,53.7,MONITOR,The abnormal pattern has persisted across multiple recent readings. Continued monitoring is recommended for this probable abnormality.
2023-09-24 04:00:00,REAL_DMA_01,1.0,4.5237588172043015,4.5237588172043015,3.51568,3.51568,0.056,57.104107928,0.9520788172043013,15,15,31.0,58.0,False,NONE,21.04618870447849,4,6,1,0.8660254037844386,0.5000000000000001,9.034115409546494,0.18,53.40209471993479,-49.925824365449515,-68.88888888888889,6.932337069323356,0.02919561375900359,True,8,64.1,MONITOR,Inlet flow is substantially below the DMA's historical baseline; The abnormal pattern has persisted across multiple recent readings. Continued monitoring is recommended for this probable abnormality.
2023-09-24 05:00:00,REAL_DMA_01,1.0,8.092608333333333,8.092608333333333,6.486841515151514,6.486841515151514,0.066,56.084391715,1.5397668181818183,15,15,45.0,33.0,False,NONE,19.026829852120013,5,6,1,0.9659258262890683,0.25881904510252074,12.98715204680165,0.238695652173913,51.69517845034783,-37.687583050001315,-72.34972677595628,8.49056603773584,0.006076551545087128,True,8,61.5,MONITOR,Inlet flow is substantially below the DMA's historical baseline; The abnormal pattern has persisted across multiple recent readings. Continued monitoring is recommended for this probable abnormality.
2023-09-24 06:00:00,REAL_DMA_01,1.0,10.036737916666668,10.036737916666668,7.81262,7.81262,0.122,54.044959289000005,2.1021179166666686,15,15,44.0,59.0,False,NONE,20.944234412816165,6,6,1,1.0,6.123233995736766e-17,12.910486640510056,0.34604347826086956,51.71734619410869,-22.259027129358884,-64.7443146123885,4.500642948992729,-0.07552874493104095,False,8,55.5,MONITOR,The abnormal pattern has persisted across multiple recent readings. Continued monitoring is recommended for this probable abnormality.
2023-09-24 07:00:00,REAL_DMA_01,1.0,11.733267678571428,11.733267678571428,7.998850697674419,7.998850697674419,0.2739999999999999,52.005526863,3.4604169808970093,15,15,42.0,43.0,False,NONE,29.49235520482329,7,6,1,0.9659258262890683,-0.25881904510252063,12.723368938725061,0.21130434782608692,51.62867521906522,-7.781753912205941,29.670781893004094,0.7299270072992606,-0.15305931634675207,False,7,29.2,NORMAL,"The abnormal pattern has persisted across multiple recent readings. This may indicate unusual operation or potential water loss, but it is not a confirmed leak."
2023-09-24 08:00:00,REAL_DMA_01,1.0,12.505852536231885,12.505852536231885,8.530536216216216,8.530536216216216,0.425,53.025243076,3.5503163200156687,14,15,46.0,37.0,False,NONE,28.38923863630818,8,6,1,0.8660254037844387,-0.4999999999999998,13.105066907864815,0.25369565217391304,51.473501012739135,-4.57238696945012,67.5235646958012,3.0146425495262665,-0.1270228723939012,False,7,44.5,MONITOR,Metered consumption is substantially above the DMA's historical baseline; The abnormal pattern has persisted across multiple recent readings. Continued monitoring is recommended for this probable abnormality.
2023-09-24 09:00:00,REAL_DMA_01,1.0,11.450214944444443,11.450214944444443,8.623930000000001,8.623930000000001,0.361,53.025243076,2.4652849444444422,15,15,42.0,39.0,False,NONE,21.53046869780012,9,6,1,0.7071067811865476,-0.7071067811865475,12.808430651661688,0.3015652173913043,51.85035265667392,-10.604075894661127,19.7087658592849,2.2659256092347073,-0.1594875170301075,False,6,20.0,NORMAL,"The abnormal pattern has persisted across multiple recent readings. This may indicate unusual operation or potential water loss, but it is not a confirmed leak."
2023-09-24 10:00:00,REAL_DMA_01,1.0,10.563893234126985,10.563893234126985,8.487349545454546,8.487349545454546,0.213,52.005526863,1.863543688672439,15,15,42.0,44.0,False,NONE,17.640690296378644,10,6,1,0.49999999999999994,-0.8660254037844387,11.424778267386722,0.3066521739130435,52.448881738217395,-7.535245000922496,-30.540195661420675,-0.8453085376162366,-0.17422291161855885,False,5,13.9,NORMAL,"The abnormal pattern has persisted across multiple recent readings. This may indicate unusual operation or potential water loss, but it is not a confirmed leak."
2023-09-24 11:00:00,REAL_DMA_01,1.0,10.887339100877194,10.887339100877194,8.441969166666667,8.441969166666667,0.158,50.985810650000005,2.287369934210527,14,15,38.0,36.0,False,NONE,21.009448801188103,11,6,1,0.258819045102521,-0.9659258262890682,12.046676502830579,0.2957391304347826,51.71734619410869,-9.62371158286668,-46.5745369009115,-1.4144877839691237,-0.14231413687325284,False,4,28.5,NORMAL,"The abnormal pattern has persisted across multiple recent readings. This may indicate unusual operation or potential water loss, but it is not a confirmed leak."
2023-09-24 12:00:00,REAL_DMA_01,1.0,12.803762906976743,12.803762906976743,9.1407672,9.1407672,0.13,50.985810650000005,3.5329957069767426,15,15,43.0,25.0,False,NONE,27.59341712780093,12,6,1,1.2246467991473532e-16,-1.0,11.475535315949765,0.2639565217391304,51.38483003769566,11.574428159189091,-50.74946466809421,-0.776531492666092,-0.12670609173219943,False,3,38.3,NORMAL,No strong abnormal pattern is evident from the current prototype signals.
2023-09-24 13:00:00,REAL_DMA_01,1.0,12.114985074074072,12.114985074074072,8.871232399999998,8.871232399999998,0.173,52.005526863,3.0707526740740736,15,15,45.0,50.0,False,NONE,25.346730972417365,13,6,1,-0.2588190451025208,-0.9659258262890683,10.634654337032956,0.27660869565217394,52.471049481978255,13.919876378926347,-37.45677459918266,-0.8871989860582911,-0.1560063661630311,False,2,22.0,NORMAL,No strong abnormal pattern is evident from the current prototype signals.
2023-09-24 14:00:00,REAL_DMA_01,1.0,11.35350680894309,11.35350680894309,8.7892,8.7892,0.216,52.005526863,2.3483068089430903,15,15,41.0,56.0,False,NONE,20.683537240611358,14,6,1,-0.4999999999999997,-0.8660254037844388,10.632477877111123,0.26704347826086955,52.448881738217395,6.781381914597244,-19.114295017909473,-0.8453085376162366,-0.172791954499583,False,1,9.5,NORMAL,No strong abnormal pattern is evident from the current prototype signals.
2023-09-24 15:00:00,REAL_DMA_01,1.0,9.471252670731706,9.471252670731706,8.5848,8.5848,0.416,53.025243076,0.4704526707317069,15,15,41.0,43.0,False,NONE,4.967164187114457,15,6,1,-0.7071067811865471,-0.7071067811865479,10.79666318381745,0.349695652173913,52.75923015086957,-12.276112448078702,18.96058684570434,0.5042016806722648,-0.15740670557345782,False,1,11.3,NORMAL,No strong abnormal pattern is evident from the current prototype signals.
2023-09-24 16:00:00,REAL_DMA_01,1.0,9.05203668918919,9.05203668918919,8.7892,8.7892,0.225,53.025243076,0.037836689189191114,15,15,37.0,60.0,False,NONE,0.4179908951803003,16,6,1,-0.8660254037844385,-0.5000000000000004,10.79666309150714,0.4232173913043478,52.80356563839131,-16.15894084617965,-46.83583316211218,0.4198152812762283,-0.12365478934791846,False,0,28.2,NORMAL,No strong abnormal pattern is evident from the current prototype signals.
2023-09-24 17:00:00,REAL_DMA_01,1.0,11.670099833333332,11.670099833333332,8.882416363636365,8.882416363636365,0.491,52.005526863,2.296683469696967,15,15,40.0,44.0,False,NONE,19.680067030248917,17,6,1,-0.9659258262890683,-0.25881904510252063,10.434078585161076,0.4212608695652174,53.025243076,11.846002865361534,16.554856022293315,-1.9230769230769273,-0.1502562184045646,False,0,15.9,NORMAL,No strong abnormal pattern is evident from the current prototype signals.
2023-09-24 18:00:00,REAL_DMA_01,1.0,11.716143969298244,11.716143969298244,8.809125714285715,8.809125714285715,0.715,52.005526863,2.1920182550125293,14,15,38.0,49.0,False,NONE,18.709383059448896,18,6,1,-1.0,-1.8369701987210297e-16,10.137617860899974,0.3894347826086957,53.069578563521745,15.570976634328721,83.59941944847603,-2.005012531328331,-0.11111446732833458,False,1,40.1,MONITOR,Metered consumption is substantially above the DMA's historical baseline. Continued monitoring is recommended for this probable abnormality.
2023-09-24 19:00:00,REAL_DMA_01,1.0,9.925948291666668,9.925948291666668,8.00793,8.00793,0.638,53.025243076,1.2800182916666678,14,15,44.0,60.0,False,NONE,12.895677612398076,19,6,1,-0.9659258262890684,0.2588190451025203,9.944542327829822,0.2947391304347826,53.158249538565215,-0.18697729417993447,116.46260510399765,-0.2502085070892323,-0.1502297954834072,False,2,21.2,NORMAL,"Metered consumption is substantially above the DMA's historical baseline. This may indicate unusual operation or potential water loss, but it is not a confirmed leak."
2023-09-24 20:00:00,REAL_DMA_01,1.0,10.213592342342343,10.213592342342343,8.00793,8.00793,0.4599999999999999,49.96609443700001,1.7456623423423432,15,15,37.0,60.0,False,NONE,17.09156077343498,20,6,1,-0.8660254037844386,0.5000000000000001,9.801138254401254,0.25965217391304346,51.09664936880436,4.208226404273755,77.16008037508371,-2.212581344902385,-0.11322533782592964,False,3,39.9,NORMAL,"Metered consumption is substantially above the DMA's historical baseline. This may indicate unusual operation or potential water loss, but it is not a confirmed leak."
2023-09-24 21:00:00,REAL_DMA_01,1.0,9.013343857142855,9.013343857142855,6.824770384615385,6.824770384615385,0.492,50.985810650000005,1.6965734725274704,15,15,35.0,52.0,False,NONE,18.82290856109941,21,6,1,-0.7071067811865477,0.7071067811865474,8.73661310318471,0.2663913043478261,51.340494550173915,3.1674832190665434,84.69071323649419,-0.6908462867012033,-0.14289616444434344,False,4,29.4,NORMAL,"Metered consumption is substantially above the DMA's historical baseline; The abnormal pattern has persisted across multiple recent readings. This may indicate unusual operation or potential water loss, but it is not a confirmed leak."
2023-09-24 22:00:00,REAL_DMA_01,1.0,6.458557115384616,6.458557115384616,3.9900165306122446,3.9900165306122446,0.538,52.005526863,1.9305405847723718,15,15,26.0,49.0,False,NONE,29.891205578622575,22,6,1,-0.5000000000000004,0.8660254037844384,5.935616111371451,0.1837391304347826,52.69272691958696,8.810222800819531,192.8064363464269,-1.3041649137568425,-0.08919863475067075,False,5,55.5,MONITOR,Metered consumption is substantially above the DMA's historical baseline; The abnormal pattern has persisted across multiple recent readings. Continued monitoring is recommended for this probable abnormality.
2023-09-24 23:00:00,REAL_DMA_01,1.0,4.355534777777778,4.355534777777778,3.90631,3.90631,0.435,53.025243076,0.014224777777777808,15,15,15.0,58.0,False,NONE,0.3265908436859132,23,6,1,-0.25881904510252157,0.9659258262890681,4.422055443851243,0.1017391304347826,53.11391405104349,-1.504292899944543,327.5641025641026,-0.1669449081803125,-0.10747987122319058,False,6,42.5,MONITOR,Metered consumption is substantially above the DMA's historical baseline; The abnormal pattern has persisted across multiple recent readings. Continued monitoring is recommended for this probable abnormality.
2023-09-25 00:00:00,REAL_DMA_01,1.0,3.9687027777777777,3.9687027777777777,3.90631,3.90631,0.402,53.025243076,-0.3396072222222223,14,15,18.0,56.0,False,NONE,-8.557134188123324,0,0,0,0.0,1.0,3.759889289150477,0.0756086956521739,53.04741081976087,5.553713755079224,431.6848763657275,-0.041788549937313485,-0.07428450833089506,False,7,50.1,MONITOR,Metered consumption is substantially above the DMA's historical baseline; The abnormal pattern has persisted across multiple recent readings. Continued monitoring is recommended for this probable abnormality.
2023-09-25 01:00:00,REAL_DMA_01,1.0,4.137899714285714,4.137899714285714,3.90631,3.90631,0.401,53.025243076,-0.16941028571428585,15,15,35.0,55.0,False,NONE,-4.094112893297355,1,0,0,0.25881904510252074,0.9659258262890683,3.589105793952843,0.07191666666666667,53.067731251541666,15.290547335147226,457.5898030127462,-0.08006405124098685,-0.07609113811177609,False,8,52.5,MONITOR,Metered consumption is substantially above the DMA's historical baseline; The abnormal pattern has persisted across multiple recent readings. Continued monitoring is recommended for this probable abnormality.
2023-09-25 02:00:00,REAL_DMA_01,1.0,3.912820166666666,3.912820166666666,3.90631,3.90631,0.406,53.025243076,-0.39948983333333377,15,15,30.0,55.0,False,NONE,-10.20976728592307,2,0,0,0.49999999999999994,0.8660254037844387,3.430213731495906,0.04366666666666665,52.876534461604166,14.069281769223668,829.7709923664125,0.28123744475693646,-0.03093586179873309,False,8,55.5,MONITOR,Metered consumption is substantially above the DMA's historical baseline; The abnormal pattern has persisted across multiple recent readings. Continued monitoring is recommended for this probable abnormality.
2023-09-25 03:00:00,REAL_DMA_01,1.0,6.253615490310078,6.253615490310078,5.04441804054054,5.04441804054054,0.464,52.005526863,0.7451974497695377,15,15,43.0,37.0,False,NONE,11.916265893293481,3,0,0,0.7071067811865476,0.7071067811865476,4.443768964591453,0.06549999999999999,52.664093583895834,40.727736750936515,608.3969465648856,-1.2505042355788638,-0.01997631434331759,False,8,59.9,MONITOR,Inlet flow is substantially above the DMA's historical baseline; Metered consumption is substantially above the DMA's historical baseline; The abnormal pattern has persisted across multiple recent readings. Continued monitoring is recommended for this probable abnormality.
2023-09-25 04:00:00,REAL_DMA_01,1.0,11.258301626839827,11.258301626839827,8.696964513888888,8.696964513888888,0.53,52.005526863,2.031337112950939,15,15,55.0,24.0,False,NONE,18.04301554781784,4,0,0,0.8660254037844386,0.5000000000000001,8.84618388486557,0.1748333333333333,53.55634527027084,27.267325361628675,203.1458531935177,-2.895676318921073,-0.09497942476966503,False,8,54.7,MONITOR,Metered consumption is substantially above the DMA's historical baseline; The abnormal pattern has persisted across multiple recent readings. Continued monitoring is recommended for this probable abnormality.
2023-09-25 05:00:00,REAL_DMA_01,1.0,16.556976571895422,16.556976571895422,12.57025152173913,12.57025152173913,0.629,49.96609443700001,3.3577250501562914,15,15,51.0,23.0,False,NONE,20.27982002375874,5,0,0,0.9659258262890683,0.25881904510252074,12.783212725407138,0.2315,51.878062336375,29.521247338611367,171.70626349892007,-3.6855036855036714,-0.014948637343535132,False,8,62.7,MONITOR,Metered consumption is substantially above the DMA's historical baseline; The abnormal pattern has persisted across multiple recent readings. Continued monitoring is recommended for this probable abnormality.
2023-09-25 06:00:00,REAL_DMA_01,1.0,16.235541311986864,16.235541311986864,13.033956397058825,13.033956397058825,0.6920000000000001,50.985810650000005,2.5095849149280394,15,15,58.0,34.0,False,NONE,15.45735289451167,6,0,0,1.0,6.123233995736766e-17,12.790747110349914,0.33670833333333333,51.81433007306251,26.931923302975164,105.51911892092565,-1.599015990159906,-0.06547622925258034,False,8,56.1,MONITOR,Metered consumption is substantially above the DMA's historical baseline; The abnormal pattern has persisted across multiple recent readings. Continued monitoring is recommended for this probable abnormality.
2023-09-25 07:00:00,REAL_DMA_01,1.0,16.026152528218695,16.026152528218695,13.032869848484848,13.032869848484848,0.467,50.985810650000005,2.5262826797338467,15,15,54.0,33.0,False,NONE,15.763500785891013,7,0,0,0.9659258262890683,-0.25881904510252063,12.682114719551995,0.21391666666666664,51.64437737089583,26.368140350530044,118.30931047915858,-1.2751953928424395,-0.08909692895559945,False,8,53.5,MONITOR,Metered consumption is substantially above the DMA's historical baseline; The abnormal pattern has persisted across multiple recent readings. Continued monitoring is recommended for this probable abnormality.
2023-09-25 08:00:00,REAL_DMA_01,1.0,14.111879306878306,14.111879306878306,11.923124393939394,11.923124393939394,0.506,50.985810650000005,1.6827549129389114,15,15,54.0,33.0,False,NONE,11.924385663635286,8,0,0,0.8660254037844387,-0.4999999999999998,13.08009964238011,0.2608333333333333,51.538156932041666,7.888163643304237,93.9936102236422,-1.0717230008243916,-0.1257510291260141,False,8,40.5,MONITOR,Metered consumption is substantially above the DMA's historical baseline; The abnormal pattern has persisted across multiple recent readings. Continued monitoring is recommended for this probable abnormality.
2023-09-25 09:00:00,REAL_DMA_01,1.0,13.901961700968522,13.901961700968522,11.47346518018018,11.47346518018018,0.497,50.985810650000005,1.9314965207883432,15,15,59.0,37.0,False,NONE,13.893697611422565,9,0,0,0.7071067811865476,-0.7071067811865475,12.751838330527638,0.30404166666666665,51.899306424145834,9.019275030232404,63.464437440043866,-1.7601309864920103,-0.12779016267452686,False,8,38.8,NORMAL,"Metered consumption is substantially above the DMA's historical baseline; The abnormal pattern has persisted across multiple recent readings. This may indicate unusual operation or potential water loss, but it is not a confirmed leak."
2023-09-25 10:00:00,REAL_DMA_01,1.0,10.519007873333331,10.519007873333331,8.263347884615385,8.263347884615385,0.586,52.005526863,1.6696599887179464,15,15,50.0,26.0,False,NONE,15.87278960928141,10,0,0,0.49999999999999994,-0.8660254037844387,11.388908057667566,0.30275,52.430408618416664,-7.638135104168968,93.55904211395539,-0.8103727714748725,-0.15534335640052954,False,8,28.5,NORMAL,"Metered consumption is substantially above the DMA's historical baseline; The abnormal pattern has persisted across multiple recent readings. This may indicate unusual operation or potential water loss, but it is not a confirmed leak."
2023-09-25 11:00:00,REAL_DMA_01,1.0,13.666013763027854,13.666013763027854,11.0754725,11.0754725,0.457,50.985810650000005,2.133541263027854,15,15,53.0,30.0,False,NONE,15.612023374365055,11,0,0,0.258819045102521,-0.9659258262890682,11.998370777749189,0.29,51.6868655464375,13.898911912034634,57.58620689655174,-1.356350184956839,-0.12320057097105186,False,8,40.6,MONITOR,Metered consumption is substantially above the DMA's historical baseline; The abnormal pattern has persisted across multiple recent readings. Continued monitoring is recommended for this probable abnormality.
2023-09-25 12:00:00,REAL_DMA_01,1.0,17.82701337179487,17.82701337179487,7.6758985,7.6758985,0.481,50.985810650000005,9.67011487179487,15,15,52.0,20.0,True,TEST_01;TEST_02,54.24416681649271,12,0,0,1.2246467991473532e-16,-1.0,11.530878132242556,0.25837499999999997,51.368204229875005,54.60239165954852,86.16352201257862,-0.7444168734491314,0.010019917887528984,True,8,82.2,HIGH RISK,Inlet flow is substantially above the DMA's historical baseline; Inlet volume significantly exceeds outlet volume plus metered consumption; Metered consumption is substantially above the DMA's historical baseline; The abnormal pattern has persisted across multiple recent readings. This anomalous behaviour is recommended for human inspection.
2023-09-25 13:00:00,REAL_DMA_01,1.0,13.751633920833331,13.751633920833331,8.185492727272727,8.185492727272727,0.455,50.985810650000005,5.111141193560604,15,15,40.0,22.0,True,TEST_03,37.16751931432214,13,0,0,-0.2588190451025208,-0.9659258262890683,10.69633478440967,0.27229166666666665,52.4516527061875,28.563981943393173,67.10022953328235,-2.794653705953823,-0.06005106447276232,False,8,68.8,MONITOR,Inlet volume significantly exceeds outlet volume plus metered consumption; Metered consumption is substantially above the DMA's historical baseline; The abnormal pattern has persisted across multiple recent readings. Continued monitoring is recommended for this probable abnormality.
2023-09-25 14:00:00,REAL_DMA_01,1.0,12.412891220238096,12.412891220238096,7.914928095238095,7.914928095238095,0.31,52.005526863,4.187963125000001,15,15,44.0,21.0,True,TEST_04;TEST_05;TEST_06,33.73882080084539,14,0,0,-0.4999999999999997,-0.8660254037844388,10.662520749270788,0.26491666666666663,52.430408618416664,16.416103772525048,17.017930166719108,-0.8103727714748725,-0.1338382211264278,False,8,41.1,MONITOR,Inlet volume significantly exceeds outlet volume plus metered consumption; The abnormal pattern has persisted across multiple recent readings. Continued monitoring is recommended for this probable abnormality.
2023-09-25 15:00:00,REAL_DMA_01,1.0,11.642771089147288,11.642771089147288,7.286773076923077,7.286773076923077,0.43,52.005526863,3.9259980122242113,15,15,43.0,26.0,True,TEST_06;TEST_07,33.72047755781952,15,0,0,-0.7071067811865471,-0.7071067811865479,10.741437745772211,0.3524583333333333,52.77031402275,8.391179697800123,22.000236434566737,-1.4492753623188406,-0.14263167936327908,False,8,37.1,NORMAL,"Inlet volume significantly exceeds outlet volume plus metered consumption; The abnormal pattern has persisted across multiple recent readings. This may indicate unusual operation or potential water loss, but it is not a confirmed leak."
2023-09-25 16:00:00,REAL_DMA_01,1.0,11.194599821428572,11.194599821428572,7.754026857142857,7.754026857142857,0.471,53.025243076,2.9695729642857147,14,15,42.0,35.0,True,TEST_07;TEST_08;TEST_09,26.526834470682847,16,0,0,-0.8660254037844385,-0.5000000000000004,10.723970324743894,0.4149583333333333,52.81280219829167,4.388575149250214,13.505372025303744,0.40225261464199213,-0.1656358109584427,False,7,20.7,NORMAL,"The abnormal pattern has persisted across multiple recent readings. This may indicate unusual operation or potential water loss, but it is not a confirmed leak."
2023-09-25 17:00:00,REAL_DMA_01,1.0,11.164366226495726,11.164366226495726,6.847533823529411,6.847533823529411,0.726,53.025243076,3.5908324029663152,15,15,39.0,34.0,True,TEST_09,32.16333404080212,17,0,0,-0.9659258262890683,-0.25881904510252063,10.485579470501587,0.42416666666666664,52.98275490045833,6.473526407421988,71.15913555992142,0.08019246190858806,-0.12891902121329385,False,7,46.7,MONITOR,Inlet volume significantly exceeds outlet volume plus metered consumption; Metered consumption is substantially above the DMA's historical baseline; The abnormal pattern has persisted across multiple recent readings. Continued monitoring is recommended for this probable abnormality.
2023-09-25 18:00:00,REAL_DMA_01,1.0,11.03284768115942,11.03284768115942,9.828554821428572,9.828554821428572,0.8200000000000001,54.044959289000005,0.3842928597308488,15,15,46.0,28.0,False,NONE,3.4831701736179888,18,0,0,-1.0,-1.8369701987210297e-16,10.203389782083235,0.403,53.025243076,8.129238584344609,103.47394540942929,1.9230769230769273,-0.06788714184567235,False,7,51.0,MONITOR,Metered consumption is substantially above the DMA's historical baseline; The abnormal pattern has persisted across multiple recent readings. Continued monitoring is recommended for this probable abnormality.
2023-09-25 19:00:00,REAL_DMA_01,1.0,14.949428339743587,14.949428339743587,6.58579375,6.58579375,0.7030000000000001,54.044959289000005,7.660634589743586,15,15,52.0,16.0,False,NONE,51.24366240398315,19,0,0,-0.9659258262890684,0.2588190451025203,9.943767576323024,0.30904166666666666,53.15270760262501,50.339679854741135,127.47741674531486,1.6786570743405231,0.02879331187239964,True,7,80.2,HIGH RISK,Inlet flow is substantially above the DMA's historical baseline; Inlet volume significantly exceeds outlet volume plus metered consumption; Metered consumption is substantially above the DMA's historical baseline; The abnormal pattern has persisted across multiple recent readings. This anomalous behaviour is recommended for human inspection.
2023-09-25 20:00:00,REAL_DMA_01,1.0,11.298187974415203,11.298187974415203,6.974392777777778,6.974392777777778,0.585,50.985810650000005,3.738795196637425,15,15,38.0,36.0,False,NONE,33.09198966333312,20,0,0,-0.8660254037844386,0.5000000000000001,9.818323841398799,0.26799999999999996,51.04954291331251,15.072472215436425,118.28358208955225,-0.12484394506866879,-0.11007982184846893,False,7,55.2,MONITOR,Inlet volume significantly exceeds outlet volume plus metered consumption; Metered consumption is substantially above the DMA's historical baseline; The abnormal pattern has persisted across multiple recent readings. Continued monitoring is recommended for this probable abnormality.
2023-09-25 21:00:00,REAL_DMA_01,1.0,12.483288461538462,12.483288461538462,6.159582560975609,6.159582560975609,0.496,52.005526863,5.827705900562853,15,15,39.0,41.0,True,TEST_10;TEST_11,46.68406020191122,21,0,0,-0.7071067811865477,0.7071067811865474,8.7481435512663,0.27579166666666666,51.325716054333334,42.69642911531209,79.84589817192929,1.3245033112582765,-0.042056725343789125,False,7,75.5,HIGH RISK,Inlet flow is substantially above the DMA's historical baseline; Inlet volume significantly exceeds outlet volume plus metered consumption; Metered consumption is substantially above the DMA's historical baseline; The abnormal pattern has persisted across multiple recent readings. This anomalous behaviour is recommended for human inspection.
2023-09-25 22:00:00,REAL_DMA_01,1.0,5.921314133333333,5.921314133333333,6.235070512820513,6.235070512820513,0.483,53.025243076,-0.79675637948718,15,15,25.0,39.0,True,TEST_12,-13.455735695593903,22,0,0,-0.5000000000000004,0.8660254037844384,5.957405319872,0.1985,52.664093583895834,-0.6058205645044562,143.3249370277078,0.6857603872529275,-0.10412709109323631,False,7,44.5,MONITOR,Metered consumption is substantially above the DMA's historical baseline; The abnormal pattern has persisted across multiple recent readings. Continued monitoring is recommended for this probable abnormality.
2023-09-25 23:00:00,REAL_DMA_01,1.0,4.365875588235293,4.365875588235293,2.3591043137254903,2.3591043137254903,0.408,53.025243076,1.598771274509803,15,15,17.0,51.0,True,TEST_13;TEST_14;TEST_15,36.61971676009287,23,0,0,-0.25881904510252157,0.9659258262890681,4.419283749431515,0.11562499999999999,53.11021942708334,-1.2085252774975608,252.86486486486487,-0.16000000000000147,-0.0778402255759223,False,7,61.5,MONITOR,Inlet volume significantly exceeds outlet volume plus metered consumption; Metered consumption is substantially above the DMA's historical baseline; The abnormal pattern has persisted across multiple recent readings. Continued monitoring is recommended for this probable abnormality.
2023-09-26 00:00:00,REAL_DMA_01,1.0,4.0248925,4.0248925,2.14847,2.14847,0.397,53.025243076,1.4794224999999999,15,15,28.0,55.0,True,TEST_15,36.75682021321066,0,1,0,0.0,1.0,3.7685898511766145,0.08920833333333332,53.04648716377084,6.801022635651467,345.02568893040643,-0.04004805766921346,-0.06349112184273131,False,8,65.1,MONITOR,Inlet volume significantly exceeds outlet volume plus metered consumption; Metered consumption is substantially above the DMA's historical baseline; The abnormal pattern has persisted across multiple recent readings. Continued monitoring is recommended for this probable abnormality.
2023-09-26 01:00:00,REAL_DMA_01,1.0,3.606173133333334,3.606173133333334,2.323856530612245,2.323856530612245,0.388,53.025243076,0.8943166027210888,15,15,25.0,49.0,False,NONE,24.799602505341593,1,1,0,0.25881904510252074,0.9659258262890683,3.6110575507661578,0.08507999999999999,53.06603172452,-0.1352627966781545,356.041372825576,-0.07686395080707058,-0.07419465566916406,False,8,56.4,MONITOR,Metered consumption is substantially above the DMA's historical baseline; The abnormal pattern has persisted across multiple recent readings. Continued monitoring is recommended for this probable abnormality.
2023-09-26 02:00:00,REAL_DMA_01,1.0,3.8748043548387097,3.8748043548387097,2.73442,2.73442,0.403,53.025243076,0.7373843548387096,15,15,31.0,58.0,False,NONE,19.030234492172276,2,1,0,0.49999999999999994,0.8660254037844387,3.449517988902736,0.05815999999999999,52.88248280618001,12.328863548592595,592.9160935350758,0.26995757809486093,-0.032346855582321865,False,8,57.4,MONITOR,Metered consumption is substantially above the DMA's historical baseline; The abnormal pattern has persisted across multiple recent readings. Continued monitoring is recommended for this probable abnormality.
2023-09-26 03:00:00,REAL_DMA_01,1.0,4.64211,4.64211,2.73442,2.73442,0.479,53.025243076,1.4286899999999996,15,15,29.0,60.0,False,NONE,30.776737302649003,3,1,0,0.7071067811865476,0.7071067811865476,4.516162825620198,0.08144,52.63775091506,2.7888094216909716,488.1630648330058,0.736148779542811,-0.03371971781466376,False,8,62.7,MONITOR,Inlet volume significantly exceeds outlet volume plus metered consumption; Metered consumption is substantially above the DMA's historical baseline; The abnormal pattern has persisted across multiple recent readings. Continued monitoring is recommended for this probable abnormality.
2023-09-26 04:00:00,REAL_DMA_01,1.0,10.79835621969697,10.79835621969697,7.691205810810811,7.691205810810811,0.478,53.025243076,2.6291504088861597,15,15,44.0,37.0,False,NONE,24.347691031810957,4,1,0,0.8660254037844386,0.5000000000000001,8.94266859454454,0.18903999999999999,53.49431253398,20.750938106825185,152.85653829877276,-0.876858558902017,-0.12715972280092647,False,8,46.9,MONITOR,Metered consumption is substantially above the DMA's historical baseline; The abnormal pattern has persisted across multiple recent readings. Continued monitoring is recommended for this probable abnormality.
2023-09-26 05:00:00,REAL_DMA_01,1.0,15.768376672727271,15.768376672727271,11.752085061728396,11.752085061728396,0.5700000000000001,50.985810650000005,3.446291610998875,15,15,55.0,27.0,False,NONE,21.85571592134481,5,1,0,0.9659258262890683,0.25881904510252074,12.93416327926667,0.24739999999999998,51.80158362040001,21.912614927351473,130.39611964430077,-1.5748031496063082,-0.08690962633097321,False,8,56.7,MONITOR,Metered consumption is substantially above the DMA's historical baseline; The abnormal pattern has persisted across multiple recent readings. Continued monitoring is recommended for this probable abnormality.
2023-09-26 06:00:00,REAL_DMA_01,1.0,15.056869391009853,15.056869391009853,12.724384220430109,12.724384220430109,0.809,50.985810650000005,1.523485170579744,15,15,58.0,31.0,False,NONE,10.118206720245484,6,1,0,1.0,6.123233995736766e-17,12.928538878415393,0.35092,51.78118929614,16.462266406204453,130.53687450131085,-1.53603781016147,-0.06062645065474703,False,8,54.9,MONITOR,Metered consumption is substantially above the DMA's historical baseline; The abnormal pattern has persisted across multiple recent readings. Continued monitoring is recommended for this probable abnormality.
2023-09-26 07:00:00,REAL_DMA_01,1.0,14.377722587440823,14.377722587440823,10.99093494949495,10.99093494949495,0.525,50.985810650000005,2.861787637945874,15,15,57.0,33.0,False,NONE,19.904318090305154,7,1,0,0.9659258262890683,-0.25881904510252063,12.815876231898663,0.22404,51.61803470206,12.18680898037023,134.33315479378683,-1.2248123271434141,-0.11354625209444064,False,8,48.2,MONITOR,Metered consumption is substantially above the DMA's historical baseline; The abnormal pattern has persisted across multiple recent readings. Continued monitoring is recommended for this probable abnormality.
2023-09-26 08:00:00,REAL_DMA_01,1.0,15.289077023399011,15.289077023399011,12.63460112903226,12.63460112903226,0.521,50.985810650000005,2.133475894366751,15,15,58.0,31.0,False,NONE,13.954249109358235,8,1,0,0.8660254037844387,-0.4999999999999998,13.121370828960039,0.27064,51.516063080760006,16.520424753598544,92.50665090156667,-1.0292953285827413,-0.10494905934099519,False,8,48.2,MONITOR,Metered consumption is substantially above the DMA's historical baseline; The abnormal pattern has persisted across multiple recent readings. Continued monitoring is recommended for this probable abnormality.
2023-09-26 09:00:00,REAL_DMA_01,1.0,14.186943113852813,14.186943113852813,11.865415166666669,11.865415166666669,0.559,50.985810650000005,1.7625279471861441,15,15,55.0,30.0,False,NONE,12.423592122993199,9,1,0,0.7071067811865476,-0.7071067811865475,12.797843265345273,0.31176,51.862766593180005,10.854171438940991,79.30459327687967,-1.690916240660638,-0.11515454957008542,False,8,45.1,MONITOR,Metered consumption is substantially above the DMA's historical baseline; The abnormal pattern has persisted across multiple recent readings. Continued monitoring is recommended for this probable abnormality.
2023-09-26 10:00:00,REAL_DMA_01,1.0,15.474790078616351,15.474790078616351,7.9467364666666676,7.9467364666666676,0.615,50.47595254350001,6.9130536119496835,15,15,53.0,25.0,False,NONE,44.673004136595054,10,1,0,0.49999999999999994,-0.8660254037844387,11.354112050294198,0.31408,52.4134133482,36.292384733118624,95.80998471726947,-3.696498054474699,0.018332514275026468,True,8,78.3,HIGH RISK,Inlet flow is substantially above the DMA's historical baseline; Inlet volume significantly exceeds outlet volume plus metered consumption; Metered consumption is substantially above the DMA's historical baseline; The abnormal pattern has persisted across multiple recent readings. This anomalous behaviour is recommended for human inspection.
2023-09-26 11:00:00,REAL_DMA_01,1.0,13.953098778911563,13.953098778911563,10.172680069444445,10.172680069444445,0.477,50.47595254350001,3.303418709467119,15,15,49.0,24.0,False,NONE,23.675161781695696,11,1,0,0.258819045102521,-0.9659258262890682,12.065076497160335,0.29668,51.65882335058001,15.64865570637366,60.77929081839017,-2.2897749703908414,-0.08332932066760335,False,8,55.8,MONITOR,Metered consumption is substantially above the DMA's historical baseline; The abnormal pattern has persisted across multiple recent readings. Continued monitoring is recommended for this probable abnormality.
2023-09-26 12:00:00,REAL_DMA_01,1.0,13.09869313690476,13.09869313690476,11.59956925925926,11.59956925925926,0.4969999999999999,50.985810650000005,1.0021238776455004,15,15,56.0,27.0,True,TEST_16;TEST_17;TEST_18,7.650563817103846,12,1,0,1.2246467991473532e-16,-1.0,11.782723541824648,0.26727999999999996,51.35290848668,11.168636779169681,85.94732116132893,-0.7148530579825175,-0.09698213730540622,False,8,49.1,MONITOR,Metered consumption is substantially above the DMA's historical baseline; The abnormal pattern has persisted across multiple recent readings. Continued monitoring is recommended for this probable abnormality.
2023-09-26 13:00:00,REAL_DMA_01,1.0,10.89980713768116,10.89980713768116,8.309785909090909,8.309785909090909,0.522,52.005526863,2.0680212285902506,15,15,46.0,44.0,True,TEST_18;TEST_19,18.973007526353392,13,1,0,-0.2588190451025208,-0.9659258262890683,10.818546749866616,0.2796,52.393019023940006,0.7511211042790507,86.69527896995707,-0.7395873880887621,-0.1595436260123646,False,8,27.4,NORMAL,"Metered consumption is substantially above the DMA's historical baseline; The abnormal pattern has persisted across multiple recent readings. This may indicate unusual operation or potential water loss, but it is not a confirmed leak."
2023-09-26 14:00:00,REAL_DMA_01,1.0,10.589605170940173,10.589605170940173,8.20325,8.20325,0.568,53.025243076,1.8183551709401722,15,15,39.0,55.0,True,TEST_19;TEST_20;TEST_21,17.17113283817298,14,1,0,-0.4999999999999997,-0.8660254037844388,10.732535568109482,0.26672,52.4134133482,-1.3317486465547836,112.95740851829632,1.1673151750972763,-0.16166708971270477,False,8,25.6,NORMAL,"Metered consumption is substantially above the DMA's historical baseline; The abnormal pattern has persisted across multiple recent readings. This may indicate unusual operation or potential water loss, but it is not a confirmed leak."
2023-09-26 15:00:00,REAL_DMA_01,1.0,11.229715871212122,11.229715871212122,8.20325,8.20325,0.563,53.025243076,2.4634658712121213,15,15,44.0,57.0,True,TEST_21,21.937027610176017,15,1,0,-0.7071067811865471,-0.7071067811865479,10.777491079507215,0.35556,52.739722536360006,4.196011746785732,58.34177072786589,0.5413766434648042,-0.1693530023461819,False,8,24.4,NORMAL,"Metered consumption is substantially above the DMA's historical baseline; The abnormal pattern has persisted across multiple recent readings. This may indicate unusual operation or potential water loss, but it is not a confirmed leak."
2023-09-26 16:00:00,REAL_DMA_01,1.0,10.706905148148149,10.706905148148149,8.20325,8.20325,0.707,53.025243076,1.7966551481481483,15,15,45.0,57.0,False,NONE,16.78034056796417,16,1,0,-0.8660254037844385,-0.5000000000000004,10.742795504611278,0.4172,52.8212998334,-0.3340876818117195,69.46308724832213,0.3861003861003951,-0.1464950646493839,False,8,30.3,NORMAL,"Metered consumption is substantially above the DMA's historical baseline; The abnormal pattern has persisted across multiple recent readings. This may indicate unusual operation or potential water loss, but it is not a confirmed leak."
2023-09-26 17:00:00,REAL_DMA_01,1.0,10.739300208333333,10.739300208333333,8.20325,8.20325,0.665,53.025243076,1.8710502083333322,14,15,32.0,60.0,False,NONE,17.422459304019274,17,1,0,-0.9659258262890683,-0.25881904510252063,10.512730940741353,0.43624,52.98445442748,2.1551894447705005,52.4390243902439,0.07698229407236246,-0.15880258337402747,False,7,22.3,NORMAL,"Metered consumption is substantially above the DMA's historical baseline; The abnormal pattern has persisted across multiple recent readings. This may indicate unusual operation or potential water loss, but it is not a confirmed leak."
2023-09-26 18:00:00,REAL_DMA_01,1.0,10.757303372093023,10.757303372093023,8.20325,8.20325,0.712,53.025243076,1.8420533720930228,15,15,43.0,60.0,False,NONE,17.12374661545516,18,1,0,-1.0,-1.8369701987210297e-16,10.236568098046282,0.41968000000000005,53.06603172452,5.087010305203038,69.65306900495612,-0.07686395080707058,-0.1492330662641328,False,7,29.0,NORMAL,"Metered consumption is substantially above the DMA's historical baseline; The abnormal pattern has persisted across multiple recent readings. This may indicate unusual operation or potential water loss, but it is not a confirmed leak."
2023-09-26 19:00:00,REAL_DMA_01,1.0,10.10438903125,10.10438903125,8.24346205882353,8.24346205882353,0.568,53.025243076,1.2929269724264691,14,15,48.0,51.0,False,NONE,12.79569668614118,19,1,0,-0.9659258262890684,0.2588190451025203,10.143994006859847,0.3248,53.18839767008,-0.39042782934478293,74.8768472906404,-0.30674846625766516,-0.16152865005940314,False,7,23.2,NORMAL,"Metered consumption is substantially above the DMA's historical baseline; The abnormal pattern has persisted across multiple recent readings. This may indicate unusual operation or potential water loss, but it is not a confirmed leak."
2023-09-26 20:00:00,REAL_DMA_01,1.0,10.561143166666666,10.561143166666666,8.246884361702127,8.246884361702127,0.556,49.96609443700001,1.7582588049645382,15,15,30.0,47.0,False,NONE,16.64837581706114,20,1,0,-0.8660254037844386,0.5000000000000001,9.877518406719455,0.28068,51.04699362278,6.921017322348459,98.0903520022802,-2.1174590491410132,-0.10834932594498581,False,7,46.2,MONITOR,Metered consumption is substantially above the DMA's historical baseline; The abnormal pattern has persisted across multiple recent readings. Continued monitoring is recommended for this probable abnormality.
2023-09-26 21:00:00,REAL_DMA_01,1.0,8.838518484848485,8.838518484848485,8.105592209302326,8.105592209302326,0.615,50.985810650000005,0.1179262755461592,15,15,33.0,43.0,False,NONE,1.3342312486907781,21,1,0,-0.7071067811865477,0.7071067811865474,8.897549347677186,0.2846,51.35290848668001,-0.6634508056323574,116.09276177090652,-0.7148530579825312,-0.1207663356803454,False,7,40.2,MONITOR,Metered consumption is substantially above the DMA's historical baseline; The abnormal pattern has persisted across multiple recent readings. Continued monitoring is recommended for this probable abnormality.
2023-09-26 22:00:00,REAL_DMA_01,1.0,6.04028453125,6.04028453125,4.10162,4.10162,0.399,53.025243076,1.5396645312500006,15,15,32.0,53.0,False,NONE,25.489933848056268,22,1,0,-0.5000000000000004,0.8660254037844384,5.955961672410454,0.20987999999999998,52.678539563579996,1.4157723551202746,90.10863350485995,0.6581494386372562,-0.1385713762811625,False,7,38.1,NORMAL,"Metered consumption is substantially above the DMA's historical baseline; The abnormal pattern has persisted across multiple recent readings. This may indicate unusual operation or potential water loss, but it is not a confirmed leak."
2023-09-26 23:00:00,REAL_DMA_01,1.0,3.955139375,3.955139375,4.10162,4.10162,0.415,52.005526863,-0.5614806249999997,15,15,16.0,60.0,False,NONE,-14.196228546307543,23,1,0,-0.25881904510252157,0.9659258262890681,4.417147422983667,0.12732,53.10682037304,-10.459421063913519,225.95036129437636,-2.0737327188940116,-0.056938156264008,False,7,53.3,MONITOR,Metered consumption is substantially above the DMA's historical baseline; The abnormal pattern has persisted across multiple recent readings. Continued monitoring is recommended for this probable abnormality.
2023-09-27 00:00:00,REAL_DMA_01,1.0,4.0104765,4.0104765,4.10162,4.10162,0.376,50.985810650000005,-0.4671434999999994,15,15,30.0,60.0,False,NONE,-11.648079723194972,0,2,0,0.0,1.0,3.77884195712955,0.10152,53.045637400260006,6.12977588103214,270.3703703703704,-3.8831218762014625,-0.02220813948697209,False,7,55.3,MONITOR,Metered consumption is substantially above the DMA's historical baseline; The abnormal pattern has persisted across multiple recent readings. Continued monitoring is recommended for this probable abnormality.
2023-09-27 01:00:00,REAL_DMA_01,1.0,3.601128333333333,3.601128333333333,4.10162,4.10162,0.424,53.025243076,-0.9244916666666665,15,15,12.0,60.0,False,NONE,-25.672277716660098,1,2,0,0.25881904510252074,0.9659258262890683,3.6108696885572034,0.09673076923076923,53.06446293034616,-0.26977864237916255,338.33001988071567,-0.07390983000739784,-0.07323857684639634,False,8,50.9,MONITOR,Metered consumption is substantially above the DMA's historical baseline; The abnormal pattern has persisted across multiple recent readings. Continued monitoring is recommended for this probable abnormality.
2023-09-27 02:00:00,REAL_DMA_01,1.0,3.898870666666667,3.898870666666667,4.10162,4.10162,0.384,53.025243076,-0.5867493333333328,15,15,35.0,60.0,False,NONE,-15.049212541204223,2,2,0,0.49999999999999994,0.8660254037844387,3.465875156823351,0.07142307692307691,52.887973585788465,12.493107519780898,437.64135702746376,0.2595476455320699,-0.06385331815823447,False,8,53.4,MONITOR,Metered consumption is substantially above the DMA's historical baseline; The abnormal pattern has persisted across multiple recent readings. Continued monitoring is recommended for this probable abnormality.
2023-09-27 03:00:00,REAL_DMA_01,1.0,4.43918134057971,4.43918134057971,4.10162,4.10162,0.456,53.025243076,-0.1184386594202898,15,15,46.0,60.0,False,NONE,-2.6680293129188315,3,2,0,0.7071067811865476,0.7071067811865476,4.5210069477117285,0.09673076923076922,52.65265445971154,-1.809897840865608,371.4115308151094,0.7076350093109852,-0.07989595454922205,False,8,50.2,MONITOR,Metered consumption is substantially above the DMA's historical baseline; The abnormal pattern has persisted across multiple recent readings. Continued monitoring is recommended for this probable abnormality.
2023-09-27 04:00:00,REAL_DMA_01,1.0,11.904681965277776,11.904681965277776,8.019031477272728,8.019031477272728,0.548,53.025243076,3.337650488005048,15,15,48.0,44.0,False,NONE,28.036452361683644,4,2,0,0.8660254037844386,0.5000000000000001,9.01404119551194,0.20015384615384615,53.47627140098078,32.068200123215284,173.78939277478867,-0.8434176751008552,-0.10160569620389853,False,8,58.3,MONITOR,Metered consumption is substantially above the DMA's historical baseline; The abnormal pattern has persisted across multiple recent readings. Continued monitoring is recommended for this probable abnormality.
2023-09-27 05:00:00,REAL_DMA_01,1.0,16.73830406122449,16.73830406122449,12.713412583333334,12.713412583333334,0.5720000000000001,50.985810650000005,3.452891477891156,15,15,49.0,20.0,False,NONE,20.62868176645227,5,2,0,0.9659258262890683,0.25881904510252074,13.043171486707461,0.2598076923076923,51.77020773692308,28.330016041595456,120.16284233900818,-1.5151515151515185,-0.07954704309510785,False,8,57.8,MONITOR,Metered consumption is substantially above the DMA's historical baseline; The abnormal pattern has persisted across multiple recent readings. Continued monitoring is recommended for this probable abnormality.
2023-09-27 06:00:00,REAL_DMA_01,1.0,15.837078849603175,15.837078849603175,12.94997282520325,12.94997282520325,0.683,50.985810650000005,2.204106024399925,15,15,60.0,41.0,False,NONE,13.917377348002233,6,2,0,1.0,6.123233995736766e-17,13.010397744284411,0.3685384615384616,51.750597809750005,21.72632352120481,85.32665414318512,-1.477832512315271,-0.07820453384611126,False,8,53.7,MONITOR,Metered consumption is substantially above the DMA's historical baseline; The abnormal pattern has persisted across multiple recent readings. Continued monitoring is recommended for this probable abnormality.
2023-09-27 07:00:00,REAL_DMA_01,1.0,16.268184265079366,16.268184265079366,11.944936857142856,11.944936857142856,0.5890000000000001,53.025243076,3.7342474079365098,14,15,60.0,35.0,False,NONE,22.954297462392876,7,2,0,0.9659258262890683,-0.25881904510252063,12.87594724557336,0.2356153846153846,51.59371839236539,26.34553369013085,149.98367613450873,2.77461041429114,-0.04130357605034407,False,8,61.1,MONITOR,Metered consumption is substantially above the DMA's historical baseline; The abnormal pattern has persisted across multiple recent readings. Continued monitoring is recommended for this probable abnormality.
2023-09-27 08:00:00,REAL_DMA_01,1.0,19.109464924908423,19.109464924908423,16.09599814102564,16.09599814102564,0.389,53.025243076,2.6244667838827835,15,15,52.0,26.0,False,NONE,13.73385803420323,8,2,0,0.8660254037844387,-0.4999999999999998,13.204744144130768,0.28026923076923077,51.49566875650001,44.716661802206744,38.795114587621796,2.970297029702956,0.0030986958822033506,True,8,55.5,MONITOR,Inlet flow is substantially above the DMA's historical baseline; Metered consumption is substantially above the DMA's historical baseline; The abnormal pattern has persisted across multiple recent readings. Continued monitoring is recommended for this probable abnormality.
2023-09-27 09:00:00,REAL_DMA_01,1.0,12.667565718253968,12.667565718253968,10.50165893939394,10.50165893939394,0.459,53.025243076,1.7069067788600285,15,15,54.0,33.0,False,NONE,13.474623434559135,9,2,0,0.7071067811865476,-0.7071067811865475,12.851270182595563,0.32126923076923075,51.82903751844231,-1.4294654281752277,42.870824853346114,2.3079833522512248,-0.147243168792336,False,7,24.5,NORMAL,"Metered consumption is substantially above the DMA's historical baseline; The abnormal pattern has persisted across multiple recent readings. This may indicate unusual operation or potential water loss, but it is not a confirmed leak."
2023-09-27 10:00:00,REAL_DMA_01,1.0,11.447002899305554,11.447002899305554,8.151796075268818,8.151796075268818,0.474,53.025243076,2.821206824036736,15,15,48.0,31.0,False,NONE,24.645812085955598,10,2,0,0.49999999999999994,-0.8660254037844387,11.512599666768127,0.3256538461538462,52.33889562494231,-0.5697824067653648,45.55332467225698,1.3113525665043084,-0.16505914324699356,False,6,22.5,NORMAL,"Metered consumption is substantially above the DMA's historical baseline; The abnormal pattern has persisted across multiple recent readings. This may indicate unusual operation or potential water loss, but it is not a confirmed leak."
2023-09-27 11:00:00,REAL_DMA_01,1.0,12.692228944761904,12.692228944761904,9.790575476190476,9.790575476190476,0.448,53.025243076,2.4536534685714284,14,15,50.0,21.0,False,NONE,19.331935149058697,11,2,0,0.258819045102521,-0.9659258262890682,12.137692738766152,0.3036153846153846,51.61332831953847,4.568711846071361,47.55510514314669,2.7355623100303874,-0.13710156046584632,False,5,29.5,NORMAL,"Metered consumption is substantially above the DMA's historical baseline; The abnormal pattern has persisted across multiple recent readings. This may indicate unusual operation or potential water loss, but it is not a confirmed leak."
2023-09-27 12:00:00,REAL_DMA_01,1.0,10.992514902515722,10.992514902515722,9.223230555555556,9.223230555555556,0.409,53.025243076,1.3602843469601662,15,15,53.0,18.0,False,NONE,12.374641826947668,12,2,0,1.2246467991473532e-16,-1.0,11.833337757020036,0.2761153846153846,51.33878933911539,-7.105542593048204,48.12648001114361,3.2849503437738736,-0.1426253822316686,False,4,24.0,NORMAL,"Metered consumption is substantially above the DMA's historical baseline; The abnormal pattern has persisted across multiple recent readings. This may indicate unusual operation or potential water loss, but it is not a confirmed leak."
2023-09-27 13:00:00,REAL_DMA_01,1.0,10.50288685763889,10.50288685763889,7.71699625,7.71699625,0.4519999999999999,53.025243076,2.3338906076388897,15,15,48.0,32.0,False,NONE,22.221420065488186,13,2,0,-0.2588190451025208,-0.9659258262890683,10.821672149397944,0.2889230769230769,52.37811547928846,-2.9458043762376382,56.44302449414269,1.235492324971927,-0.1620946862920291,False,4,21.0,NORMAL,"Metered consumption is substantially above the DMA's historical baseline; The abnormal pattern has persisted across multiple recent readings. This may indicate unusual operation or potential water loss, but it is not a confirmed leak."
2023-09-27 14:00:00,REAL_DMA_01,1.0,11.06748032520325,11.06748032520325,8.212551904761906,8.212551904761906,0.514,52.005526863,2.3409284204413447,14,15,41.0,21.0,False,NONE,21.1514125316356,14,2,0,-0.4999999999999997,-0.8660254037844388,10.727038245141431,0.2783076923076923,52.43694526080769,3.173681982685345,84.68767274737424,-0.8227374719521268,-0.16291353599344588,False,4,23.1,NORMAL,"Metered consumption is substantially above the DMA's historical baseline; The abnormal pattern has persisted across multiple recent readings. This may indicate unusual operation or potential water loss, but it is not a confirmed leak."
2023-09-27 15:00:00,REAL_DMA_01,1.0,11.758060868794326,11.758060868794326,8.407444772727272,8.407444772727272,0.5409999999999999,52.005526863,2.8096160960670535,15,15,47.0,44.0,False,NONE,23.895233469353116,15,2,0,-0.7071067811865471,-0.7071067811865479,10.794884340726632,0.36353846153846153,52.75070409557692,8.922527538658736,48.81506559458314,-1.4126394052044575,-0.15421540436795733,False,3,24.1,NORMAL,"Metered consumption is substantially above the DMA's historical baseline. This may indicate unusual operation or potential water loss, but it is not a confirmed leak."
2023-09-27 16:00:00,REAL_DMA_01,1.0,11.04255924074074,11.04255924074074,7.721263064516129,7.721263064516129,0.8059999999999999,52.005526863,2.515296176224611,15,15,45.0,31.0,False,NONE,22.77819952230461,16,2,0,-0.8660254037844385,-0.5000000000000004,10.741415106285775,0.4283461538461539,52.829143804269236,2.80357970970453,88.16557421208582,-1.55902004454344,-0.12918674950721026,False,3,37.0,NORMAL,"Metered consumption is substantially above the DMA's historical baseline. This may indicate unusual operation or potential water loss, but it is not a confirmed leak."
2023-09-27 17:00:00,REAL_DMA_01,1.0,10.971382238095238,10.971382238095238,7.8966056,7.8966056,0.769,52.005526863,2.305776638095238,14,15,35.0,50.0,False,NONE,21.0162820696287,17,2,0,-0.9659258262890683,-0.25881904510252063,10.521445143341044,0.44503846153846155,52.986023221653845,4.276381130390215,72.79405410076917,-1.8504811250925217,-0.1309892278872048,False,4,36.6,NORMAL,"Metered consumption is substantially above the DMA's historical baseline; The abnormal pattern has persisted across multiple recent readings. This may indicate unusual operation or potential water loss, but it is not a confirmed leak."
2023-09-27 18:00:00,REAL_DMA_01,1.0,11.123563131205676,11.123563131205676,7.982459130434783,7.982459130434783,0.749,52.005526863,2.392104000770893,15,15,47.0,23.0,False,NONE,21.504835928517934,18,2,0,-1.0,-1.8369701987210297e-16,10.25659637781731,0.43092307692307696,53.06446293034616,8.452772454451058,73.81292395573008,-1.9955654101995675,-0.12571040983013831,False,5,40.9,MONITOR,Metered consumption is substantially above the DMA's historical baseline; The abnormal pattern has persisted across multiple recent readings. Continued monitoring is recommended for this probable abnormality.
2023-09-27 19:00:00,REAL_DMA_01,1.0,10.481422829861112,10.481422829861112,7.615347000000001,7.615347000000001,0.63,53.025243076,2.236075829861111,15,15,48.0,50.0,False,NONE,21.333705033734823,19,2,0,-0.9659258262890684,0.2588190451025203,10.14247073856716,0.33415384615384613,53.18212249338462,3.3419084957777767,88.53591160220996,-0.29498525073746384,-0.15769265838976404,False,6,27.3,NORMAL,"Metered consumption is substantially above the DMA's historical baseline; The abnormal pattern has persisted across multiple recent readings. This may indicate unusual operation or potential water loss, but it is not a confirmed leak."
2023-09-27 20:00:00,REAL_DMA_01,1.0,10.769478296296295,10.769478296296295,7.310376734693878,7.310376734693878,0.643,50.985810650000005,2.8161015616024176,15,15,45.0,49.0,False,NONE,26.148913476810627,20,2,0,-0.8660254037844386,0.5000000000000001,9.903811666717425,0.2912692307692307,51.005420577173076,8.740742036604088,120.75795589594615,-0.03844675124950906,-0.12088994228428712,False,7,47.2,MONITOR,Metered consumption is substantially above the DMA's historical baseline; The abnormal pattern has persisted across multiple recent readings. Continued monitoring is recommended for this probable abnormality.
2023-09-27 21:00:00,REAL_DMA_01,1.0,9.7784896875,9.7784896875,7.22667,7.22667,0.7959999999999999,52.005526863,1.7558196875000003,15,15,32.0,60.0,False,NONE,17.955939450899997,21,2,0,-0.7071067811865477,0.7071067811865474,8.895278929876083,0.2973076923076923,51.33878933911539,9.928983279630796,167.73609314359638,1.2987012987012947,-0.09881254954704688,False,7,48.5,MONITOR,Metered consumption is substantially above the DMA's historical baseline; The abnormal pattern has persisted across multiple recent readings. Continued monitoring is recommended for this probable abnormality.
2023-09-27 22:00:00,REAL_DMA_01,1.0,6.003916111111111,6.003916111111111,4.387086923076923,4.387086923076923,0.5409999999999999,54.044959289000005,1.0758291880341875,15,15,24.0,52.0,False,NONE,17.918791137724437,22,2,0,-0.5000000000000004,0.8660254037844384,5.9592048592888975,0.21715384615384614,52.6918743140577,0.7502888871578174,149.13212894084305,2.5679196129512425,-0.08568598531333149,False,7,49.9,MONITOR,Metered consumption is substantially above the DMA's historical baseline; The abnormal pattern has persisted across multiple recent readings. Continued monitoring is recommended for this probable abnormality.
2023-09-27 23:00:00,REAL_DMA_01,1.0,4.552574411764706,4.552574411764706,3.12505,3.12505,0.448,54.044959289000005,0.979524411764706,14,15,17.0,60.0,False,NONE,21.51583528724827,23,2,0,-0.25881904510252157,0.9659258262890681,4.399377882676602,0.13838461538461538,53.06446293034616,3.482231651237423,223.7354085603113,1.8477457501847718,-0.06837355571192782,False,8,55.3,MONITOR,Metered consumption is substantially above the DMA's historical baseline; The abnormal pattern has persisted across multiple recent readings. Continued monitoring is recommended for this probable abnormality.
2023-09-28 00:00:00,REAL_DMA_01,1.0,4.243801470588235,4.243801470588235,3.12505,3.12505,0.472,53.025243076,0.6467514705882356,15,15,34.0,60.0,False,NONE,15.239908725008972,0,3,0,0.0,1.0,3.787750978009183,0.11207692307692306,52.96641329448077,12.040139260125006,321.13932738503775,0.11106997408366961,-0.09010313777894441,False,8,50.5,MONITOR,Metered consumption is substantially above the DMA's historical baseline; The abnormal pattern has persisted across multiple recent readings. Continued monitoring is recommended for this probable abnormality.
2023-09-28 01:00:00,REAL_DMA_01,1.0,4.05664802631579,4.05664802631579,3.12505,3.12505,0.39,54.044959289000005,0.5415980263157897,15,15,38.0,60.0,False,NONE,13.350875471630799,1,3,0,0.25881904510252074,0.9659258262890683,3.610508897622986,0.10885185185185185,53.06301034314815,12.356682709922794,258.28513099693777,1.8505338078291866,-0.0680200360706652,False,8,52.8,MONITOR,Metered consumption is substantially above the DMA's historical baseline; The abnormal pattern has persisted across multiple recent readings. Continued monitoring is recommended for this probable abnormality.
2023-09-28 02:00:00,REAL_DMA_01,1.0,3.5807861111111112,3.5807861111111112,3.12505,3.12505,0.379,53.025243076,0.07673611111111134,15,15,36.0,60.0,False,NONE,2.1429962228964374,2,3,0,0.49999999999999994,0.8660254037844387,3.4819120275582884,0.08299999999999999,52.89305764098148,2.8396490999848387,356.62650602409644,0.24991074616208878,-0.09170749706396025,False,8,48.7,MONITOR,Metered consumption is substantially above the DMA's historical baseline; The abnormal pattern has persisted across multiple recent readings. Continued monitoring is recommended for this probable abnormality.
2023-09-28 03:00:00,REAL_DMA_01,1.0,5.303221833333334,5.303221833333334,3.1660661999999995,3.1660661999999995,0.523,53.025243076,1.614155633333334,15,15,40.0,50.0,False,NONE,30.437264064414187,3,3,0,0.7071067811865476,0.7071067811865476,4.517976369669802,0.11003703703703704,52.66645403809259,17.38046858622506,375.2945136317738,0.6812477590534365,-0.05455218276913487,False,8,63.4,MONITOR,Inlet volume significantly exceeds outlet volume plus metered consumption; Metered consumption is substantially above the DMA's historical baseline; The abnormal pattern has persisted across multiple recent readings. Continued monitoring is recommended for this probable abnormality.
2023-09-28 04:00:00,REAL_DMA_01,1.0,10.441239540816326,10.441239540816326,7.452678857142858,7.452678857142858,0.527,53.025243076,2.4615606836734685,15,15,49.0,35.0,False,NONE,23.575368365517036,4,3,0,0.8660254037844386,0.5000000000000001,9.121101964762527,0.21303703703703702,53.459566648203705,14.473443901338623,147.374826147427,-0.8124337689862211,-0.1351760860441244,False,8,41.7,MONITOR,Metered consumption is substantially above the DMA's historical baseline; The abnormal pattern has persisted across multiple recent readings. Continued monitoring is recommended for this probable abnormality.
2023-09-28 05:00:00,REAL_DMA_01,1.0,17.11791074192177,17.11791074192177,12.938488333333334,12.938488333333334,0.541,50.985810650000005,3.638422408588435,15,15,56.0,28.0,False,NONE,21.255061224720244,5,3,0,0.9659258262890683,0.25881904510252074,13.180028248726611,0.2713703703703704,51.741155992962966,29.877648354627894,99.35853691824758,-1.4598540145985368,-0.07756982980633753,False,8,58.5,MONITOR,Metered consumption is substantially above the DMA's historical baseline; The abnormal pattern has persisted across multiple recent readings. Continued monitoring is recommended for this probable abnormality.
2023-09-28 06:00:00,REAL_DMA_01,1.0,16.212107669444446,16.212107669444446,11.956915292792791,11.956915292792791,0.598,50.985810650000005,3.657192376651655,15,15,60.0,37.0,False,NONE,22.558401728015287,6,3,0,1.0,6.123233995736766e-17,13.115089637073993,0.3801851851851852,51.722272359388896,23.614158332671565,57.291768144179244,-1.4238773274917893,-0.09078176084491718,False,8,54.4,MONITOR,Metered consumption is substantially above the DMA's historical baseline; The abnormal pattern has persisted across multiple recent readings. Continued monitoring is recommended for this probable abnormality.
2023-09-28 07:00:00,REAL_DMA_01,1.0,14.173183862684729,14.173183862684729,11.884947073529412,11.884947073529412,0.5710000000000001,52.005526863,1.7172367891553164,15,15,58.0,34.0,False,NONE,12.116097595237378,7,3,0,0.9659258262890683,-0.25881904510252063,13.001585653703213,0.2487037037037037,51.64673782509259,9.011194789520248,129.59046909903205,0.6946983546617904,-0.10930570072591894,False,8,45.3,MONITOR,Metered consumption is substantially above the DMA's historical baseline; The abnormal pattern has persisted across multiple recent readings. Continued monitoring is recommended for this probable abnormality.
2023-09-28 08:00:00,REAL_DMA_01,1.0,14.574194882594416,14.574194882594416,11.896488535353535,11.896488535353535,0.577,51.4956687565,2.1007063472408802,15,15,58.0,33.0,False,NONE,14.413875786371566,8,3,0,0.8660254037844387,-0.4999999999999998,13.423437506381791,0.28429629629629627,51.55231965722223,8.572747298637397,102.95726941115164,-0.10989010989011548,-0.11534823973782338,False,8,43.9,MONITOR,Metered consumption is substantially above the DMA's historical baseline; The abnormal pattern has persisted across multiple recent readings. Continued monitoring is recommended for this probable abnormality.
2023-09-28 09:00:00,REAL_DMA_01,1.0,12.617637406109614,12.617637406109614,10.460379344827588,10.460379344827588,0.548,52.005526863,1.6092580612820253,15,15,53.0,29.0,False,NONE,12.754036349965192,9,3,0,0.7071067811865476,-0.7071067811865475,12.844466313545874,0.32637037037037037,51.87334142798149,-1.765965995777069,67.9073990013618,0.25482344375681576,-0.15329039930661448,False,8,26.4,NORMAL,"Metered consumption is substantially above the DMA's historical baseline; The abnormal pattern has persisted across multiple recent readings. This may indicate unusual operation or potential water loss, but it is not a confirmed leak."
2023-09-28 10:00:00,REAL_DMA_01,1.0,10.993616666666666,10.993616666666666,9.082168533333334,9.082168533333334,0.631,53.025243076,1.280448133333332,15,15,48.0,25.0,False,NONE,11.64719647916896,10,3,0,0.49999999999999994,-0.8660254037844387,11.510170156862104,0.33114814814814814,52.364315900907414,-4.487800642004241,90.549155575439,1.262170934006483,-0.14456516049559998,False,8,31.3,NORMAL,"Metered consumption is substantially above the DMA's historical baseline; The abnormal pattern has persisted across multiple recent readings. This may indicate unusual operation or potential water loss, but it is not a confirmed leak."
2023-09-28 11:00:00,REAL_DMA_01,1.0,13.493806686904763,13.493806686904763,10.742351138888887,10.742351138888887,0.517,52.005526863,2.2344555480158763,15,15,60.0,30.0,False,NONE,16.55911930459425,11,3,0,0.258819045102521,-0.9659258262890682,12.158231116765993,0.308962962962963,51.665621458666664,10.984949679867777,67.33397266842482,0.6578947368421114,-0.1323751526772543,False,8,37.6,NORMAL,"Metered consumption is substantially above the DMA's historical baseline; The abnormal pattern has persisted across multiple recent readings. This may indicate unusual operation or potential water loss, but it is not a confirmed leak."
2023-09-28 12:00:00,REAL_DMA_01,1.0,11.88957918067227,11.88957918067227,10.113495454545456,10.113495454545456,0.626,53.025243076,1.1500837261268138,15,15,51.0,22.0,False,NONE,9.673039799393344,12,3,0,1.2246467991473532e-16,-1.0,11.802196169816172,0.28103703703703703,51.40125058862963,0.7403961906647277,122.74644175013178,3.1594415870683368,-0.10056907859427927,False,8,46.4,MONITOR,Metered consumption is substantially above the DMA's historical baseline; The abnormal pattern has persisted across multiple recent readings. Continued monitoring is recommended for this probable abnormality.
2023-09-28 13:00:00,REAL_DMA_01,1.0,11.59453140873016,11.59453140873016,7.81262,7.81262,0.722,53.025243076,3.059911408730161,15,15,42.0,51.0,False,NONE,26.390988137961184,13,3,0,-0.2588190451025208,-0.9659258262890683,10.809865286740202,0.2949629629629629,52.402083168055555,7.258796489836565,144.77649422400808,1.1891891891891957,-0.11582024531452806,False,8,49.9,MONITOR,Metered consumption is substantially above the DMA's historical baseline; The abnormal pattern has persisted across multiple recent readings. Continued monitoring is recommended for this probable abnormality.
2023-09-28 14:00:00,REAL_DMA_01,1.0,10.73713435897436,10.73713435897436,7.848427833333333,7.848427833333333,0.919,53.025243076,1.9697065256410276,15,15,39.0,60.0,False,NONE,18.344806535783903,14,3,0,-0.4999999999999997,-0.8660254037844388,10.739647211069645,0.28703703703703703,52.42096680162963,-0.023397901680553685,220.1677419354839,1.1527377521613833,-0.0914171709354843,False,8,50.4,MONITOR,Metered consumption is substantially above the DMA's historical baseline; The abnormal pattern has persisted across multiple recent readings. Continued monitoring is recommended for this probable abnormality.
2023-09-28 15:00:00,REAL_DMA_01,1.0,10.50755679078014,10.50755679078014,7.81262,7.81262,0.998,53.025243076,1.6969367907801394,15,15,47.0,51.0,False,NONE,16.14967993576887,15,3,0,-0.7071067811865471,-0.7071067811865479,10.830557545469881,0.3701111111111111,52.72310493881482,-2.9823095748643556,169.64875412788953,0.5730659025787899,-0.10700138446972884,False,8,45.9,MONITOR,Metered consumption is substantially above the DMA's historical baseline; The abnormal pattern has persisted across multiple recent readings. Continued monitoring is recommended for this probable abnormality.
2023-09-28 16:00:00,REAL_DMA_01,1.0,10.479361359649124,10.479361359649124,7.81262,7.81262,0.731,52.005526863,1.935741359649124,15,15,38.0,60.0,False,NONE,18.47194016137962,16,3,0,-0.8660254037844385,-0.5000000000000004,10.75256859274707,0.4423333333333333,52.79863947311111,-2.54085552434636,65.25998492840995,-1.502145922746777,-0.13982643997961475,False,8,34.6,NORMAL,"Metered consumption is substantially above the DMA's historical baseline; The abnormal pattern has persisted across multiple recent readings. This may indicate unusual operation or potential water loss, but it is not a confirmed leak."
2023-09-28 17:00:00,REAL_DMA_01,1.0,10.464824591836734,10.464824591836734,7.849002156862745,7.849002156862745,0.6859999999999999,53.025243076,1.9298224349739899,15,15,49.0,51.0,False,NONE,18.441039484592803,17,3,0,-0.9659258262890683,-0.25881904510252063,10.538109480183792,0.457037037037037,52.94970854170371,-0.6954272821407359,50.09724473257698,0.14265335235377866,-0.15560314463079256,False,7,24.0,NORMAL,"Metered consumption is substantially above the DMA's historical baseline; The abnormal pattern has persisted across multiple recent readings. This may indicate unusual operation or potential water loss, but it is not a confirmed leak."
2023-09-28 18:00:00,REAL_DMA_01,1.0,9.032583643410852,9.032583643410852,7.6290188,7.6290188,0.8260000000000001,53.025243076,0.5775648434108525,15,15,43.0,50.0,False,NONE,6.394237421008309,18,3,0,-1.0,-1.8369701987210297e-16,10.288706257572436,0.44270370370370365,53.025243076,-12.208751836384515,86.58077470091195,0.0,-0.11092119784183552,False,7,44.1,MONITOR,Metered consumption is substantially above the DMA's historical baseline; The abnormal pattern has persisted across multiple recent readings. Continued monitoring is recommended for this probable abnormality.
2023-09-28 19:00:00,REAL_DMA_01,1.0,10.7327016984127,10.7327016984127,7.965612166666667,7.965612166666667,0.631,52.005526863,2.136089531746033,15,15,42.0,30.0,False,NONE,19.902626493960483,19,3,0,-0.9659258262890684,0.2588190451025203,10.155024519726195,0.3451111111111111,53.1763121445926,5.6885847746045695,82.83966516419834,-2.2017045454545596,-0.14302320046996564,False,7,34.8,NORMAL,"Metered consumption is substantially above the DMA's historical baseline; The abnormal pattern has persisted across multiple recent readings. This may indicate unusual operation or potential water loss, but it is not a confirmed leak."
2023-09-28 20:00:00,REAL_DMA_01,1.0,10.220715142276424,10.220715142276424,7.65751205882353,7.65751205882353,0.621,50.985810650000005,1.942203083452894,15,15,41.0,51.0,False,NONE,19.002614361291297,20,3,0,-0.8660254037844386,0.5000000000000001,9.935873393738866,0.3042962962962963,51.00469428357408,2.8668013092543196,104.07740993184032,-0.0370233246945641,-0.13575984952484788,False,7,35.7,NORMAL,"Metered consumption is substantially above the DMA's historical baseline; The abnormal pattern has persisted across multiple recent readings. This may indicate unusual operation or potential water loss, but it is not a confirmed leak."
2023-09-28 21:00:00,REAL_DMA_01,1.0,8.944607795698925,8.944607795698925,7.6173,7.6173,0.5680000000000001,50.985810650000005,0.7593077956989247,15,15,31.0,60.0,False,NONE,8.489000446325248,21,3,0,-0.7071067811865477,0.7071067811865474,8.927990439417709,0.31577777777777777,51.36348332148149,0.18612650174723963,79.87332864180158,-0.735294117647064,-0.1350799859427348,False,7,33.7,NORMAL,"Metered consumption is substantially above the DMA's historical baseline; The abnormal pattern has persisted across multiple recent readings. This may indicate unusual operation or potential water loss, but it is not a confirmed leak."
2023-09-28 22:00:00,REAL_DMA_01,1.0,6.207635217391305,6.207635217391305,4.785225897435898,4.785225897435898,0.484,53.025243076,0.9384093199554071,15,15,23.0,39.0,False,NONE,15.11701778684354,22,3,0,-0.5000000000000004,0.8660254037844384,5.96086083157861,0.22914814814814816,52.74198857238889,4.139911881608917,111.21706804590268,0.5370569280343721,-0.1376062804949003,False,7,32.8,NORMAL,"Metered consumption is substantially above the DMA's historical baseline; The abnormal pattern has persisted across multiple recent readings. This may indicate unusual operation or potential water loss, but it is not a confirmed leak."
2023-09-28 23:00:00,REAL_DMA_01,1.0,4.230420217391305,4.230420217391305,3.71099,3.71099,0.442,53.025243076,0.07743021739130479,15,15,23.0,60.0,False,NONE,1.830319765232501,23,3,0,-0.25881904510252157,0.9659258262890681,4.405051828198385,0.14985185185185182,53.1007776102963,-3.96434860741474,194.95798319327736,-0.14224751066856164,-0.1238233310529554,False,7,39.0,NORMAL,"Metered consumption is substantially above the DMA's historical baseline; The abnormal pattern has persisted across multiple recent readings. This may indicate unusual operation or potential water loss, but it is not a confirmed leak."
2023-09-29 00:00:00,REAL_DMA_01,1.0,3.8005119444444446,3.8005119444444446,3.71099,3.71099,0.402,53.025243076,-0.3124780555555552,15,15,18.0,60.0,False,NONE,-8.221999039164524,0,4,0,0.0,1.0,3.804641736993592,0.12540740740740738,52.96859217527778,-0.10854616110085599,220.55522740696995,0.10695187165775948,-0.10759583263916472,False,7,43.4,MONITOR,Metered consumption is substantially above the DMA's historical baseline; The abnormal pattern has persisted across multiple recent readings. Continued monitoring is recommended for this probable abnormality.
2023-09-29 01:00:00,REAL_DMA_01,1.0,3.771124907407407,3.771124907407407,3.71099,3.71099,0.383,53.025243076,-0.3228650925925929,15,15,36.0,60.0,False,NONE,-8.561506195628983,1,4,0,0.25881904510252074,0.9659258262890683,3.626442437933443,0.11889285714285715,53.098079948357146,3.9896529987778484,222.1387804145389,-0.1371742112482866,-0.1100975656505202,False,8,44.6,MONITOR,Metered consumption is substantially above the DMA's historical baseline; The abnormal pattern has persisted across multiple recent readings. Continued monitoring is recommended for this probable abnormality.
2023-09-29 02:00:00,REAL_DMA_01,1.0,3.64046625925926,3.64046625925926,3.71099,3.71099,0.386,53.025243076,-0.45652374074074,15,15,45.0,60.0,False,NONE,-12.540254687970402,2,4,0,0.49999999999999994,0.8660254037844387,3.485443244828032,0.09357142857142856,52.897778549375005,4.447727406299406,312.5190839694658,0.24096385542168225,-0.09423462430195872,False,8,48.5,MONITOR,Metered consumption is substantially above the DMA's historical baseline; The abnormal pattern has persisted across multiple recent readings. Continued monitoring is recommended for this probable abnormality.
2023-09-29 03:00:00,REAL_DMA_01,1.0,5.031182962962963,5.031182962962963,3.71099,3.71099,0.443,53.025243076,0.8771929629629631,15,15,27.0,60.0,False,NONE,17.43512349720565,3,4,0,0.7071067811865476,0.7071067811865476,4.546020850514928,0.12478571428571428,52.679267932303574,10.672236850675255,255.00858614768177,0.6567576909782227,-0.10379790449223752,False,8,48.6,MONITOR,Metered consumption is substantially above the DMA's historical baseline; The abnormal pattern has persisted across multiple recent readings. Continued monitoring is recommended for this probable abnormality.
2023-09-29 04:00:00,REAL_DMA_01,1.0,9.761169162601629,9.761169162601629,7.708447875,7.708447875,0.609,52.515384969500005,1.4437212876016288,15,15,41.0,40.0,False,NONE,14.790454540353812,4,4,0,0.8660254037844386,0.5000000000000001,9.168249735335877,0.22425,53.444055092053574,6.467095076833991,171.57190635451505,-1.7376490630323642,-0.11715730565543075,False,8,43.8,MONITOR,Metered consumption is substantially above the DMA's historical baseline; The abnormal pattern has persisted across multiple recent readings. Continued monitoring is recommended for this probable abnormality.
2023-09-29 05:00:00,REAL_DMA_01,1.0,15.720877863333332,15.720877863333332,13.0161485,13.0161485,0.5700000000000001,50.985810650000005,2.1347293633333315,15,15,50.0,20.0,False,NONE,13.578945030240824,5,4,0,0.9659258262890683,0.25881904510252074,13.320666909197866,0.281,51.71417937357143,18.018699592871958,102.84697508896798,-1.4084507042253513,-0.09801705710103348,False,8,50.1,MONITOR,Metered consumption is substantially above the DMA's historical baseline; The abnormal pattern has persisted across multiple recent readings. Continued monitoring is recommended for this probable abnormality.
2023-09-29 06:00:00,REAL_DMA_01,1.0,14.668955254385963,14.668955254385963,12.348979623655914,12.348979623655914,0.613,51.4956687565,1.706975630730049,15,15,57.0,31.0,False,NONE,11.636654425131399,6,4,0,1.0,6.123233995736766e-17,13.225697423944366,0.3879642857142857,51.695970155482144,10.912527212581333,58.00423455767284,-0.38746037337090194,-0.10819470150000693,False,8,43.9,MONITOR,Metered consumption is substantially above the DMA's historical baseline; The abnormal pattern has persisted across multiple recent readings. Continued monitoring is recommended for this probable abnormality.
2023-09-29 07:00:00,REAL_DMA_01,1.0,13.255829007054674,13.255829007054674,11.901505434782608,11.901505434782608,0.549,52.005526863,0.8053235722720652,15,15,54.0,23.0,False,NONE,6.075241102185889,7,4,0,0.9659258262890683,-0.25881904510252063,13.043428446881125,0.2602142857142857,51.65955171930357,1.6284105136816014,110.97996157013455,0.6697215368346838,-0.10323091233558401,False,8,46.1,MONITOR,Metered consumption is substantially above the DMA's historical baseline; The abnormal pattern has persisted across multiple recent readings. Continued monitoring is recommended for this probable abnormality.
2023-09-29 08:00:00,REAL_DMA_01,1.0,14.273477875757576,14.273477875757576,11.605924845238096,11.605924845238096,0.4619999999999999,52.005526863,2.2055530305194804,15,15,55.0,28.0,False,NONE,15.452106695491821,8,4,0,0.8660254037844387,-0.4999999999999998,13.464535984103673,0.29475,51.550296410767864,6.007944815988803,56.74300254452923,0.8830801836806657,-0.13209722937769802,False,8,35.0,NORMAL,"Metered consumption is substantially above the DMA's historical baseline; The abnormal pattern has persisted across multiple recent readings. This may indicate unusual operation or potential water loss, but it is not a confirmed leak."
2023-09-29 09:00:00,REAL_DMA_01,1.0,12.680147427272727,12.680147427272727,8.8868525,8.8868525,0.507,52.005526863,3.2862949272727273,15,15,55.0,18.0,False,NONE,25.916851094368944,9,4,0,0.7071067811865476,-0.7071067811865475,12.836365281137436,0.33428571428571424,51.878062336375,-1.2169944563221873,51.66666666666669,0.24570024570024113,-0.15250520418140057,False,7,29.4,NORMAL,"Metered consumption is substantially above the DMA's historical baseline; The abnormal pattern has persisted across multiple recent readings. This may indicate unusual operation or potential water loss, but it is not a confirmed leak."
2023-09-29 10:00:00,REAL_DMA_01,1.0,11.43514007627866,11.43514007627866,9.18431591954023,9.18431591954023,0.51,52.005526863,1.74082415673843,14,15,54.0,29.0,False,NONE,15.223461585307895,10,4,0,0.49999999999999994,-0.8660254037844387,11.491721817926555,0.3418571428571428,52.387920442875,-0.4923695730228149,49.18512327622234,-0.7299270072992701,-0.16723759940661054,False,6,17.1,NORMAL,"Metered consumption is substantially above the DMA's historical baseline; The abnormal pattern has persisted across multiple recent readings. This may indicate unusual operation or potential water loss, but it is not a confirmed leak."
2023-09-29 11:00:00,REAL_DMA_01,1.0,12.364765530612246,12.364765530612246,8.877089000000002,8.877089000000002,0.497,49.96609443700001,2.9906765306122445,14,15,49.0,20.0,False,NONE,24.1870864692746,11,4,0,0.258819045102521,-0.9659258262890682,12.20593024427095,0.31639285714285714,51.67776093739286,1.301296035309126,57.083192233886436,-3.312191684284697,-0.07960860337468689,False,6,52.2,MONITOR,Metered consumption is substantially above the DMA's historical baseline; The abnormal pattern has persisted across multiple recent readings. Continued monitoring is recommended for this probable abnormality.
2023-09-29 12:00:00,REAL_DMA_01,1.0,12.107733829268293,12.107733829268293,9.12703945945946,9.12703945945946,0.4549999999999999,50.985810650000005,2.525694369808832,15,15,41.0,37.0,False,NONE,20.860174211159276,12,4,0,1.2246467991473532e-16,-1.0,11.805316991632463,0.2933571428571428,51.45925032032143,2.561700273276705,55.101046992938876,-0.9200283085633352,-0.15006967840786317,False,6,27.6,NORMAL,"Metered consumption is substantially above the DMA's historical baseline; The abnormal pattern has persisted across multiple recent readings. This may indicate unusual operation or potential water loss, but it is not a confirmed leak."
2023-09-29 13:00:00,REAL_DMA_01,1.0,11.082076063829788,11.082076063829788,8.225173367346938,8.225173367346938,0.502,52.005526863,2.35490269648285,15,15,47.0,49.0,False,NONE,21.24965288921716,13,4,0,-0.2588190451025208,-0.9659258262890683,10.83788907681127,0.3102142857142857,52.42433887905357,2.253086235593421,61.82362422288741,-0.7988885029524146,-0.16564033914126408,False,6,23.0,NORMAL,"Metered consumption is substantially above the DMA's historical baseline; The abnormal pattern has persisted across multiple recent readings. This may indicate unusual operation or potential water loss, but it is not a confirmed leak."
2023-09-29 14:00:00,REAL_DMA_01,1.0,10.846316041666666,10.846316041666666,7.81262,7.81262,0.443,52.005526863,2.5906960416666664,15,15,40.0,60.0,False,NONE,23.88549284120413,14,4,0,-0.4999999999999997,-0.8660254037844388,10.739557466351956,0.30960714285714286,52.442548097142854,0.9940686629704746,43.08455415849579,-0.8333333333333276,-0.17111601512170543,False,5,19.2,NORMAL,"Metered consumption is substantially above the DMA's historical baseline; The abnormal pattern has persisted across multiple recent readings. This may indicate unusual operation or potential water loss, but it is not a confirmed leak."
2023-09-29 15:00:00,REAL_DMA_01,1.0,10.166868313492063,10.166868313492063,7.81262,7.81262,0.525,52.005526863,1.8292483134920636,15,15,42.0,60.0,False,NONE,17.99224950188976,15,4,0,-0.7071067811865471,-0.7071067811865479,10.819021804230962,0.39253571428571427,52.73389558657143,-6.0278415418653,33.745792011645904,-1.381215469613259,-0.16949084086840932,False,4,14.7,NORMAL,"The abnormal pattern has persisted across multiple recent readings. This may indicate unusual operation or potential water loss, but it is not a confirmed leak."
2023-09-29 16:00:00,REAL_DMA_01,1.0,10.200350257575757,10.200350257575757,7.81262,7.81262,0.557,54.044959289000005,1.8307302575757567,15,15,55.0,60.0,False,NONE,17.94771955223872,16,4,0,-0.8660254037844385,-0.5000000000000004,10.742811191565,0.4526428571428571,52.77031402275001,-5.049524973641637,23.055073378570317,2.415458937198063,-0.1432580534815071,False,3,20.5,NORMAL,No strong abnormal pattern is evident from the current prototype signals.
2023-09-29 17:00:00,REAL_DMA_01,1.0,10.672498888888889,10.672498888888889,7.81262,7.81262,0.634,54.044959289000005,2.225878888888889,15,15,48.0,60.0,False,NONE,20.85621101545624,17,4,0,-0.9659258262890683,-0.25881904510252063,10.535492162742827,0.4652142857142857,52.95240620364286,1.300430241223713,36.28128358667282,2.0632737276478736,-0.13739736729493207,False,3,25.7,NORMAL,"Metered consumption is substantially above the DMA's historical baseline. This may indicate unusual operation or potential water loss, but it is not a confirmed leak."
2023-09-29 18:00:00,REAL_DMA_01,1.0,9.487754795138889,9.487754795138889,7.81262,7.81262,0.937,55.06467550200001,0.7381347951388888,15,15,48.0,60.0,False,NONE,7.779867956927775,18,4,0,-1.0,-1.8369701987210297e-16,10.243844735638094,0.45639285714285716,53.025243076,-7.380919566935508,105.30557946631191,3.8461538461538547,-0.03180036352531723,False,4,49.6,MONITOR,Metered consumption is substantially above the DMA's historical baseline; The abnormal pattern has persisted across multiple recent readings. Continued monitoring is recommended for this probable abnormality.
2023-09-29 19:00:00,REAL_DMA_01,1.0,8.5385419375,8.5385419375,7.697600333333334,7.697600333333334,0.555,54.044959289000005,0.2859416041666659,15,15,48.0,45.0,False,NONE,3.348834101415526,19,4,0,-0.9659258262890684,0.2588190451025203,10.175655847536428,0.35532142857142857,53.13449838453572,-16.088534582591848,56.19660267363555,1.7135023989033609,-0.11856521459411073,False,4,36.6,NORMAL,"Metered consumption is substantially above the DMA's historical baseline; The abnormal pattern has persisted across multiple recent readings. This may indicate unusual operation or potential water loss, but it is not a confirmed leak."
2023-09-29 20:00:00,REAL_DMA_01,1.0,8.403142656250001,8.403142656250001,7.879754375,7.879754375,0.588,52.005526863,-0.06461171874999916,15,15,32.0,48.0,False,NONE,-0.768899462892528,20,4,0,-0.8660254037844386,0.5000000000000001,9.946046313329491,0.31560714285714286,51.004019868089294,-15.512733486990923,86.30757044245783,1.9635844341306508,-0.11473215510025186,False,4,40.0,MONITOR,Metered consumption is substantially above the DMA's historical baseline; The abnormal pattern has persisted across multiple recent readings. Continued monitoring is recommended for this probable abnormality.
2023-09-29 21:00:00,REAL_DMA_01,1.0,8.929764444444444,8.929764444444444,8.00793,8.00793,0.465,52.005526863,0.4568344444444444,15,15,33.0,51.0,False,NONE,5.115862207638175,21,4,0,-0.7071067811865477,0.7071067811865474,8.928583916427753,0.3247857142857143,51.349995011785715,0.013221895294273707,43.171321750604804,1.2765957446808491,-0.14480579738055566,False,3,20.1,NORMAL,"Metered consumption is substantially above the DMA's historical baseline. This may indicate unusual operation or potential water loss, but it is not a confirmed leak."
2023-09-29 22:00:00,REAL_DMA_01,1.0,7.032837121212122,7.032837121212122,5.281025769230769,5.281025769230769,0.445,52.005526863,1.3068113519813525,15,15,22.0,52.0,False,NONE,18.58156714649068,22,4,0,-0.5000000000000004,0.8660254037844384,5.969674202500491,0.23825000000000002,52.75210480466071,17.80939600131458,86.77859391395592,-1.4152571625819743,-0.1108147468908578,False,4,43.9,MONITOR,Metered consumption is substantially above the DMA's historical baseline; The abnormal pattern has persisted across multiple recent readings. Continued monitoring is recommended for this probable abnormality.
2023-09-29 23:00:00,REAL_DMA_01,1.0,5.358155166666666,5.358155166666666,3.71099,3.71099,0.404,53.025243076,1.2431651666666665,15,15,30.0,60.0,False,NONE,23.201365544627283,23,4,0,-0.25881904510252157,0.9659258262890681,4.3988149849552745,0.16028571428571428,53.098079948357146,21.809059598835255,152.0499108734403,-0.1371742112482866,-0.1206199513949307,False,5,45.0,MONITOR,Metered consumption is substantially above the DMA's historical baseline; The abnormal pattern has persisted across multiple recent readings. Continued monitoring is recommended for this probable abnormality.
2023-09-30 00:00:00,REAL_DMA_01,1.0,4.221951964285714,4.221951964285714,3.71099,3.71099,0.415,53.025243076,0.09596196428571441,15,15,28.0,60.0,False,NONE,2.2729288513340444,0,5,1,0.0,1.0,3.804494244402551,0.1352857142857143,52.97061542173214,10.972752041808375,206.75818373812035,0.10312822275696883,-0.1163909453317894,False,6,41.3,MONITOR,Metered consumption is substantially above the DMA's historical baseline; The abnormal pattern has persisted across multiple recent readings. Continued monitoring is recommended for this probable abnormality.
2023-09-30 01:00:00,REAL_DMA_01,1.0,4.096613888888889,4.096613888888889,3.71099,3.71099,0.427,54.044959289000005,-0.04137611111111056,15,15,39.0,60.0,False,NONE,-1.0100075875672252,1,5,1,0.25881904510252074,0.9659258262890683,3.6314314886049592,0.128,53.09556833206897,12.80989058291812,233.59375,1.788079470198673,-0.07253145465489519,False,7,51.4,MONITOR,Metered consumption is substantially above the DMA's historical baseline; The abnormal pattern has persisted across multiple recent readings. Continued monitoring is recommended for this probable abnormality.
2023-09-30 02:00:00,REAL_DMA_01,1.0,3.938859523809524,3.938859523809524,3.71099,3.71099,0.419,53.025243076,-0.19113047619047568,15,15,21.0,60.0,False,NONE,-4.852431904086315,2,5,1,0.49999999999999994,0.8660254037844387,3.4907888660153157,0.1036551724137931,52.902173877879314,12.83579944225256,304.2248835662009,0.23263542705217527,-0.09601179372725221,False,7,48.0,MONITOR,Metered consumption is substantially above the DMA's historical baseline; The abnormal pattern has persisted across multiple recent readings. Continued monitoring is recommended for this probable abnormality.
2023-09-30 03:00:00,REAL_DMA_01,1.0,4.242082716049382,4.242082716049382,3.71099,3.71099,0.421,53.025243076,0.11009271604938259,15,15,27.0,60.0,False,NONE,2.5952515172054698,3,5,1,0.7071067811865476,0.7071067811865476,4.562750578530378,0.13575862068965516,52.69119810967241,-7.027950727569239,210.10922021844044,0.6339673006339727,-0.10678443051480818,False,7,44.7,MONITOR,Metered consumption is substantially above the DMA's historical baseline; The abnormal pattern has persisted across multiple recent readings. Continued monitoring is recommended for this probable abnormality.
2023-09-30 04:00:00,REAL_DMA_01,1.0,5.612360606060606,5.612360606060606,3.755749791666666,3.755749791666666,0.486,56.084391715,1.3706108143939402,15,15,33.0,48.0,False,NONE,24.42128919716709,4,5,1,0.8660254037844386,0.5000000000000001,9.188695232827799,0.23751724137931035,53.41203198437931,-38.92102780806437,104.61672473867594,5.003291639236342,0.0037208832142135995,True,7,63.7,MONITOR,Inlet flow is substantially below the DMA's historical baseline; Metered consumption is substantially above the DMA's historical baseline; The abnormal pattern has persisted across multiple recent readings. Continued monitoring is recommended for this probable abnormality.
2023-09-30 05:00:00,REAL_DMA_01,1.0,7.155599333333333,7.155599333333333,3.7869461111111113,3.7869461111111113,0.532,54.044959289000005,2.8366532222222216,15,15,30.0,54.0,False,NONE,39.64242672179924,5,5,1,0.9659258262890683,0.25881904510252074,13.403432804168055,0.2909655172413793,51.68906321068966,-46.61368145100737,82.83953543493719,4.557823129251699,-0.01129724762446005,False,8,74.4,HIGH RISK,Inlet flow is substantially below the DMA's historical baseline; Inlet volume significantly exceeds outlet volume plus metered consumption; Metered consumption is substantially above the DMA's historical baseline; The abnormal pattern has persisted across multiple recent readings. This anomalous behaviour is recommended for human inspection.
2023-09-30 06:00:00,REAL_DMA_01,1.0,9.919277533333332,9.919277533333332,7.81262,7.81262,0.488,53.025243076,1.6186575333333324,14,15,45.0,58.0,False,NONE,16.318300681616165,6,5,1,1.0,6.123233995736766e-17,13.275464935338904,0.3957241379310345,51.68906321068965,-25.28112889719966,23.31822934820494,2.585034013605451,-0.12273774705758067,False,7,36.2,NORMAL,"The abnormal pattern has persisted across multiple recent readings. This may indicate unusual operation or potential water loss, but it is not a confirmed leak."
2023-09-30 07:00:00,REAL_DMA_01,1.0,11.630566425438596,11.630566425438596,8.138143178294573,8.138143178294573,0.637,51.4956687565,2.855423247144023,15,15,38.0,43.0,False,NONE,24.55102479702611,7,5,1,0.9659258262890683,-0.25881904510252063,13.050752604128489,0.27017241379310347,51.67148189667242,-10.882025135015043,135.77536694320355,-0.3402517863218818,-0.11940980082893643,False,7,47.5,MONITOR,Metered consumption is substantially above the DMA's historical baseline; The abnormal pattern has persisted across multiple recent readings. Continued monitoring is recommended for this probable abnormality.
2023-09-30 08:00:00,REAL_DMA_01,1.0,12.32154855691057,12.32154855691057,8.658982777777778,8.658982777777778,0.641,50.985810650000005,3.021565779132791,15,15,41.0,18.0,False,NONE,24.52261390016711,8,5,1,0.8660254037844387,-0.4999999999999998,13.492430532091738,0.30051724137931035,51.56599401256897,-8.678065619061199,113.29890992541596,-1.1251278554381203,-0.11414457524787708,False,7,49.0,MONITOR,Metered consumption is substantially above the DMA's historical baseline; The abnormal pattern has persisted across multiple recent readings. Continued monitoring is recommended for this probable abnormality.
2023-09-30 09:00:00,REAL_DMA_01,1.0,12.146479410569103,12.146479410569103,8.121864166666667,8.121864166666667,0.7210000000000001,52.005526863,3.3036152439024367,15,15,41.0,36.0,False,NONE,27.19812986327411,9,5,1,0.7071067811865476,-0.7071067811865475,12.830978458590376,0.3402413793103448,51.88245766487931,-5.3347377226948645,111.9083814735989,0.23720772619450875,-0.1252364209018365,False,7,45.5,MONITOR,Metered consumption is substantially above the DMA's historical baseline; The abnormal pattern has persisted across multiple recent readings. Continued monitoring is recommended for this probable abnormality.
2023-09-30 10:00:00,REAL_DMA_01,1.0,12.424967229729733,12.424967229729733,8.487346515151515,8.487346515151515,0.711,52.005526863,3.226620714578218,15,15,37.0,33.0,False,NONE,25.968846878386522,10,5,1,0.49999999999999994,-0.8660254037844387,11.48977072338697,0.3476551724137931,52.37473445736207,8.139383533904706,104.51299345367981,-0.7049345417925431,-0.12187791128278497,False,7,47.0,MONITOR,Metered consumption is substantially above the DMA's historical baseline; The abnormal pattern has persisted across multiple recent readings. Continued monitoring is recommended for this probable abnormality.
2023-09-30 11:00:00,REAL_DMA_01,1.0,10.261761373873874,10.261761373873874,8.39857,8.39857,0.726,52.005526863,1.1371913738738746,15,15,37.0,60.0,False,NONE,11.081834126148445,11,5,1,0.258819045102521,-0.9659258262890682,12.211407323110304,0.32262068965517243,51.6187379546207,-15.965776078459776,125.03206498503631,0.7493188010899013,-0.11506443953421397,False,7,43.7,MONITOR,Metered consumption is substantially above the DMA's historical baseline; The abnormal pattern has persisted across multiple recent readings. Continued monitoring is recommended for this probable abnormality.
2023-09-30 12:00:00,REAL_DMA_01,1.0,9.377982538759689,9.377982538759689,8.3653661,8.3653661,0.5309999999999999,50.985810650000005,0.4816164387596895,15,15,43.0,50.0,False,NONE,5.135608184053913,12,5,1,1.2246467991473532e-16,-1.0,11.815745158447491,0.2989310344827586,51.44292481444828,-20.631475941616433,77.6329449763525,-0.8885850991114188,-0.10859492061389192,False,7,46.3,MONITOR,Metered consumption is substantially above the DMA's historical baseline; The abnormal pattern has persisted across multiple recent readings. Continued monitoring is recommended for this probable abnormality.
2023-09-30 13:00:00,REAL_DMA_01,1.0,10.282894,10.282894,8.59388,8.59388,0.512,52.005526863,1.1770140000000002,15,15,35.0,60.0,False,NONE,11.446330186813169,13,5,1,-0.2588190451025208,-0.9659258262890683,10.846309317742945,0.3168275862068965,52.40989708539655,-5.194534852710502,61.6020896821942,-0.7715531700771541,-0.15948338820577707,False,7,22.8,NORMAL,"Metered consumption is substantially above the DMA's historical baseline; The abnormal pattern has persisted across multiple recent readings. This may indicate unusual operation or potential water loss, but it is not a confirmed leak."
2023-09-30 14:00:00,REAL_DMA_01,1.0,10.459841142857144,10.459841142857144,8.59388,8.59388,0.566,52.005526863,1.2999611428571436,15,15,35.0,60.0,False,NONE,12.428115543082278,14,5,1,-0.4999999999999997,-0.8660254037844388,10.743238796535222,0.3142068965517241,52.4274783994138,-2.637916358793735,80.13608428446004,-0.8048289738430723,-0.1621195496141381,False,8,24.7,NORMAL,"Metered consumption is substantially above the DMA's historical baseline; The abnormal pattern has persisted across multiple recent readings. This may indicate unusual operation or potential water loss, but it is not a confirmed leak."
2023-09-30 15:00:00,REAL_DMA_01,1.0,10.499564120370373,10.499564120370373,8.59388,8.59388,0.604,52.005526863,1.3016841203703722,15,15,36.0,60.0,False,NONE,12.397506272140896,15,5,1,-0.7071067811865471,-0.7071067811865479,10.796533752826173,0.3971034482758621,52.708779423689656,-2.750601621358926,52.10142410559221,-1.334222815210141,-0.16321486663801665,False,7,20.3,NORMAL,"Metered consumption is substantially above the DMA's historical baseline; The abnormal pattern has persisted across multiple recent readings. This may indicate unusual operation or potential water loss, but it is not a confirmed leak."
2023-09-30 16:00:00,REAL_DMA_01,1.0,10.852327387387389,10.852327387387389,8.59388,8.59388,0.699,52.005526863,1.5594473873873884,15,15,37.0,60.0,False,NONE,14.369704596267372,16,5,1,-0.8660254037844385,-0.5000000000000004,10.724105642117095,0.4562413793103448,52.81426730779311,1.1956404529131488,53.20837427254176,-1.5312916111850974,-0.14063658223269498,False,7,29.3,NORMAL,"Metered consumption is substantially above the DMA's historical baseline; The abnormal pattern has persisted across multiple recent readings. This may indicate unusual operation or potential water loss, but it is not a confirmed leak."
2023-09-30 17:00:00,REAL_DMA_01,1.0,10.00028144736842,10.00028144736842,8.381037307692308,8.381037307692308,0.635,53.025243076,0.9842441396761126,15,15,38.0,39.0,False,NONE,9.842164391634366,17,5,1,-0.9659258262890683,-0.25881904510252063,10.540216532609932,0.4710344827586207,52.99008044796552,-5.12261853037866,34.80966325036603,0.0663570006635734,-0.1513500877339652,False,6,20.9,NORMAL,"The abnormal pattern has persisted across multiple recent readings. This may indicate unusual operation or potential water loss, but it is not a confirmed leak."
2023-09-30 18:00:00,REAL_DMA_01,1.0,9.159483194444444,9.159483194444444,4.917765357142857,4.917765357142857,0.498,53.025243076,3.7437178373015874,15,15,36.0,28.0,False,NONE,40.87258809069366,18,5,1,-1.0,-1.8369701987210297e-16,10.217772668724328,0.47296551724137936,53.09556833206897,-10.35734018157608,5.293088363954493,-0.13245033112583457,-0.10401479054751095,False,6,50.1,MONITOR,Inlet volume significantly exceeds outlet volume plus metered consumption; The abnormal pattern has persisted across multiple recent readings. Continued monitoring is recommended for this probable abnormality.
2023-09-30 19:00:00,REAL_DMA_01,1.0,9.18860919379845,9.18860919379845,6.73350275,6.73350275,0.728,54.044959289000005,1.7271064437984502,15,15,43.0,20.0,False,NONE,18.796168248880406,19,5,1,-0.9659258262890684,0.2588190451025203,10.119203643742068,0.3622068965517241,53.16589358813793,-9.196321002187926,100.99009900990099,1.6534391534391575,-0.10506740130963116,False,6,46.4,MONITOR,Metered consumption is substantially above the DMA's historical baseline; The abnormal pattern has persisted across multiple recent readings. Continued monitoring is recommended for this probable abnormality.
2023-09-30 20:00:00,REAL_DMA_01,1.0,8.646779583333334,8.646779583333334,7.0655385,7.0655385,0.632,52.005526863,0.9492410833333343,15,15,36.0,20.0,False,NONE,10.977972483108005,20,5,1,-0.8660254037844386,0.5000000000000001,9.89284273894744,0.32499999999999996,51.038554592051725,-12.595602583557111,94.46153846153848,1.894591801584567,-0.12678438466681263,False,6,37.7,NORMAL,"Metered consumption is substantially above the DMA's historical baseline; The abnormal pattern has persisted across multiple recent readings. This may indicate unusual operation or potential water loss, but it is not a confirmed leak."
2023-09-30 21:00:00,REAL_DMA_01,1.0,8.370295921052632,8.370295921052632,7.536320243902439,7.536320243902439,0.549,50.985810650000005,0.28497567715019334,15,15,38.0,41.0,False,NONE,3.4046069558118486,21,5,1,-0.7071067811865477,0.7071067811865474,8.928624624290398,0.3296206896551724,51.372599558379314,-6.253244219930898,66.55507898315727,-0.7529089664613248,-0.13164491373047515,False,6,34.2,NORMAL,"Metered consumption is substantially above the DMA's historical baseline; The abnormal pattern has persisted across multiple recent readings. This may indicate unusual operation or potential water loss, but it is not a confirmed leak."
2023-09-30 22:00:00,REAL_DMA_01,1.0,6.043386333333333,6.043386333333333,4.68757,4.68757,0.553,52.005526863,0.8028163333333332,15,15,30.0,60.0,False,NONE,13.284213337566426,22,5,1,-0.5000000000000004,0.8660254037844384,6.006334992800892,0.24537931034482757,52.7263607377069,0.6168710299517178,125.36537380550874,-1.3671223741247107,-0.11068109196840109,False,6,42.1,MONITOR,Metered consumption is substantially above the DMA's historical baseline; The abnormal pattern has persisted across multiple recent readings. Continued monitoring is recommended for this probable abnormality.
2023-09-30 23:00:00,REAL_DMA_01,1.0,5.508847708333334,5.508847708333334,4.68757,4.68757,0.41,53.025243076,0.4112777083333336,15,15,24.0,60.0,False,NONE,7.465766528836627,23,5,1,-0.25881904510252157,0.9659258262890681,4.431895680876357,0.16868965517241377,53.09556833206897,24.300031070316656,143.0498773507768,-0.13245033112583457,-0.11703494275308668,False,7,44.2,MONITOR,Metered consumption is substantially above the DMA's historical baseline; The abnormal pattern has persisted across multiple recent readings. Continued monitoring is recommended for this probable abnormality.
