timestamp,meter_id,pressure_bar,pressure_m_head,consumption_m3
2023-09-01 00:00:00,SWM10,4.2,42.82808094600001,
2023-09-01 00:00:00,SWM10B,4.0,40.78864852,
2023-09-01 00:00:00,SWM10C,4.1,41.808364733,
2023-09-01 00:00:00,SWM11,5.5,56.084391715,
2023-09-01 00:00:00,SWM12,5.1,52.005526863,
2023-09-01 00:00:00,SWM13,5.2,53.025243076,
2023-09-01 00:00:00,SWM14,5.5,56.084391715,
2023-09-01 00:00:00,SWM15,5.0,50.985810650000005,
2023-09-01 00:00:00,SWM2,5.2,53.025243076,
2023-09-01 00:00:00,SWM3,5.3,54.044959289000005,
2023-09-01 00:00:00,SWM4,5.2,53.025243076,
2023-09-01 00:00:00,SWM6,5.1,52.005526863,
2023-09-01 00:00:00,SWM7,5.4,55.06467550200001,
2023-09-01 00:00:00,SWM8,5.1,52.005526863,
2023-09-01 00:00:00,SWM9,5.4,55.06467550200001,
2023-09-01 01:00:00,SWM10,4.2,42.82808094600001,0.0
2023-09-01 01:00:00,SWM10B,4.0,40.78864852,0.0
2023-09-01 01:00:00,SWM10C,4.05,41.2985066265,0.0
2023-09-01 01:00:00,SWM11,5.5,56.084391715,0.017
2023-09-01 01:00:00,SWM12,5.1,52.005526863,0.0
2023-09-01 01:00:00,SWM13,5.2,53.025243076,0.0
2023-09-01 01:00:00,SWM14,5.6,57.104107928,0.0
2023-09-01 01:00:00,SWM15,5.1,52.005526863,0.0
2023-09-01 01:00:00,SWM2,5.3,54.044959289000005,0.0
2023-09-01 01:00:00,SWM3,5.3,54.044959289000005,0.0
2023-09-01 01:00:00,SWM4,5.3,54.044959289000005,0.0
2023-09-01 01:00:00,SWM6,5.2,53.025243076,0.014
2023-09-01 01:00:00,SWM7,5.4,55.06467550200001,0.01
2023-09-01 01:00:00,SWM8,5.2,53.025243076,0.0
2023-09-01 01:00:00,SWM9,5.2,53.025243076,0.0
2023-09-01 02:00:00,SWM10,4.2,42.82808094600001,0.005
2023-09-01 02:00:00,SWM10B,4.0,40.78864852,0.0
2023-09-01 02:00:00,SWM10C,4.0,40.78864852,0.0
2023-09-01 02:00:00,SWM11,5.4,55.06467550200001,0.013
2023-09-01 02:00:00,SWM12,5.0,50.985810650000005,0.0
2023-09-01 02:00:00,SWM13,5.2,53.025243076,0.0
2023-09-01 02:00:00,SWM14,5.5,56.084391715,0.0
2023-09-01 02:00:00,SWM15,5.0,50.985810650000005,0.0
2023-09-01 02:00:00,SWM2,5.2,53.025243076,0.0
2023-09-01 02:00:00,SWM3,5.3,54.044959289000005,0.0
2023-09-01 02:00:00,SWM4,5.2,53.025243076,0.0
2023-09-01 02:00:00,SWM6,5.15,52.515384969500005,0.013
2023-09-01 02:00:00,SWM7,5.4,55.06467550200001,0.005
2023-09-01 02:00:00,SWM8,5.1,52.005526863,0.0
2023-09-01 02:00:00,SWM9,5.0,50.985810650000005,0.0
2023-09-01 03:00:00,SWM10,4.2,42.82808094600001,0.002
2023-09-01 03:00:00,SWM10B,4.0,40.78864852,0.003
2023-09-01 03:00:00,SWM10C,4.1,41.808364733,0.0
2023-09-01 03:00:00,SWM11,5.4,55.06467550200001,0.019
2023-09-01 03:00:00,SWM12,5.0,50.985810650000005,0.0
2023-09-01 03:00:00,SWM13,5.1,52.005526863,0.0
2023-09-01 03:00:00,SWM14,5.5,56.084391715,0.0
2023-09-01 03:00:00,SWM15,5.0,50.985810650000005,0.0
2023-09-01 03:00:00,SWM2,5.1,52.005526863,0.0
2023-09-01 03:00:00,SWM3,5.2,53.025243076,0.0
2023-09-01 03:00:00,SWM4,5.2,53.025243076,0.0
2023-09-01 03:00:00,SWM6,5.1,52.005526863,0.009
2023-09-01 03:00:00,SWM7,5.3,54.044959289000005,0.048
2023-09-01 03:00:00,SWM8,5.1,52.005526863,0.026
2023-09-01 03:00:00,SWM9,4.8,48.946378224,0.0
2023-09-01 04:00:00,SWM10,4.2,42.82808094600001,0.0
2023-09-01 04:00:00,SWM10B,4.1,41.808364733,0.003
2023-09-01 04:00:00,SWM10C,4.05,41.2985066265,0.0
2023-09-01 04:00:00,SWM11,5.4,55.06467550200001,0.013
2023-09-01 04:00:00,SWM12,5.1,52.005526863,0.009
2023-09-01 04:00:00,SWM13,5.2,53.025243076,0.0
2023-09-01 04:00:00,SWM14,5.5,56.084391715,0.0
2023-09-01 04:00:00,SWM15,5.1,52.005526863,0.007
2023-09-01 04:00:00,SWM2,5.2,53.025243076,0.0
2023-09-01 04:00:00,SWM3,5.3,54.044959289000005,0.0
2023-09-01 04:00:00,SWM4,5.3,54.044959289000005,0.0
2023-09-01 04:00:00,SWM6,5.15,52.515384969500005,0.004
2023-09-01 04:00:00,SWM7,5.4,55.06467550200001,0.08
2023-09-01 04:00:00,SWM8,5.2,53.025243076,0.0
2023-09-01 04:00:00,SWM9,4.6,46.906945798,0.0
2023-09-01 05:00:00,SWM10,4.4,44.867513372000005,0.0
2023-09-01 05:00:00,SWM10B,4.3,43.847797159,0.016
2023-09-01 05:00:00,SWM10C,4.3,43.847797159,0.0
2023-09-01 05:00:00,SWM11,5.2,53.025243076,0.011
2023-09-01 05:00:00,SWM12,4.9,49.96609443700001,0.0
2023-09-01 05:00:00,SWM13,5.0,50.985810650000005,0.085
2023-09-01 05:00:00,SWM14,5.4,55.06467550200001,0.018
2023-09-01 05:00:00,SWM15,4.9,49.96609443700001,0.008
2023-09-01 05:00:00,SWM2,5.1,52.005526863,0.08
2023-09-01 05:00:00,SWM3,5.1,52.005526863,0.01
2023-09-01 05:00:00,SWM4,5.0,50.985810650000005,0.0
2023-09-01 05:00:00,SWM6,4.9,49.96609443700001,0.018
2023-09-01 05:00:00,SWM7,5.2,53.025243076,0.048
2023-09-01 05:00:00,SWM8,5.0,50.985810650000005,0.068
2023-09-01 05:00:00,SWM9,4.5,45.887229585,0.0
2023-09-01 06:00:00,SWM10,4.4,44.867513372000005,0.078
2023-09-01 06:00:00,SWM10B,4.3,43.847797159,0.005
2023-09-01 06:00:00,SWM10C,4.2,42.82808094600001,0.0
2023-09-01 06:00:00,SWM11,5.3,54.044959289000005,0.019
2023-09-01 06:00:00,SWM12,5.0,50.985810650000005,0.094
2023-09-01 06:00:00,SWM13,5.1,52.005526863,0.045
2023-09-01 06:00:00,SWM14,5.4,55.06467550200001,0.036
2023-09-01 06:00:00,SWM15,4.9,49.96609443700001,0.004
2023-09-01 06:00:00,SWM2,5.15,52.515384969500005,0.067
2023-09-01 06:00:00,SWM3,5.2,53.025243076,0.06
2023-09-01 06:00:00,SWM4,5.1,52.005526863,0.0
2023-09-01 06:00:00,SWM6,5.0,50.985810650000005,0.0
2023-09-01 06:00:00,SWM7,5.2,53.025243076,0.031
2023-09-01 06:00:00,SWM8,5.0,50.985810650000005,0.059
2023-09-01 06:00:00,SWM9,4.5,45.887229585,0.027
2023-09-01 07:00:00,SWM10,4.3,43.847797159,0.007
2023-09-01 07:00:00,SWM10B,4.2,42.82808094600001,0.017
2023-09-01 07:00:00,SWM10C,4.1,41.808364733,0.0
2023-09-01 07:00:00,SWM11,5.2,53.025243076,0.039
2023-09-01 07:00:00,SWM12,4.9,49.96609443700001,0.06
2023-09-01 07:00:00,SWM13,5.0,50.985810650000005,0.002
2023-09-01 07:00:00,SWM14,5.3,54.044959289000005,0.0
2023-09-01 07:00:00,SWM15,4.8,48.946378224,0.012
2023-09-01 07:00:00,SWM2,5.0,50.985810650000005,0.001
2023-09-01 07:00:00,SWM3,5.1,52.005526863,0.0
2023-09-01 07:00:00,SWM4,5.0,50.985810650000005,0.008
2023-09-01 07:00:00,SWM6,4.9,49.96609443700001,0.013
2023-09-01 07:00:00,SWM7,5.1,52.005526863,0.0
2023-09-01 07:00:00,SWM8,4.9,49.96609443700001,0.072
2023-09-01 07:00:00,SWM9,4.5,45.887229585,0.012
2023-09-01 08:00:00,SWM10,4.3,43.847797159,0.0
2023-09-01 08:00:00,SWM10B,4.2,42.82808094600001,0.022
2023-09-01 08:00:00,SWM10C,4.2,42.82808094600001,0.0
2023-09-01 08:00:00,SWM11,5.2,53.025243076,0.008
2023-09-01 08:00:00,SWM12,4.9,49.96609443700001,0.057
2023-09-01 08:00:00,SWM13,5.0,50.985810650000005,0.038
2023-09-01 08:00:00,SWM14,5.3,54.044959289000005,0.0
2023-09-01 08:00:00,SWM15,4.8,48.946378224,0.002
2023-09-01 08:00:00,SWM2,5.0,50.985810650000005,0.0
2023-09-01 08:00:00,SWM3,5.1,52.005526863,0.0
2023-09-01 08:00:00,SWM4,5.0,50.985810650000005,0.029
2023-09-01 08:00:00,SWM6,4.9,49.96609443700001,0.008
2023-09-01 08:00:00,SWM7,5.1,52.005526863,0.0
2023-09-01 08:00:00,SWM8,4.9,49.96609443700001,0.023
2023-09-01 08:00:00,SWM9,4.5,45.887229585,0.008
2023-09-01 09:00:00,SWM10,4.2,42.82808094600001,0.0
2023-09-01 09:00:00,SWM10B,4.1,41.808364733,0.0
2023-09-01 09:00:00,SWM10C,4.1,41.808364733,0.0
2023-09-01 09:00:00,SWM11,5.3,54.044959289000005,0.011
2023-09-01 09:00:00,SWM12,5.0,50.985810650000005,0.068
2023-09-01 09:00:00,SWM13,5.1,52.005526863,0.0
2023-09-01 09:00:00,SWM14,5.4,55.06467550200001,0.0
2023-09-01 09:00:00,SWM15,4.9,49.96609443700001,0.031
2023-09-01 09:00:00,SWM2,5.05,51.4956687565,0.0
2023-09-01 09:00:00,SWM3,5.1,52.005526863,0.0
2023-09-01 09:00:00,SWM4,5.1,52.005526863,0.026
2023-09-01 09:00:00,SWM6,5.0,50.985810650000005,0.064
2023-09-01 09:00:00,SWM7,5.2,53.025243076,0.006
2023-09-01 09:00:00,SWM8,4.9,49.96609443700001,0.0
2023-09-01 09:00:00,SWM9,4.5,45.887229585,0.013
2023-09-01 10:00:00,SWM10,4.4,44.867513372000005,0.0
2023-09-01 10:00:00,SWM10B,4.25,43.337939052500005,0.013
2023-09-01 10:00:00,SWM10C,4.2,42.82808094600001,0.001
2023-09-01 10:00:00,SWM11,5.3,54.044959289000005,0.026
2023-09-01 10:00:00,SWM12,5.1,52.005526863,0.082
2023-09-01 10:00:00,SWM13,5.15,52.515384969500005,0.011
2023-09-01 10:00:00,SWM14,5.4,55.06467550200001,0.0
2023-09-01 10:00:00,SWM15,5.0,50.985810650000005,0.022
2023-09-01 10:00:00,SWM2,5.1,52.005526863,0.0
2023-09-01 10:00:00,SWM3,5.2,53.025243076,0.0
2023-09-01 10:00:00,SWM4,5.2,53.025243076,0.022
2023-09-01 10:00:00,SWM6,5.1,52.005526863,0.053
2023-09-01 10:00:00,SWM7,5.3,54.044959289000005,0.026
2023-09-01 10:00:00,SWM8,5.1,52.005526863,0.009
2023-09-01 10:00:00,SWM9,4.6,46.906945798,0.035
2023-09-01 11:00:00,SWM10,4.4,44.867513372000005,0.082
2023-09-01 11:00:00,SWM10B,4.3,43.847797159,0.048
2023-09-01 11:00:00,SWM10C,4.2,42.82808094600001,0.0
2023-09-01 11:00:00,SWM11,5.4,55.06467550200001,0.013
2023-09-01 11:00:00,SWM12,5.1,52.005526863,0.049
2023-09-01 11:00:00,SWM13,5.2,53.025243076,0.003
2023-09-01 11:00:00,SWM14,5.5,56.084391715,0.0
2023-09-01 11:00:00,SWM15,5.0,50.985810650000005,0.019
2023-09-01 11:00:00,SWM2,5.2,53.025243076,0.026
2023-09-01 11:00:00,SWM3,5.2,53.025243076,0.0
2023-09-01 11:00:00,SWM4,5.2,53.025243076,0.0
2023-09-01 11:00:00,SWM6,5.1,52.005526863,0.012
2023-09-01 11:00:00,SWM7,5.3,54.044959289000005,0.065
2023-09-01 11:00:00,SWM8,5.1,52.005526863,0.017
2023-09-01 11:00:00,SWM9,4.7,47.926662011000005,0.013
2023-09-01 12:00:00,SWM10,4.6,46.906945798,0.011
2023-09-01 12:00:00,SWM10B,4.5,45.887229585,0.004
2023-09-01 12:00:00,SWM10C,4.5,45.887229585,0.0
2023-09-01 12:00:00,SWM11,5.3,54.044959289000005,0.014
2023-09-01 12:00:00,SWM12,5.1,52.005526863,0.072
2023-09-01 12:00:00,SWM13,5.2,53.025243076,0.022
2023-09-01 12:00:00,SWM14,5.5,56.084391715,0.0
2023-09-01 12:00:00,SWM15,5.0,50.985810650000005,0.013
2023-09-01 12:00:00,SWM2,5.2,53.025243076,0.013
2023-09-01 12:00:00,SWM3,5.2,53.025243076,0.0
2023-09-01 12:00:00,SWM4,5.2,53.025243076,0.0
2023-09-01 12:00:00,SWM6,5.1,52.005526863,0.161
2023-09-01 12:00:00,SWM7,5.3,54.044959289000005,0.006
2023-09-01 12:00:00,SWM8,5.1,52.005526863,0.105
2023-09-01 12:00:00,SWM9,4.6,46.906945798,0.009
2023-09-01 13:00:00,SWM10,4.5,45.887229585,0.0
2023-09-01 13:00:00,SWM10B,4.3,43.847797159,0.001
2023-09-01 13:00:00,SWM10C,4.3,43.847797159,0.0
2023-09-01 13:00:00,SWM11,5.5,56.084391715,0.005
2023-09-01 13:00:00,SWM12,5.2,53.025243076,0.175
2023-09-01 13:00:00,SWM13,5.3,54.044959289000005,0.008
2023-09-01 13:00:00,SWM14,5.6,57.104107928,0.004
2023-09-01 13:00:00,SWM15,5.1,52.005526863,0.011
2023-09-01 13:00:00,SWM2,5.4,55.06467550200001,0.05
2023-09-01 13:00:00,SWM3,5.4,55.06467550200001,0.0
2023-09-01 13:00:00,SWM4,5.3,54.044959289000005,0.007
2023-09-01 13:00:00,SWM6,5.2,53.025243076,0.024
2023-09-01 13:00:00,SWM7,5.4,55.06467550200001,0.0
2023-09-01 13:00:00,SWM8,5.2,53.025243076,0.008
2023-09-01 13:00:00,SWM9,4.5,45.887229585,0.0
2023-09-01 14:00:00,SWM10,4.3,43.847797159,0.0
2023-09-01 14:00:00,SWM10B,4.2,42.82808094600001,0.017
2023-09-01 14:00:00,SWM10C,4.1,41.808364733,0.0
2023-09-01 14:00:00,SWM11,5.5,56.084391715,0.001
2023-09-01 14:00:00,SWM12,5.4,55.06467550200001,0.0
2023-09-01 14:00:00,SWM13,5.3,54.044959289000005,0.001
2023-09-01 14:00:00,SWM14,5.6,57.104107928,0.012
2023-09-01 14:00:00,SWM15,5.1,52.005526863,0.001
2023-09-01 14:00:00,SWM2,5.3,54.044959289000005,0.014
2023-09-01 14:00:00,SWM3,5.3,54.044959289000005,0.0
2023-09-01 14:00:00,SWM4,5.3,54.044959289000005,0.006
2023-09-01 14:00:00,SWM6,5.2,53.025243076,0.01
2023-09-01 14:00:00,SWM7,5.35,54.5548173955,0.0
2023-09-01 14:00:00,SWM8,5.2,53.025243076,0.017
2023-09-01 14:00:00,SWM9,4.4,44.867513372000005,0.0
2023-09-01 15:00:00,SWM10,4.6,46.906945798,0.054
2023-09-01 15:00:00,SWM10B,4.5,45.887229585,0.01
2023-09-01 15:00:00,SWM10C,4.4,44.867513372000005,0.0
2023-09-01 15:00:00,SWM11,5.5,56.084391715,0.001
2023-09-01 15:00:00,SWM12,5.8,59.143540354,0.0
2023-09-01 15:00:00,SWM13,5.4,55.06467550200001,0.064
2023-09-01 15:00:00,SWM14,5.7,58.12382414100001,0.098
2023-09-01 15:00:00,SWM15,5.1,52.005526863,0.0
2023-09-01 15:00:00,SWM2,5.4,55.06467550200001,0.044
2023-09-01 15:00:00,SWM3,5.4,55.06467550200001,0.008
2023-09-01 15:00:00,SWM4,5.3,54.044959289000005,0.0
2023-09-01 15:00:00,SWM6,5.25,53.5351011825,0.034
2023-09-01 15:00:00,SWM7,5.5,56.084391715,0.046
2023-09-01 15:00:00,SWM8,5.2,53.025243076,0.007
2023-09-01 15:00:00,SWM9,4.5,45.887229585,0.0
2023-09-01 16:00:00,SWM10,4.3,43.847797159,0.001
2023-09-01 16:00:00,SWM10B,4.2,42.82808094600001,0.016
2023-09-01 16:00:00,SWM10C,4.2,42.82808094600001,0.0
2023-09-01 16:00:00,SWM11,5.5,56.084391715,0.008
2023-09-01 16:00:00,SWM12,6.5,66.281553845,0.0
2023-09-01 16:00:00,SWM13,5.3,54.044959289000005,0.011
2023-09-01 16:00:00,SWM14,5.6,57.104107928,0.183
2023-09-01 16:00:00,SWM15,5.0,50.985810650000005,0.0
2023-09-01 16:00:00,SWM2,5.3,54.044959289000005,0.02
2023-09-01 16:00:00,SWM3,5.4,55.06467550200001,0.014
2023-09-01 16:00:00,SWM4,5.3,54.044959289000005,0.005
2023-09-01 16:00:00,SWM6,5.2,53.025243076,0.03
2023-09-01 16:00:00,SWM7,5.4,55.06467550200001,0.142
2023-09-01 16:00:00,SWM8,5.2,53.025243076,0.012
2023-09-01 16:00:00,SWM9,4.4,44.867513372000005,0.0
2023-09-01 17:00:00,SWM10,4.5,45.887229585,0.054
2023-09-01 17:00:00,SWM10B,4.4,44.867513372000005,0.005
2023-09-01 17:00:00,SWM10C,4.3,43.847797159,0.0
2023-09-01 17:00:00,SWM11,5.4,55.06467550200001,0.001
2023-09-01 17:00:00,SWM12,7.0,71.38013491000001,0.0
2023-09-01 17:00:00,SWM13,5.2,53.025243076,0.023
2023-09-01 17:00:00,SWM14,5.5,56.084391715,0.103
2023-09-01 17:00:00,SWM15,5.0,50.985810650000005,0.0
2023-09-01 17:00:00,SWM2,5.3,54.044959289000005,0.121
2023-09-01 17:00:00,SWM3,5.3,54.044959289000005,0.03
2023-09-01 17:00:00,SWM4,5.2,53.025243076,0.005
2023-09-01 17:00:00,SWM6,5.1,52.005526863,0.013
2023-09-01 17:00:00,SWM7,5.3,54.044959289000005,0.116
2023-09-01 17:00:00,SWM8,5.1,52.005526863,0.016
2023-09-01 17:00:00,SWM9,4.4,44.867513372000005,0.0
2023-09-01 18:00:00,SWM10,4.3,43.847797159,0.018
2023-09-01 18:00:00,SWM10B,4.1,41.808364733,0.023
2023-09-01 18:00:00,SWM10C,4.1,41.808364733,0.001
2023-09-01 18:00:00,SWM11,5.4,55.06467550200001,0.007
2023-09-01 18:00:00,SWM12,7.0,71.38013491000001,0.0
2023-09-01 18:00:00,SWM13,5.2,53.025243076,0.007
2023-09-01 18:00:00,SWM14,5.6,57.104107928,0.045
2023-09-01 18:00:00,SWM15,5.0,50.985810650000005,0.003
2023-09-01 18:00:00,SWM2,5.3,54.044959289000005,0.017
2023-09-01 18:00:00,SWM3,5.3,54.044959289000005,0.029
2023-09-01 18:00:00,SWM4,5.2,53.025243076,0.0
2023-09-01 18:00:00,SWM6,5.1,52.005526863,0.029
2023-09-01 18:00:00,SWM7,5.4,55.06467550200001,0.085
2023-09-01 18:00:00,SWM8,5.1,52.005526863,0.003
2023-09-01 18:00:00,SWM9,5.9,60.163256567000005,0.0
2023-09-01 19:00:00,SWM10,4.35,44.3576552655,0.0
2023-09-01 19:00:00,SWM10B,4.2,42.82808094600001,0.027
2023-09-01 19:00:00,SWM10C,4.2,42.82808094600001,0.0
2023-09-01 19:00:00,SWM11,5.4,55.06467550200001,0.006
2023-09-01 19:00:00,SWM12,6.9,70.36041869700001,0.0
2023-09-01 19:00:00,SWM13,5.2,53.025243076,0.003
2023-09-01 19:00:00,SWM14,5.6,57.104107928,0.016
2023-09-01 19:00:00,SWM15,5.0,50.985810650000005,0.0
2023-09-01 19:00:00,SWM2,5.3,54.044959289000005,0.01
2023-09-01 19:00:00,SWM3,5.3,54.044959289000005,0.009
2023-09-01 19:00:00,SWM4,5.2,53.025243076,0.0
2023-09-01 19:00:00,SWM6,5.1,52.005526863,0.099
2023-09-01 19:00:00,SWM7,5.4,55.06467550200001,0.031
2023-09-01 19:00:00,SWM8,5.1,52.005526863,0.006
2023-09-01 19:00:00,SWM9,5.7,58.12382414100001,0.0
2023-09-01 20:00:00,SWM10,4.8,48.946378224,0.0
2023-09-01 20:00:00,SWM10B,4.8,48.946378224,0.006
2023-09-01 20:00:00,SWM10C,4.7,47.926662011000005,0.0
2023-09-01 20:00:00,SWM11,5.25,53.5351011825,0.011
2023-09-01 20:00:00,SWM12,6.8,69.340702484,0.0
2023-09-01 20:00:00,SWM13,5.1,52.005526863,0.075
2023-09-01 20:00:00,SWM14,5.4,55.06467550200001,0.011
2023-09-01 20:00:00,SWM15,4.9,49.96609443700001,0.033
2023-09-01 20:00:00,SWM2,5.1,52.005526863,0.031
2023-09-01 20:00:00,SWM3,5.1,52.005526863,0.0
2023-09-01 20:00:00,SWM4,5.0,50.985810650000005,0.0
2023-09-01 20:00:00,SWM6,5.0,50.985810650000005,0.026
2023-09-01 20:00:00,SWM7,5.1,52.005526863,0.022
2023-09-01 20:00:00,SWM8,4.9,49.96609443700001,0.115
2023-09-01 20:00:00,SWM9,5.5,56.084391715,0.0
2023-09-01 21:00:00,SWM10,4.4,44.867513372000005,0.007
2023-09-01 21:00:00,SWM10B,4.2,42.82808094600001,0.0
2023-09-01 21:00:00,SWM10C,4.2,42.82808094600001,0.0
2023-09-01 21:00:00,SWM11,5.3,54.044959289000005,0.004
2023-09-01 21:00:00,SWM12,6.6,67.301270058,0.0
2023-09-01 21:00:00,SWM13,5.1,52.005526863,0.064
2023-09-01 21:00:00,SWM14,5.4,55.06467550200001,0.006
2023-09-01 21:00:00,SWM15,4.9,49.96609443700001,0.007
2023-09-01 21:00:00,SWM2,5.1,52.005526863,0.0
2023-09-01 21:00:00,SWM3,5.2,53.025243076,0.008
2023-09-01 21:00:00,SWM4,5.1,52.005526863,0.007
2023-09-01 21:00:00,SWM6,5.0,50.985810650000005,0.04
2023-09-01 21:00:00,SWM7,5.2,53.025243076,0.0
2023-09-01 21:00:00,SWM8,5.0,50.985810650000005,0.015
2023-09-01 21:00:00,SWM9,5.1,52.005526863,0.0
2023-09-01 22:00:00,SWM10,4.3,43.847797159,0.023
2023-09-01 22:00:00,SWM10B,4.1,41.808364733,0.004
2023-09-01 22:00:00,SWM10C,4.1,41.808364733,0.0
2023-09-01 22:00:00,SWM11,5.3,54.044959289000005,0.025
2023-09-01 22:00:00,SWM12,6.3,64.242121419,0.005
2023-09-01 22:00:00,SWM13,5.2,53.025243076,0.01
2023-09-01 22:00:00,SWM14,5.5,56.084391715,0.012
2023-09-01 22:00:00,SWM15,5.0,50.985810650000005,0.071
2023-09-01 22:00:00,SWM2,5.1,52.005526863,0.001
2023-09-01 22:00:00,SWM3,5.2,53.025243076,0.0
2023-09-01 22:00:00,SWM4,5.2,53.025243076,0.0
2023-09-01 22:00:00,SWM6,5.1,52.005526863,0.027
2023-09-01 22:00:00,SWM7,5.25,53.5351011825,0.011
2023-09-01 22:00:00,SWM8,5.0,50.985810650000005,0.006
2023-09-01 22:00:00,SWM9,4.9,49.96609443700001,0.0
2023-09-01 23:00:00,SWM10,4.35,44.3576552655,0.015
2023-09-01 23:00:00,SWM10B,4.2,42.82808094600001,0.0
2023-09-01 23:00:00,SWM10C,4.2,42.82808094600001,0.0
2023-09-01 23:00:00,SWM11,5.5,56.084391715,0.012
2023-09-01 23:00:00,SWM12,5.1,52.005526863,0.0
2023-09-01 23:00:00,SWM13,5.2,53.025243076,0.0
2023-09-01 23:00:00,SWM14,5.6,57.104107928,0.02
2023-09-01 23:00:00,SWM15,5.1,52.005526863,0.0
2023-09-01 23:00:00,SWM2,5.3,54.044959289000005,0.001
2023-09-01 23:00:00,SWM3,5.3,54.044959289000005,0.0
2023-09-01 23:00:00,SWM4,5.3,54.044959289000005,0.0
2023-09-01 23:00:00,SWM6,5.2,53.025243076,0.018
2023-09-01 23:00:00,SWM7,5.4,55.06467550200001,0.0
2023-09-01 23:00:00,SWM8,5.2,53.025243076,0.002
2023-09-01 23:00:00,SWM9,4.7,47.926662011000005,0.0
2023-09-02 00:00:00,SWM10,4.25,43.337939052500005,0.0
2023-09-02 00:00:00,SWM10B,4.1,41.808364733,0.007
2023-09-02 00:00:00,SWM10C,4.1,41.808364733,0.0
2023-09-02 00:00:00,SWM11,5.45,55.574533608500005,0.014
2023-09-02 00:00:00,SWM12,5.1,52.005526863,0.0
2023-09-02 00:00:00,SWM13,5.2,53.025243076,0.0
2023-09-02 00:00:00,SWM14,5.6,57.104107928,0.0
2023-09-02 00:00:00,SWM15,5.0,50.985810650000005,0.0
2023-09-02 00:00:00,SWM2,5.2,53.025243076,0.0
2023-09-02 00:00:00,SWM3,5.3,54.044959289000005,0.013
2023-09-02 00:00:00,SWM4,5.2,53.025243076,0.0
2023-09-02 00:00:00,SWM6,5.1,52.005526863,0.0
2023-09-02 00:00:00,SWM7,5.3,54.044959289000005,0.007
2023-09-02 00:00:00,SWM8,5.1,52.005526863,0.0
2023-09-02 00:00:00,SWM9,4.5,45.887229585,0.0
2023-09-02 01:00:00,SWM10,4.2,42.82808094600001,0.016
2023-09-02 01:00:00,SWM10B,4.0,40.78864852,0.0
2023-09-02 01:00:00,SWM10C,4.0,40.78864852,0.0
2023-09-02 01:00:00,SWM11,5.5,56.084391715,0.024
2023-09-02 01:00:00,SWM12,5.1,52.005526863,0.0
2023-09-02 01:00:00,SWM13,5.2,53.025243076,0.0
2023-09-02 01:00:00,SWM14,5.6,57.104107928,0.0
2023-09-02 01:00:00,SWM15,5.1,52.005526863,0.0
2023-09-02 01:00:00,SWM2,5.25,53.5351011825,0.0
2023-09-02 01:00:00,SWM3,5.4,55.06467550200001,0.008
2023-09-02 01:00:00,SWM4,5.3,54.044959289000005,0.0
2023-09-02 01:00:00,SWM6,5.2,53.025243076,0.002
2023-09-02 01:00:00,SWM7,5.4,55.06467550200001,0.0
2023-09-02 01:00:00,SWM8,5.2,53.025243076,0.006
2023-09-02 01:00:00,SWM9,4.4,44.867513372000005,0.0
2023-09-02 02:00:00,SWM10,4.2,42.82808094600001,0.0
2023-09-02 02:00:00,SWM10B,4.1,41.808364733,0.0
2023-09-02 02:00:00,SWM10C,4.1,41.808364733,0.0
2023-09-02 02:00:00,SWM11,5.5,56.084391715,0.013
2023-09-02 02:00:00,SWM12,5.1,52.005526863,0.0
2023-09-02 02:00:00,SWM13,5.2,53.025243076,0.0
2023-09-02 02:00:00,SWM14,5.55,56.5942498215,0.0
2023-09-02 02:00:00,SWM15,5.0,50.985810650000005,0.0
2023-09-02 02:00:00,SWM2,5.2,53.025243076,0.0
2023-09-02 02:00:00,SWM3,5.3,54.044959289000005,0.0
2023-09-02 02:00:00,SWM4,5.2,53.025243076,0.0
2023-09-02 02:00:00,SWM6,5.2,53.025243076,0.023
2023-09-02 02:00:00,SWM7,5.4,55.06467550200001,0.016
2023-09-02 02:00:00,SWM8,5.1,52.005526863,0.0
2023-09-02 02:00:00,SWM9,6.0,61.18297278,0.0
2023-09-02 03:00:00,SWM10,4.35,44.3576552655,0.01
2023-09-02 03:00:00,SWM10B,4.2,42.82808094600001,0.0
2023-09-02 03:00:00,SWM10C,4.2,42.82808094600001,0.0
2023-09-02 03:00:00,SWM11,5.5,56.084391715,0.013
2023-09-02 03:00:00,SWM12,5.1,52.005526863,0.0
2023-09-02 03:00:00,SWM13,5.2,53.025243076,0.0
2023-09-02 03:00:00,SWM14,5.5,56.084391715,0.0
2023-09-02 03:00:00,SWM15,5.0,50.985810650000005,0.0
2023-09-02 03:00:00,SWM2,5.2,53.025243076,0.0
2023-09-02 03:00:00,SWM3,5.3,54.044959289000005,0.0
2023-09-02 03:00:00,SWM4,5.3,54.044959289000005,0.004
2023-09-02 03:00:00,SWM6,5.2,53.025243076,0.015
2023-09-02 03:00:00,SWM7,5.4,55.06467550200001,0.056
2023-09-02 03:00:00,SWM8,5.1,52.005526863,0.0
2023-09-02 03:00:00,SWM9,5.7,58.12382414100001,0.0
2023-09-02 04:00:00,SWM10,4.1,41.808364733,0.0
2023-09-02 04:00:00,SWM10B,4.0,40.78864852,0.006
2023-09-02 04:00:00,SWM10C,4.0,40.78864852,0.0
2023-09-02 04:00:00,SWM11,5.6,57.104107928,0.014
2023-09-02 04:00:00,SWM12,5.2,53.025243076,0.0
2023-09-02 04:00:00,SWM13,5.4,55.06467550200001,0.003
2023-09-02 04:00:00,SWM14,5.7,58.12382414100001,0.0
2023-09-02 04:00:00,SWM15,5.2,53.025243076,0.008
2023-09-02 04:00:00,SWM2,5.4,55.06467550200001,0.0
2023-09-02 04:00:00,SWM3,5.4,55.06467550200001,0.0
2023-09-02 04:00:00,SWM4,5.4,55.06467550200001,0.0
2023-09-02 04:00:00,SWM6,5.3,54.044959289000005,0.0
2023-09-02 04:00:00,SWM7,5.5,56.084391715,0.113
2023-09-02 04:00:00,SWM8,5.3,54.044959289000005,0.0
2023-09-02 04:00:00,SWM9,5.5,56.084391715,0.0
2023-09-02 05:00:00,SWM10,4.2,42.82808094600001,0.0
2023-09-02 05:00:00,SWM10B,4.2,42.82808094600001,0.016
2023-09-02 05:00:00,SWM10C,4.2,42.82808094600001,0.0
2023-09-02 05:00:00,SWM11,5.5,56.084391715,0.014
2023-09-02 05:00:00,SWM12,5.1,52.005526863,0.0
2023-09-02 05:00:00,SWM13,5.2,53.025243076,0.0
2023-09-02 05:00:00,SWM14,5.6,57.104107928,0.004
2023-09-02 05:00:00,SWM15,5.1,52.005526863,0.016
2023-09-02 05:00:00,SWM2,5.3,54.044959289000005,0.0
2023-09-02 05:00:00,SWM3,5.3,54.044959289000005,0.0
2023-09-02 05:00:00,SWM4,5.3,54.044959289000005,0.0
2023-09-02 05:00:00,SWM6,5.2,53.025243076,0.0
2023-09-02 05:00:00,SWM7,5.4,55.06467550200001,0.019
2023-09-02 05:00:00,SWM8,5.2,53.025243076,0.01
2023-09-02 05:00:00,SWM9,5.2,53.025243076,0.0
2023-09-02 06:00:00,SWM10,4.3,43.847797159,0.014
2023-09-02 06:00:00,SWM10B,4.2,42.82808094600001,0.018
2023-09-02 06:00:00,SWM10C,4.1,41.808364733,0.0
2023-09-02 06:00:00,SWM11,5.4,55.06467550200001,0.093
2023-09-02 06:00:00,SWM12,5.0,50.985810650000005,0.009
2023-09-02 06:00:00,SWM13,5.2,53.025243076,0.022
2023-09-02 06:00:00,SWM14,5.5,56.084391715,0.004
2023-09-02 06:00:00,SWM15,5.0,50.985810650000005,0.018
2023-09-02 06:00:00,SWM2,5.2,53.025243076,0.024
2023-09-02 06:00:00,SWM3,5.2,53.025243076,0.0
2023-09-02 06:00:00,SWM4,5.2,53.025243076,0.0
2023-09-02 06:00:00,SWM6,5.1,52.005526863,0.009
2023-09-02 06:00:00,SWM7,5.3,54.044959289000005,0.0
2023-09-02 06:00:00,SWM8,5.1,52.005526863,0.007
2023-09-02 06:00:00,SWM9,4.9,49.96609443700001,0.0
2023-09-02 07:00:00,SWM10,4.3,43.847797159,0.007
2023-09-02 07:00:00,SWM10B,4.2,42.82808094600001,0.012
2023-09-02 07:00:00,SWM10C,4.1,41.808364733,0.0
2023-09-02 07:00:00,SWM11,5.3,54.044959289000005,0.006
2023-09-02 07:00:00,SWM12,5.0,50.985810650000005,0.0
2023-09-02 07:00:00,SWM13,5.1,52.005526863,0.011
2023-09-02 07:00:00,SWM14,5.4,55.06467550200001,0.008
2023-09-02 07:00:00,SWM15,4.9,49.96609443700001,0.0
2023-09-02 07:00:00,SWM2,5.1,52.005526863,0.006
2023-09-02 07:00:00,SWM3,5.2,53.025243076,0.0
2023-09-02 07:00:00,SWM4,5.1,52.005526863,0.0
2023-09-02 07:00:00,SWM6,5.0,50.985810650000005,0.0
2023-09-02 07:00:00,SWM7,5.2,53.025243076,0.0
2023-09-02 07:00:00,SWM8,5.0,50.985810650000005,0.014
2023-09-02 07:00:00,SWM9,4.7,47.926662011000005,0.0
2023-09-02 08:00:00,SWM10,4.4,44.867513372000005,0.0
2023-09-02 08:00:00,SWM10B,4.2,42.82808094600001,0.029
2023-09-02 08:00:00,SWM10C,4.2,42.82808094600001,0.001
2023-09-02 08:00:00,SWM11,5.3,54.044959289000005,0.053
2023-09-02 08:00:00,SWM12,4.95,50.47595254350001,0.092
2023-09-02 08:00:00,SWM13,5.1,52.005526863,0.06
2023-09-02 08:00:00,SWM14,5.4,55.06467550200001,0.005
2023-09-02 08:00:00,SWM15,4.9,49.96609443700001,0.0
2023-09-02 08:00:00,SWM2,5.2,53.025243076,0.002
2023-09-02 08:00:00,SWM3,5.2,53.025243076,0.012
2023-09-02 08:00:00,SWM4,5.1,52.005526863,0.038
2023-09-02 08:00:00,SWM6,5.0,50.985810650000005,0.008
2023-09-02 08:00:00,SWM7,5.2,53.025243076,0.0
2023-09-02 08:00:00,SWM8,5.0,50.985810650000005,0.003
2023-09-02 08:00:00,SWM9,4.5,45.887229585,0.0
2023-09-02 09:00:00,SWM10,4.2,42.82808094600001,0.007
2023-09-02 09:00:00,SWM10B,4.1,41.808364733,0.001
2023-09-02 09:00:00,SWM10C,4.1,41.808364733,0.0
2023-09-02 09:00:00,SWM11,5.3,54.044959289000005,0.012
2023-09-02 09:00:00,SWM12,5.1,52.005526863,0.082
2023-09-02 09:00:00,SWM13,5.1,52.005526863,0.012
2023-09-02 09:00:00,SWM14,5.5,56.084391715,0.033
2023-09-02 09:00:00,SWM15,4.9,49.96609443700001,0.0
2023-09-02 09:00:00,SWM2,5.2,53.025243076,0.083
2023-09-02 09:00:00,SWM3,5.2,53.025243076,0.051
2023-09-02 09:00:00,SWM4,5.15,52.515384969500005,0.002
2023-09-02 09:00:00,SWM6,5.0,50.985810650000005,0.023
2023-09-02 09:00:00,SWM7,5.2,53.025243076,0.25
2023-09-02 09:00:00,SWM8,5.1,52.005526863,0.015
2023-09-02 09:00:00,SWM9,4.4,44.867513372000005,0.0
2023-09-02 10:00:00,SWM10,4.3,43.847797159,0.0
2023-09-02 10:00:00,SWM10B,4.2,42.82808094600001,0.003
2023-09-02 10:00:00,SWM10C,4.2,42.82808094600001,0.0
2023-09-02 10:00:00,SWM11,5.3,54.044959289000005,0.02
2023-09-02 10:00:00,SWM12,5.0,50.985810650000005,0.107
2023-09-02 10:00:00,SWM13,5.1,52.005526863,0.163
2023-09-02 10:00:00,SWM14,5.5,56.084391715,0.048
2023-09-02 10:00:00,SWM15,4.9,49.96609443700001,0.006
2023-09-02 10:00:00,SWM2,5.2,53.025243076,0.046
2023-09-02 10:00:00,SWM3,5.2,53.025243076,0.01
2023-09-02 10:00:00,SWM4,5.1,52.005526863,0.018
2023-09-02 10:00:00,SWM6,5.0,50.985810650000005,0.052
2023-09-02 10:00:00,SWM7,5.3,54.044959289000005,0.134
2023-09-02 10:00:00,SWM8,5.0,50.985810650000005,0.007
2023-09-02 10:00:00,SWM9,5.9,60.163256567000005,0.0
2023-09-02 11:00:00,SWM10,4.4,44.867513372000005,0.003
2023-09-02 11:00:00,SWM10B,4.3,43.847797159,0.019
2023-09-02 11:00:00,SWM10C,4.3,43.847797159,0.0
2023-09-02 11:00:00,SWM11,5.25,53.5351011825,0.019
2023-09-02 11:00:00,SWM12,5.0,50.985810650000005,0.105
2023-09-02 11:00:00,SWM13,5.0,50.985810650000005,0.0
2023-09-02 11:00:00,SWM14,5.4,55.06467550200001,0.003
2023-09-02 11:00:00,SWM15,4.9,49.96609443700001,0.007
2023-09-02 11:00:00,SWM2,5.1,52.005526863,0.065
2023-09-02 11:00:00,SWM3,5.2,53.025243076,0.018
2023-09-02 11:00:00,SWM4,5.1,52.005526863,0.005
2023-09-02 11:00:00,SWM6,5.0,50.985810650000005,0.068
2023-09-02 11:00:00,SWM7,5.2,53.025243076,0.154
2023-09-02 11:00:00,SWM8,5.0,50.985810650000005,0.002
2023-09-02 11:00:00,SWM9,5.6,57.104107928,0.0
2023-09-02 12:00:00,SWM10,4.3,43.847797159,0.014
2023-09-02 12:00:00,SWM10B,4.2,42.82808094600001,0.005
2023-09-02 12:00:00,SWM10C,4.2,42.82808094600001,0.0
2023-09-02 12:00:00,SWM11,5.3,54.044959289000005,0.011
2023-09-02 12:00:00,SWM12,5.0,50.985810650000005,0.068
2023-09-02 12:00:00,SWM13,5.0,50.985810650000005,0.0
2023-09-02 12:00:00,SWM14,5.4,55.06467550200001,0.017
2023-09-02 12:00:00,SWM15,4.9,49.96609443700001,0.007
2023-09-02 12:00:00,SWM2,5.1,52.005526863,0.062
2023-09-02 12:00:00,SWM3,5.2,53.025243076,0.002
2023-09-02 12:00:00,SWM4,5.1,52.005526863,0.0
2023-09-02 12:00:00,SWM6,5.0,50.985810650000005,0.05
2023-09-02 12:00:00,SWM7,5.2,53.025243076,0.08
2023-09-02 12:00:00,SWM8,5.0,50.985810650000005,0.1
2023-09-02 12:00:00,SWM9,5.4,55.06467550200001,0.0
2023-09-02 13:00:00,SWM10,4.3,43.847797159,0.006
2023-09-02 13:00:00,SWM10B,4.2,42.82808094600001,0.0
2023-09-02 13:00:00,SWM10C,4.2,42.82808094600001,0.0
2023-09-02 13:00:00,SWM11,5.4,55.06467550200001,0.021
2023-09-02 13:00:00,SWM12,5.1,52.005526863,0.005
2023-09-02 13:00:00,SWM13,5.2,53.025243076,0.022
2023-09-02 13:00:00,SWM14,5.5,56.084391715,0.008
2023-09-02 13:00:00,SWM15,5.0,50.985810650000005,0.0
2023-09-02 13:00:00,SWM2,5.3,54.044959289000005,0.046
2023-09-02 13:00:00,SWM3,5.3,54.044959289000005,0.027
2023-09-02 13:00:00,SWM4,5.2,53.025243076,0.0
2023-09-02 13:00:00,SWM6,5.1,52.005526863,0.1
2023-09-02 13:00:00,SWM7,5.4,55.06467550200001,0.096
2023-09-02 13:00:00,SWM8,5.1,52.005526863,0.038
2023-09-02 13:00:00,SWM9,5.1,52.005526863,0.0
2023-09-02 14:00:00,SWM10,4.2,42.82808094600001,0.0
2023-09-02 14:00:00,SWM10B,4.1,41.808364733,0.003
2023-09-02 14:00:00,SWM10C,4.1,41.808364733,0.0
2023-09-02 14:00:00,SWM11,5.4,55.06467550200001,0.013
2023-09-02 14:00:00,SWM12,5.1,52.005526863,0.008
2023-09-02 14:00:00,SWM13,5.2,53.025243076,0.0
2023-09-02 14:00:00,SWM14,5.5,56.084391715,0.004
2023-09-02 14:00:00,SWM15,5.0,50.985810650000005,0.0
2023-09-02 14:00:00,SWM2,5.3,54.044959289000005,0.034
2023-09-02 14:00:00,SWM3,5.3,54.044959289000005,0.006
2023-09-02 14:00:00,SWM4,5.2,53.025243076,0.016
2023-09-02 14:00:00,SWM6,5.1,52.005526863,0.03
2023-09-02 14:00:00,SWM7,5.3,54.044959289000005,0.063
2023-09-02 14:00:00,SWM8,5.1,52.005526863,0.0
2023-09-02 14:00:00,SWM9,4.9,49.96609443700001,0.0
2023-09-02 15:00:00,SWM10,4.3,43.847797159,0.002
2023-09-02 15:00:00,SWM10B,4.2,42.82808094600001,0.023
2023-09-02 15:00:00,SWM10C,4.1,41.808364733,0.0
2023-09-02 15:00:00,SWM11,5.4,55.06467550200001,0.014
2023-09-02 15:00:00,SWM12,5.1,52.005526863,0.0
2023-09-02 15:00:00,SWM13,5.2,53.025243076,0.01
2023-09-02 15:00:00,SWM14,5.5,56.084391715,0.184
2023-09-02 15:00:00,SWM15,5.0,50.985810650000005,0.0
2023-09-02 15:00:00,SWM2,5.3,54.044959289000005,0.044
2023-09-02 15:00:00,SWM3,5.3,54.044959289000005,0.027
2023-09-02 15:00:00,SWM4,5.2,53.025243076,0.006
2023-09-02 15:00:00,SWM6,5.1,52.005526863,0.073
2023-09-02 15:00:00,SWM7,5.4,55.06467550200001,0.019
2023-09-02 15:00:00,SWM8,5.1,52.005526863,0.012
2023-09-02 15:00:00,SWM9,4.7,47.926662011000005,0.0
2023-09-02 16:00:00,SWM10,4.3,43.847797159,0.0
2023-09-02 16:00:00,SWM10B,4.2,42.82808094600001,0.035
2023-09-02 16:00:00,SWM10C,4.2,42.82808094600001,0.0
2023-09-02 16:00:00,SWM11,5.4,55.06467550200001,0.016
2023-09-02 16:00:00,SWM12,5.2,53.025243076,0.0
2023-09-02 16:00:00,SWM13,5.2,53.025243076,0.056
2023-09-02 16:00:00,SWM14,5.5,56.084391715,0.012
2023-09-02 16:00:00,SWM15,5.0,50.985810650000005,0.0
2023-09-02 16:00:00,SWM2,5.25,53.5351011825,0.017
2023-09-02 16:00:00,SWM3,5.3,54.044959289000005,0.02
2023-09-02 16:00:00,SWM4,5.2,53.025243076,0.0
2023-09-02 16:00:00,SWM6,5.1,52.005526863,0.005
2023-09-02 16:00:00,SWM7,5.3,54.044959289000005,0.043
2023-09-02 16:00:00,SWM8,5.1,52.005526863,0.012
2023-09-02 16:00:00,SWM9,4.5,45.887229585,0.0
2023-09-02 17:00:00,SWM10,4.3,43.847797159,0.018
2023-09-02 17:00:00,SWM10B,4.2,42.82808094600001,0.024
2023-09-02 17:00:00,SWM10C,4.2,42.82808094600001,0.0
2023-09-02 17:00:00,SWM11,5.5,56.084391715,0.011
2023-09-02 17:00:00,SWM12,5.4,55.06467550200001,0.0
2023-09-02 17:00:00,SWM13,5.4,55.06467550200001,0.045
2023-09-02 17:00:00,SWM14,5.7,58.12382414100001,0.035
2023-09-02 17:00:00,SWM15,5.1,52.005526863,0.002
2023-09-02 17:00:00,SWM2,5.4,55.06467550200001,0.042
2023-09-02 17:00:00,SWM3,5.4,55.06467550200001,0.0
2023-09-02 17:00:00,SWM4,5.4,55.06467550200001,0.018
2023-09-02 17:00:00,SWM6,5.2,53.025243076,0.006
2023-09-02 17:00:00,SWM7,5.5,56.084391715,0.11
2023-09-02 17:00:00,SWM8,5.2,53.025243076,0.0
2023-09-02 17:00:00,SWM9,4.4,44.867513372000005,0.0
2023-09-02 18:00:00,SWM10,4.45,45.3773714785,0.018
2023-09-02 18:00:00,SWM10B,4.4,44.867513372000005,0.064
2023-09-02 18:00:00,SWM10C,4.3,43.847797159,0.001
2023-09-02 18:00:00,SWM11,5.6,57.104107928,0.014
2023-09-02 18:00:00,SWM12,5.4,55.06467550200001,0.0
2023-09-02 18:00:00,SWM13,5.4,55.06467550200001,0.0
2023-09-02 18:00:00,SWM14,5.7,58.12382414100001,0.049
2023-09-02 18:00:00,SWM15,5.2,53.025243076,0.009
2023-09-02 18:00:00,SWM2,5.5,56.084391715,0.01
2023-09-02 18:00:00,SWM3,5.45,55.574533608500005,0.0
2023-09-02 18:00:00,SWM4,5.4,55.06467550200001,0.047
2023-09-02 18:00:00,SWM6,5.3,54.044959289000005,0.033
2023-09-02 18:00:00,SWM7,5.5,56.084391715,0.027
2023-09-02 18:00:00,SWM8,5.2,53.025243076,0.0
2023-09-02 18:00:00,SWM9,5.4,55.06467550200001,0.0
2023-09-02 19:00:00,SWM10,4.5,45.887229585,0.002
2023-09-02 19:00:00,SWM10B,4.4,44.867513372000005,0.005
2023-09-02 19:00:00,SWM10C,4.4,44.867513372000005,0.0
2023-09-02 19:00:00,SWM11,5.6,57.104107928,0.012
2023-09-02 19:00:00,SWM12,5.4,55.06467550200001,0.0
2023-09-02 19:00:00,SWM13,5.4,55.06467550200001,0.033
2023-09-02 19:00:00,SWM14,5.7,58.12382414100001,0.014
2023-09-02 19:00:00,SWM15,5.2,53.025243076,0.011
2023-09-02 19:00:00,SWM2,5.4,55.06467550200001,0.125
2023-09-02 19:00:00,SWM3,5.4,55.06467550200001,0.0
2023-09-02 19:00:00,SWM4,5.4,55.06467550200001,0.01
2023-09-02 19:00:00,SWM6,5.3,54.044959289000005,0.016
2023-09-02 19:00:00,SWM7,5.5,56.084391715,0.084
2023-09-02 19:00:00,SWM8,5.2,53.025243076,0.0
2023-09-02 19:00:00,SWM9,5.1,52.005526863,0.0
2023-09-02 20:00:00,SWM10,4.2,42.82808094600001,0.003
2023-09-02 20:00:00,SWM10B,4.1,41.808364733,0.0
2023-09-02 20:00:00,SWM10C,4.1,41.808364733,0.0
2023-09-02 20:00:00,SWM11,5.4,55.06467550200001,0.008
2023-09-02 20:00:00,SWM12,5.2,53.025243076,0.0
2023-09-02 20:00:00,SWM13,5.2,53.025243076,0.026
2023-09-02 20:00:00,SWM14,5.5,56.084391715,0.008
2023-09-02 20:00:00,SWM15,5.0,50.985810650000005,0.025
2023-09-02 20:00:00,SWM2,5.2,53.025243076,0.024
2023-09-02 20:00:00,SWM3,5.2,53.025243076,0.0
2023-09-02 20:00:00,SWM4,5.15,52.515384969500005,0.0
2023-09-02 20:00:00,SWM6,5.1,52.005526863,0.019
2023-09-02 20:00:00,SWM7,5.3,54.044959289000005,0.017
2023-09-02 20:00:00,SWM8,5.0,50.985810650000005,0.0
2023-09-02 20:00:00,SWM9,4.9,49.96609443700001,0.0
2023-09-02 21:00:00,SWM10,4.2,42.82808094600001,0.002
2023-09-02 21:00:00,SWM10B,4.0,40.78864852,0.004
2023-09-02 21:00:00,SWM10C,4.0,40.78864852,0.0
2023-09-02 21:00:00,SWM11,5.4,55.06467550200001,0.009
2023-09-02 21:00:00,SWM12,5.1,52.005526863,0.0
2023-09-02 21:00:00,SWM13,5.2,53.025243076,0.155
2023-09-02 21:00:00,SWM14,5.5,56.084391715,0.0
2023-09-02 21:00:00,SWM15,5.0,50.985810650000005,0.01
2023-09-02 21:00:00,SWM2,5.2,53.025243076,0.03
2023-09-02 21:00:00,SWM3,5.2,53.025243076,0.0
2023-09-02 21:00:00,SWM4,5.2,53.025243076,0.0
2023-09-02 21:00:00,SWM6,5.1,52.005526863,0.033
2023-09-02 21:00:00,SWM7,5.3,54.044959289000005,0.066
2023-09-02 21:00:00,SWM8,5.0,50.985810650000005,0.0
2023-09-02 21:00:00,SWM9,4.7,47.926662011000005,0.0
2023-09-02 22:00:00,SWM10,4.3,43.847797159,0.0
2023-09-02 22:00:00,SWM10B,4.1,41.808364733,0.0
2023-09-02 22:00:00,SWM10C,4.1,41.808364733,0.0
2023-09-02 22:00:00,SWM11,5.45,55.574533608500005,0.0
2023-09-02 22:00:00,SWM12,5.1,52.005526863,0.006
2023-09-02 22:00:00,SWM13,5.3,54.044959289000005,0.004
2023-09-02 22:00:00,SWM14,5.6,57.104107928,0.0
2023-09-02 22:00:00,SWM15,5.0,50.985810650000005,0.0
2023-09-02 22:00:00,SWM2,5.3,54.044959289000005,0.008
2023-09-02 22:00:00,SWM3,5.3,54.044959289000005,0.0
2023-09-02 22:00:00,SWM4,5.3,54.044959289000005,0.0
2023-09-02 22:00:00,SWM6,5.2,53.025243076,0.016
2023-09-02 22:00:00,SWM7,5.3,54.044959289000005,0.0
2023-09-02 22:00:00,SWM8,5.1,52.005526863,0.0
2023-09-02 22:00:00,SWM9,4.5,45.887229585,0.0
2023-09-02 23:00:00,SWM10,4.3,43.847797159,0.026
2023-09-02 23:00:00,SWM10B,4.1,41.808364733,0.003
2023-09-02 23:00:00,SWM10C,4.1,41.808364733,0.0
2023-09-02 23:00:00,SWM11,5.5,56.084391715,0.005
2023-09-02 23:00:00,SWM12,5.1,52.005526863,0.004
2023-09-02 23:00:00,SWM13,5.3,54.044959289000005,0.0
2023-09-02 23:00:00,SWM14,5.6,57.104107928,0.011
2023-09-02 23:00:00,SWM15,5.1,52.005526863,0.0
2023-09-02 23:00:00,SWM2,5.3,54.044959289000005,0.003
2023-09-02 23:00:00,SWM3,5.4,55.06467550200001,0.002
2023-09-02 23:00:00,SWM4,5.3,54.044959289000005,0.0
2023-09-02 23:00:00,SWM6,5.2,53.025243076,0.011
2023-09-02 23:00:00,SWM7,5.4,55.06467550200001,0.0
2023-09-02 23:00:00,SWM8,5.2,53.025243076,0.0
2023-09-02 23:00:00,SWM9,4.3,43.847797159,0.0
2023-09-03 00:00:00,SWM10,4.2,42.82808094600001,0.0
2023-09-03 00:00:00,SWM10B,4.1,41.808364733,0.004
2023-09-03 00:00:00,SWM10C,4.1,41.808364733,0.0
2023-09-03 00:00:00,SWM11,5.5,56.084391715,0.015
2023-09-03 00:00:00,SWM12,5.2,53.025243076,0.005
2023-09-03 00:00:00,SWM13,5.3,54.044959289000005,0.0
2023-09-03 00:00:00,SWM14,5.6,57.104107928,0.024
2023-09-03 00:00:00,SWM15,5.1,52.005526863,0.0
2023-09-03 00:00:00,SWM2,5.3,54.044959289000005,0.012
2023-09-03 00:00:00,SWM3,5.4,55.06467550200001,0.011
2023-09-03 00:00:00,SWM4,5.3,54.044959289000005,0.0
2023-09-03 00:00:00,SWM6,5.2,53.025243076,0.014
2023-09-03 00:00:00,SWM7,5.4,55.06467550200001,0.0
2023-09-03 00:00:00,SWM8,5.2,53.025243076,0.016
2023-09-03 00:00:00,SWM9,4.85,49.4562363305,0.0
2023-09-03 01:00:00,SWM10,4.5,45.887229585,0.004
2023-09-03 01:00:00,SWM10B,4.3,43.847797159,0.0
2023-09-03 01:00:00,SWM10C,4.3,43.847797159,0.0
2023-09-03 01:00:00,SWM11,5.5,56.084391715,0.008
2023-09-03 01:00:00,SWM12,5.1,52.005526863,0.0
2023-09-03 01:00:00,SWM13,5.2,53.025243076,0.0
2023-09-03 01:00:00,SWM14,5.6,57.104107928,0.0
2023-09-03 01:00:00,SWM15,5.1,52.005526863,0.003
2023-09-03 01:00:00,SWM2,5.3,54.044959289000005,0.006
2023-09-03 01:00:00,SWM3,5.4,55.06467550200001,0.0
2023-09-03 01:00:00,SWM4,5.3,54.044959289000005,0.0
2023-09-03 01:00:00,SWM6,5.2,53.025243076,0.0
2023-09-03 01:00:00,SWM7,5.4,55.06467550200001,0.0
2023-09-03 01:00:00,SWM8,5.2,53.025243076,0.009
2023-09-03 01:00:00,SWM9,5.8,59.143540354,0.0
2023-09-03 02:00:00,SWM10,4.4,44.867513372000005,0.0
2023-09-03 02:00:00,SWM10B,4.3,43.847797159,0.0
2023-09-03 02:00:00,SWM10C,4.3,43.847797159,0.0
2023-09-03 02:00:00,SWM11,5.5,56.084391715,0.001
2023-09-03 02:00:00,SWM12,5.1,52.005526863,0.0
2023-09-03 02:00:00,SWM13,5.2,53.025243076,0.0
2023-09-03 02:00:00,SWM14,5.6,57.104107928,0.0
2023-09-03 02:00:00,SWM15,5.1,52.005526863,0.0
2023-09-03 02:00:00,SWM2,5.3,54.044959289000005,0.0
2023-09-03 02:00:00,SWM3,5.4,55.06467550200001,0.0
2023-09-03 02:00:00,SWM4,5.3,54.044959289000005,0.0
2023-09-03 02:00:00,SWM6,5.2,53.025243076,0.017
2023-09-03 02:00:00,SWM7,5.4,55.06467550200001,0.002
2023-09-03 02:00:00,SWM8,5.2,53.025243076,0.0
2023-09-03 02:00:00,SWM9,5.5,56.084391715,0.0
2023-09-03 03:00:00,SWM10,4.2,42.82808094600001,0.0
2023-09-03 03:00:00,SWM10B,4.1,41.808364733,0.006
2023-09-03 03:00:00,SWM10C,4.1,41.808364733,0.0
2023-09-03 03:00:00,SWM11,5.5,56.084391715,0.02
2023-09-03 03:00:00,SWM12,5.1,52.005526863,0.0
2023-09-03 03:00:00,SWM13,5.2,53.025243076,0.0
2023-09-03 03:00:00,SWM14,5.6,57.104107928,0.0
2023-09-03 03:00:00,SWM15,5.1,52.005526863,0.0
2023-09-03 03:00:00,SWM2,5.3,54.044959289000005,0.0
2023-09-03 03:00:00,SWM3,5.3,54.044959289000005,0.0
2023-09-03 03:00:00,SWM4,5.3,54.044959289000005,0.0
2023-09-03 03:00:00,SWM6,5.2,53.025243076,0.023
2023-09-03 03:00:00,SWM7,5.4,55.06467550200001,0.0
2023-09-03 03:00:00,SWM8,5.2,53.025243076,0.0
2023-09-03 03:00:00,SWM9,5.3,54.044959289000005,0.0
2023-09-03 04:00:00,SWM10,4.4,44.867513372000005,0.0
2023-09-03 04:00:00,SWM10B,4.3,43.847797159,0.0
2023-09-03 04:00:00,SWM10C,4.3,43.847797159,0.0
2023-09-03 04:00:00,SWM11,5.8,59.143540354,0.014
2023-09-03 04:00:00,SWM12,5.4,55.06467550200001,0.0
2023-09-03 04:00:00,SWM13,5.5,56.084391715,0.0
2023-09-03 04:00:00,SWM14,5.9,60.163256567000005,0.0
2023-09-03 04:00:00,SWM15,5.3,54.044959289000005,0.0
2023-09-03 04:00:00,SWM2,5.55,56.5942498215,0.0
2023-09-03 04:00:00,SWM3,5.6,57.104107928,0.0
2023-09-03 04:00:00,SWM4,5.6,57.104107928,0.0
2023-09-03 04:00:00,SWM6,5.5,56.084391715,0.009
2023-09-03 04:00:00,SWM7,5.7,58.12382414100001,0.033
2023-09-03 04:00:00,SWM8,5.4,55.06467550200001,0.0
2023-09-03 04:00:00,SWM9,5.0,50.985810650000005,0.0
2023-09-03 05:00:00,SWM10,4.25,43.337939052500005,0.0
2023-09-03 05:00:00,SWM10B,4.2,42.82808094600001,0.017
2023-09-03 05:00:00,SWM10C,4.1,41.808364733,0.0
2023-09-03 05:00:00,SWM11,5.7,58.12382414100001,0.026
2023-09-03 05:00:00,SWM12,5.3,54.044959289000005,0.0
2023-09-03 05:00:00,SWM13,5.5,56.084391715,0.016
2023-09-03 05:00:00,SWM14,5.8,59.143540354,0.0
2023-09-03 05:00:00,SWM15,5.3,54.044959289000005,0.012
2023-09-03 05:00:00,SWM2,5.4,55.06467550200001,0.0
2023-09-03 05:00:00,SWM3,5.5,56.084391715,0.0
2023-09-03 05:00:00,SWM4,5.5,56.084391715,0.0
2023-09-03 05:00:00,SWM6,5.3,54.044959289000005,0.0
2023-09-03 05:00:00,SWM7,5.6,57.104107928,0.034
2023-09-03 05:00:00,SWM8,5.3,54.044959289000005,0.0
2023-09-03 05:00:00,SWM9,4.8,48.946378224,0.0
2023-09-03 06:00:00,SWM10,4.3,43.847797159,0.0
2023-09-03 06:00:00,SWM10B,4.3,43.847797159,0.031
2023-09-03 06:00:00,SWM10C,4.2,42.82808094600001,0.0
2023-09-03 06:00:00,SWM11,5.5,56.084391715,0.016
2023-09-03 06:00:00,SWM12,5.1,52.005526863,0.0
2023-09-03 06:00:00,SWM13,5.25,53.5351011825,0.0
2023-09-03 06:00:00,SWM14,5.6,57.104107928,0.008
2023-09-03 06:00:00,SWM15,5.1,52.005526863,0.016
2023-09-03 06:00:00,SWM2,5.3,54.044959289000005,0.013
2023-09-03 06:00:00,SWM3,5.3,54.044959289000005,0.0
2023-09-03 06:00:00,SWM4,5.3,54.044959289000005,0.004
2023-09-03 06:00:00,SWM6,5.1,52.005526863,0.0
2023-09-03 06:00:00,SWM7,5.35,54.5548173955,0.135
2023-09-03 06:00:00,SWM8,5.1,52.005526863,0.0
2023-09-03 06:00:00,SWM9,4.6,46.906945798,0.0
2023-09-03 07:00:00,SWM10,4.3,43.847797159,0.007
2023-09-03 07:00:00,SWM10B,4.2,42.82808094600001,0.055
2023-09-03 07:00:00,SWM10C,4.1,41.808364733,0.0
2023-09-03 07:00:00,SWM11,5.4,55.06467550200001,0.012
2023-09-03 07:00:00,SWM12,5.0,50.985810650000005,0.0
2023-09-03 07:00:00,SWM13,5.1,52.005526863,0.015
2023-09-03 07:00:00,SWM14,5.5,56.084391715,0.01
2023-09-03 07:00:00,SWM15,5.0,50.985810650000005,0.0
2023-09-03 07:00:00,SWM2,5.2,53.025243076,0.004
2023-09-03 07:00:00,SWM3,5.2,53.025243076,0.008
2023-09-03 07:00:00,SWM4,5.2,53.025243076,0.0
2023-09-03 07:00:00,SWM6,5.1,52.005526863,0.022
2023-09-03 07:00:00,SWM7,5.3,54.044959289000005,0.058
2023-09-03 07:00:00,SWM8,5.0,50.985810650000005,0.0
2023-09-03 07:00:00,SWM9,4.4,44.867513372000005,0.0
2023-09-03 08:00:00,SWM10,4.2,42.82808094600001,0.0
2023-09-03 08:00:00,SWM10B,4.1,41.808364733,0.006
2023-09-03 08:00:00,SWM10C,4.1,41.808364733,0.0
2023-09-03 08:00:00,SWM11,5.3,54.044959289000005,0.022
2023-09-03 08:00:00,SWM12,4.9,49.96609443700001,0.0
2023-09-03 08:00:00,SWM13,5.2,53.025243076,0.018
2023-09-03 08:00:00,SWM14,5.5,56.084391715,0.01
2023-09-03 08:00:00,SWM15,4.9,49.96609443700001,0.0
2023-09-03 08:00:00,SWM2,5.2,53.025243076,0.031
2023-09-03 08:00:00,SWM3,5.2,53.025243076,0.0
2023-09-03 08:00:00,SWM4,5.2,53.025243076,0.024
2023-09-03 08:00:00,SWM6,5.1,52.005526863,0.01
2023-09-03 08:00:00,SWM7,5.3,54.044959289000005,0.108
2023-09-03 08:00:00,SWM8,5.0,50.985810650000005,0.0
2023-09-03 08:00:00,SWM9,5.8,59.143540354,0.0
2023-09-03 09:00:00,SWM10,4.3,43.847797159,0.007
2023-09-03 09:00:00,SWM10B,4.2,42.82808094600001,0.004
2023-09-03 09:00:00,SWM10C,4.1,41.808364733,0.0
2023-09-03 09:00:00,SWM11,5.4,55.06467550200001,0.03
2023-09-03 09:00:00,SWM12,5.0,50.985810650000005,0.009
2023-09-03 09:00:00,SWM13,5.2,53.025243076,0.013
2023-09-03 09:00:00,SWM14,5.5,56.084391715,0.01
2023-09-03 09:00:00,SWM15,5.0,50.985810650000005,0.002
2023-09-03 09:00:00,SWM2,5.2,53.025243076,0.054
2023-09-03 09:00:00,SWM3,5.3,54.044959289000005,0.018
2023-09-03 09:00:00,SWM4,5.2,53.025243076,0.004
2023-09-03 09:00:00,SWM6,5.1,52.005526863,0.037
2023-09-03 09:00:00,SWM7,5.3,54.044959289000005,0.191
2023-09-03 09:00:00,SWM8,5.1,52.005526863,0.023
2023-09-03 09:00:00,SWM9,5.6,57.104107928,0.0
2023-09-03 10:00:00,SWM10,4.5,45.887229585,0.013
2023-09-03 10:00:00,SWM10B,4.4,44.867513372000005,0.021
2023-09-03 10:00:00,SWM10C,4.3,43.847797159,0.001
2023-09-03 10:00:00,SWM11,5.4,55.06467550200001,0.012
2023-09-03 10:00:00,SWM12,5.0,50.985810650000005,0.006
2023-09-03 10:00:00,SWM13,5.2,53.025243076,0.041
2023-09-03 10:00:00,SWM14,5.5,56.084391715,0.032
2023-09-03 10:00:00,SWM15,5.0,50.985810650000005,0.0
2023-09-03 10:00:00,SWM2,5.3,54.044959289000005,0.037
2023-09-03 10:00:00,SWM3,5.3,54.044959289000005,0.055
2023-09-03 10:00:00,SWM4,5.2,53.025243076,0.015
2023-09-03 10:00:00,SWM6,5.1,52.005526863,0.092
2023-09-03 10:00:00,SWM7,5.3,54.044959289000005,0.063
2023-09-03 10:00:00,SWM8,5.1,52.005526863,0.006
2023-09-03 10:00:00,SWM9,5.3,54.044959289000005,0.0
2023-09-03 11:00:00,SWM10,4.3,43.847797159,0.0
2023-09-03 11:00:00,SWM10B,4.2,42.82808094600001,0.044
2023-09-03 11:00:00,SWM10C,4.2,42.82808094600001,0.0
2023-09-03 11:00:00,SWM11,5.3,54.044959289000005,0.013
2023-09-03 11:00:00,SWM12,5.0,50.985810650000005,0.069
2023-09-03 11:00:00,SWM13,5.1,52.005526863,0.136
2023-09-03 11:00:00,SWM14,5.5,56.084391715,0.017
2023-09-03 11:00:00,SWM15,4.9,49.96609443700001,0.0
2023-09-03 11:00:00,SWM2,5.2,53.025243076,0.058
2023-09-03 11:00:00,SWM3,5.2,53.025243076,0.003
2023-09-03 11:00:00,SWM4,5.2,53.025243076,0.04
2023-09-03 11:00:00,SWM6,5.0,50.985810650000005,0.015
2023-09-03 11:00:00,SWM7,5.3,54.044959289000005,0.032
2023-09-03 11:00:00,SWM8,5.0,50.985810650000005,0.0
2023-09-03 11:00:00,SWM9,5.1,52.005526863,0.0
2023-09-03 12:00:00,SWM10,4.35,44.3576552655,0.025
2023-09-03 12:00:00,SWM10B,4.2,42.82808094600001,0.002
2023-09-03 12:00:00,SWM10C,4.2,42.82808094600001,0.0
2023-09-03 12:00:00,SWM11,5.3,54.044959289000005,0.02
2023-09-03 12:00:00,SWM12,5.0,50.985810650000005,0.023
2023-09-03 12:00:00,SWM13,5.1,52.005526863,0.006
2023-09-03 12:00:00,SWM14,5.4,55.06467550200001,0.008
2023-09-03 12:00:00,SWM15,4.9,49.96609443700001,0.0
2023-09-03 12:00:00,SWM2,5.2,53.025243076,0.031
2023-09-03 12:00:00,SWM3,5.2,53.025243076,0.011
2023-09-03 12:00:00,SWM4,5.1,52.005526863,0.015
2023-09-03 12:00:00,SWM6,5.0,50.985810650000005,0.007
2023-09-03 12:00:00,SWM7,5.2,53.025243076,0.086
2023-09-03 12:00:00,SWM8,5.0,50.985810650000005,0.094
2023-09-03 12:00:00,SWM9,4.9,49.96609443700001,0.0
2023-09-03 13:00:00,SWM10,4.3,43.847797159,0.038
2023-09-03 13:00:00,SWM10B,4.2,42.82808094600001,0.02
2023-09-03 13:00:00,SWM10C,4.2,42.82808094600001,0.026
2023-09-03 13:00:00,SWM11,5.4,55.06467550200001,0.012
2023-09-03 13:00:00,SWM12,5.1,52.005526863,0.087
2023-09-03 13:00:00,SWM13,5.2,53.025243076,0.058
2023-09-03 13:00:00,SWM14,5.5,56.084391715,0.014
2023-09-03 13:00:00,SWM15,5.0,50.985810650000005,0.009
2023-09-03 13:00:00,SWM2,5.2,53.025243076,0.028
2023-09-03 13:00:00,SWM3,5.3,54.044959289000005,0.026
2023-09-03 13:00:00,SWM4,5.2,53.025243076,0.005
2023-09-03 13:00:00,SWM6,5.1,52.005526863,0.027
2023-09-03 13:00:00,SWM7,5.3,54.044959289000005,0.118
2023-09-03 13:00:00,SWM8,5.1,52.005526863,0.066
2023-09-03 13:00:00,SWM9,4.7,47.926662011000005,0.0
2023-09-03 14:00:00,SWM10,4.3,43.847797159,0.0
2023-09-03 14:00:00,SWM10B,4.2,42.82808094600001,0.004
2023-09-03 14:00:00,SWM10C,4.2,42.82808094600001,0.037
2023-09-03 14:00:00,SWM11,5.4,55.06467550200001,0.013
2023-09-03 14:00:00,SWM12,5.1,52.005526863,0.064
2023-09-03 14:00:00,SWM13,5.2,53.025243076,0.007
2023-09-03 14:00:00,SWM14,5.5,56.084391715,0.025
2023-09-03 14:00:00,SWM15,5.0,50.985810650000005,0.029
2023-09-03 14:00:00,SWM2,5.3,54.044959289000005,0.066
2023-09-03 14:00:00,SWM3,5.3,54.044959289000005,0.003
2023-09-03 14:00:00,SWM4,5.2,53.025243076,0.14
2023-09-03 14:00:00,SWM6,5.1,52.005526863,0.013
2023-09-03 14:00:00,SWM7,5.3,54.044959289000005,0.02
2023-09-03 14:00:00,SWM8,5.1,52.005526863,0.13
2023-09-03 14:00:00,SWM9,4.5,45.887229585,0.0
2023-09-03 15:00:00,SWM10,4.4,44.867513372000005,0.013
2023-09-03 15:00:00,SWM10B,4.2,42.82808094600001,0.015
2023-09-03 15:00:00,SWM10C,4.3,43.847797159,0.007
2023-09-03 15:00:00,SWM11,5.4,55.06467550200001,0.014
2023-09-03 15:00:00,SWM12,5.1,52.005526863,0.053
2023-09-03 15:00:00,SWM13,5.2,53.025243076,0.009
2023-09-03 15:00:00,SWM14,5.5,56.084391715,0.008
2023-09-03 15:00:00,SWM15,5.0,50.985810650000005,0.011
2023-09-03 15:00:00,SWM2,5.3,54.044959289000005,0.037
2023-09-03 15:00:00,SWM3,5.3,54.044959289000005,0.011
2023-09-03 15:00:00,SWM4,5.2,53.025243076,0.007
2023-09-03 15:00:00,SWM6,5.1,52.005526863,0.045
2023-09-03 15:00:00,SWM7,5.4,55.06467550200001,0.065
2023-09-03 15:00:00,SWM8,5.1,52.005526863,0.071
2023-09-03 15:00:00,SWM9,4.5,45.887229585,0.001
2023-09-03 16:00:00,SWM10,4.5,45.887229585,0.025
2023-09-03 16:00:00,SWM10B,4.3,43.847797159,0.036
2023-09-03 16:00:00,SWM10C,4.4,44.867513372000005,0.011
2023-09-03 16:00:00,SWM11,5.4,55.06467550200001,0.0
2023-09-03 16:00:00,SWM12,5.1,52.005526863,0.086
2023-09-03 16:00:00,SWM13,5.2,53.025243076,0.008
2023-09-03 16:00:00,SWM14,5.5,56.084391715,0.01
2023-09-03 16:00:00,SWM15,5.0,50.985810650000005,0.025
2023-09-03 16:00:00,SWM2,5.2,53.025243076,0.016
2023-09-03 16:00:00,SWM3,5.3,54.044959289000005,0.018
2023-09-03 16:00:00,SWM4,5.2,53.025243076,0.005
2023-09-03 16:00:00,SWM6,5.1,52.005526863,0.035
2023-09-03 16:00:00,SWM7,5.3,54.044959289000005,0.046
2023-09-03 16:00:00,SWM8,5.1,52.005526863,0.069
2023-09-03 16:00:00,SWM9,4.4,44.867513372000005,0.0
2023-09-03 17:00:00,SWM10,4.3,43.847797159,0.016
2023-09-03 17:00:00,SWM10B,4.2,42.82808094600001,0.019
2023-09-03 17:00:00,SWM10C,4.2,42.82808094600001,0.004
2023-09-03 17:00:00,SWM11,5.4,55.06467550200001,0.01
2023-09-03 17:00:00,SWM12,5.3,54.044959289000005,0.0
2023-09-03 17:00:00,SWM13,5.2,53.025243076,0.0
2023-09-03 17:00:00,SWM14,5.5,56.084391715,0.015
2023-09-03 17:00:00,SWM15,5.0,50.985810650000005,0.013
2023-09-03 17:00:00,SWM2,5.3,54.044959289000005,0.011
2023-09-03 17:00:00,SWM3,5.3,54.044959289000005,0.009
2023-09-03 17:00:00,SWM4,5.2,53.025243076,0.0
2023-09-03 17:00:00,SWM6,5.1,52.005526863,0.052
2023-09-03 17:00:00,SWM7,5.4,55.06467550200001,0.041
2023-09-03 17:00:00,SWM8,5.1,52.005526863,0.078
2023-09-03 17:00:00,SWM9,4.4,44.867513372000005,0.0
2023-09-03 18:00:00,SWM10,4.3,43.847797159,0.007
2023-09-03 18:00:00,SWM10B,4.2,42.82808094600001,0.011
2023-09-03 18:00:00,SWM10C,4.3,43.847797159,0.011
2023-09-03 18:00:00,SWM11,5.4,55.06467550200001,0.003
2023-09-03 18:00:00,SWM12,5.15,52.515384969500005,0.008
2023-09-03 18:00:00,SWM13,5.2,53.025243076,0.0
2023-09-03 18:00:00,SWM14,5.6,57.104107928,0.011
2023-09-03 18:00:00,SWM15,5.1,52.005526863,0.005
2023-09-03 18:00:00,SWM2,5.3,54.044959289000005,0.156
2023-09-03 18:00:00,SWM3,5.3,54.044959289000005,0.011
2023-09-03 18:00:00,SWM4,5.2,53.025243076,0.0
2023-09-03 18:00:00,SWM6,5.2,53.025243076,0.036
2023-09-03 18:00:00,SWM7,5.4,55.06467550200001,0.081
2023-09-03 18:00:00,SWM8,5.2,53.025243076,0.081
2023-09-03 18:00:00,SWM9,4.4,44.867513372000005,0.0
2023-09-03 19:00:00,SWM10,4.4,44.867513372000005,0.001
2023-09-03 19:00:00,SWM10B,4.3,43.847797159,0.097
2023-09-03 19:00:00,SWM10C,4.3,43.847797159,0.007
2023-09-03 19:00:00,SWM11,5.4,55.06467550200001,0.036
2023-09-03 19:00:00,SWM12,5.1,52.005526863,0.0
2023-09-03 19:00:00,SWM13,5.2,53.025243076,0.009
2023-09-03 19:00:00,SWM14,5.5,56.084391715,0.01
2023-09-03 19:00:00,SWM15,5.05,51.4956687565,0.03
2023-09-03 19:00:00,SWM2,5.3,54.044959289000005,0.123
2023-09-03 19:00:00,SWM3,5.3,54.044959289000005,0.002
2023-09-03 19:00:00,SWM4,5.2,53.025243076,0.0
2023-09-03 19:00:00,SWM6,5.1,52.005526863,0.018
2023-09-03 19:00:00,SWM7,5.3,54.044959289000005,0.102
2023-09-03 19:00:00,SWM8,5.1,52.005526863,0.032
2023-09-03 19:00:00,SWM9,4.3,43.847797159,0.0
2023-09-03 20:00:00,SWM10,4.4,44.867513372000005,0.017
2023-09-03 20:00:00,SWM10B,4.3,43.847797159,0.016
2023-09-03 20:00:00,SWM10C,4.3,43.847797159,0.016
2023-09-03 20:00:00,SWM11,5.2,53.025243076,0.011
2023-09-03 20:00:00,SWM12,4.9,49.96609443700001,0.0
2023-09-03 20:00:00,SWM13,5.0,50.985810650000005,0.005
2023-09-03 20:00:00,SWM14,5.4,55.06467550200001,0.021
2023-09-03 20:00:00,SWM15,4.9,49.96609443700001,0.014
2023-09-03 20:00:00,SWM2,5.1,52.005526863,0.004
2023-09-03 20:00:00,SWM3,5.1,52.005526863,0.001
2023-09-03 20:00:00,SWM4,5.0,50.985810650000005,0.0
2023-09-03 20:00:00,SWM6,5.0,50.985810650000005,0.03
2023-09-03 20:00:00,SWM7,5.1,52.005526863,0.007
2023-09-03 20:00:00,SWM8,4.9,49.96609443700001,0.071
2023-09-03 20:00:00,SWM9,4.3,43.847797159,0.0
2023-09-03 21:00:00,SWM10,4.4,44.867513372000005,0.01
2023-09-03 21:00:00,SWM10B,4.3,43.847797159,0.008
2023-09-03 21:00:00,SWM10C,4.4,44.867513372000005,0.008
2023-09-03 21:00:00,SWM11,5.3,54.044959289000005,0.009
2023-09-03 21:00:00,SWM12,4.9,49.96609443700001,0.0
2023-09-03 21:00:00,SWM13,5.1,52.005526863,0.052
2023-09-03 21:00:00,SWM14,5.4,55.06467550200001,0.002
2023-09-03 21:00:00,SWM15,4.9,49.96609443700001,0.077
2023-09-03 21:00:00,SWM2,5.15,52.515384969500005,0.039
2023-09-03 21:00:00,SWM3,5.2,53.025243076,0.024
2023-09-03 21:00:00,SWM4,5.1,52.005526863,0.004
2023-09-03 21:00:00,SWM6,5.0,50.985810650000005,0.023
2023-09-03 21:00:00,SWM7,5.2,53.025243076,0.01
2023-09-03 21:00:00,SWM8,5.0,50.985810650000005,0.033
2023-09-03 21:00:00,SWM9,4.4,44.867513372000005,0.0
2023-09-03 22:00:00,SWM10,4.4,44.867513372000005,0.015
2023-09-03 22:00:00,SWM10B,4.2,42.82808094600001,0.004
2023-09-03 22:00:00,SWM10C,4.3,43.847797159,0.004
2023-09-03 22:00:00,SWM11,5.4,55.06467550200001,0.012
2023-09-03 22:00:00,SWM12,5.0,50.985810650000005,0.0
2023-09-03 22:00:00,SWM13,5.2,53.025243076,0.0
2023-09-03 22:00:00,SWM14,5.5,56.084391715,0.0
2023-09-03 22:00:00,SWM15,5.0,50.985810650000005,0.0
2023-09-03 22:00:00,SWM2,5.3,54.044959289000005,0.007
2023-09-03 22:00:00,SWM3,5.3,54.044959289000005,0.0
2023-09-03 22:00:00,SWM4,5.2,53.025243076,0.005
2023-09-03 22:00:00,SWM6,5.1,52.005526863,0.03
2023-09-03 22:00:00,SWM7,5.3,54.044959289000005,0.0
2023-09-03 22:00:00,SWM8,5.2,53.025243076,0.094
2023-09-03 22:00:00,SWM9,4.4,44.867513372000005,0.0
2023-09-03 23:00:00,SWM10,4.3,43.847797159,0.0
2023-09-03 23:00:00,SWM10B,4.1,41.808364733,0.003
2023-09-03 23:00:00,SWM10C,4.2,42.82808094600001,0.003
2023-09-03 23:00:00,SWM11,5.5,56.084391715,0.011
2023-09-03 23:00:00,SWM12,5.1,52.005526863,0.0
2023-09-03 23:00:00,SWM13,5.2,53.025243076,0.0
2023-09-03 23:00:00,SWM14,5.6,57.104107928,0.0
2023-09-03 23:00:00,SWM15,5.1,52.005526863,0.0
2023-09-03 23:00:00,SWM2,5.3,54.044959289000005,0.0
2023-09-03 23:00:00,SWM3,5.4,55.06467550200001,0.0
2023-09-03 23:00:00,SWM4,5.3,54.044959289000005,0.0
2023-09-03 23:00:00,SWM6,5.2,53.025243076,0.055
2023-09-03 23:00:00,SWM7,5.4,55.06467550200001,0.014
2023-09-03 23:00:00,SWM8,5.2,53.025243076,0.033
2023-09-03 23:00:00,SWM9,4.65,47.41680390450001,0.0
2023-09-04 00:00:00,SWM10,4.4,44.867513372000005,0.007
2023-09-04 00:00:00,SWM10B,4.2,42.82808094600001,0.0
2023-09-04 00:00:00,SWM10C,4.25,43.337939052500005,0.0
2023-09-04 00:00:00,SWM11,5.5,56.084391715,0.012
2023-09-04 00:00:00,SWM12,5.1,52.005526863,0.0
2023-09-04 00:00:00,SWM13,5.2,53.025243076,0.0
2023-09-04 00:00:00,SWM14,5.6,57.104107928,0.0
2023-09-04 00:00:00,SWM15,5.1,52.005526863,0.002
2023-09-04 00:00:00,SWM2,5.3,54.044959289000005,0.0
2023-09-04 00:00:00,SWM3,5.4,55.06467550200001,0.0
2023-09-04 00:00:00,SWM4,5.3,54.044959289000005,0.0
2023-09-04 00:00:00,SWM6,5.2,53.025243076,0.013
2023-09-04 00:00:00,SWM7,5.4,55.06467550200001,0.0
2023-09-04 00:00:00,SWM8,5.2,53.025243076,0.0
2023-09-04 00:00:00,SWM9,5.8,59.143540354,0.0
2023-09-04 01:00:00,SWM10,4.3,43.847797159,0.0
2023-09-04 01:00:00,SWM10B,4.2,42.82808094600001,0.004
2023-09-04 01:00:00,SWM10C,4.2,42.82808094600001,0.0
2023-09-04 01:00:00,SWM11,5.5,56.084391715,0.017
2023-09-04 01:00:00,SWM12,5.1,52.005526863,0.0
2023-09-04 01:00:00,SWM13,5.2,53.025243076,0.0
2023-09-04 01:00:00,SWM14,5.6,57.104107928,0.0
2023-09-04 01:00:00,SWM15,5.1,52.005526863,0.0
2023-09-04 01:00:00,SWM2,5.25,53.5351011825,0.0
2023-09-04 01:00:00,SWM3,5.3,54.044959289000005,0.0
2023-09-04 01:00:00,SWM4,5.3,54.044959289000005,0.005
2023-09-04 01:00:00,SWM6,5.2,53.025243076,0.019
2023-09-04 01:00:00,SWM7,5.4,55.06467550200001,0.013
2023-09-04 01:00:00,SWM8,5.2,53.025243076,0.001
2023-09-04 01:00:00,SWM9,5.5,56.084391715,0.0
2023-09-04 02:00:00,SWM10,4.3,43.847797159,0.0
2023-09-04 02:00:00,SWM10B,4.2,42.82808094600001,0.0
2023-09-04 02:00:00,SWM10C,4.2,42.82808094600001,0.0
2023-09-04 02:00:00,SWM11,5.5,56.084391715,0.009
2023-09-04 02:00:00,SWM12,5.1,52.005526863,0.0
2023-09-04 02:00:00,SWM13,5.3,54.044959289000005,0.009
2023-09-04 02:00:00,SWM14,5.5,56.084391715,0.0
2023-09-04 02:00:00,SWM15,5.0,50.985810650000005,0.0
2023-09-04 02:00:00,SWM2,5.2,53.025243076,0.0
2023-09-04 02:00:00,SWM3,5.3,54.044959289000005,0.0
2023-09-04 02:00:00,SWM4,5.3,54.044959289000005,0.0
2023-09-04 02:00:00,SWM6,5.2,53.025243076,0.013
2023-09-04 02:00:00,SWM7,5.4,55.06467550200001,0.0
2023-09-04 02:00:00,SWM8,5.2,53.025243076,0.008
2023-09-04 02:00:00,SWM9,5.2,53.025243076,0.0
2023-09-04 03:00:00,SWM10,4.3,43.847797159,0.0
2023-09-04 03:00:00,SWM10B,4.25,43.337939052500005,0.005
2023-09-04 03:00:00,SWM10C,4.3,43.847797159,0.007
2023-09-04 03:00:00,SWM11,5.4,55.06467550200001,0.009
2023-09-04 03:00:00,SWM12,5.0,50.985810650000005,0.0
2023-09-04 03:00:00,SWM13,5.2,53.025243076,0.0
2023-09-04 03:00:00,SWM14,5.5,56.084391715,0.0
2023-09-04 03:00:00,SWM15,5.0,50.985810650000005,0.0
2023-09-04 03:00:00,SWM2,5.2,53.025243076,0.0
2023-09-04 03:00:00,SWM3,5.3,54.044959289000005,0.0
2023-09-04 03:00:00,SWM4,5.2,53.025243076,0.0
2023-09-04 03:00:00,SWM6,5.1,52.005526863,0.0
2023-09-04 03:00:00,SWM7,5.3,54.044959289000005,0.073
2023-09-04 03:00:00,SWM8,5.1,52.005526863,0.0
2023-09-04 03:00:00,SWM9,5.0,50.985810650000005,0.0
2023-09-04 04:00:00,SWM10,4.4,44.867513372000005,0.0
2023-09-04 04:00:00,SWM10B,4.3,43.847797159,0.001
2023-09-04 04:00:00,SWM10C,4.3,43.847797159,0.004
2023-09-04 04:00:00,SWM11,5.4,55.06467550200001,0.012
2023-09-04 04:00:00,SWM12,5.0,50.985810650000005,0.004
2023-09-04 04:00:00,SWM13,5.2,53.025243076,0.091
2023-09-04 04:00:00,SWM14,5.5,56.084391715,0.001
2023-09-04 04:00:00,SWM15,5.0,50.985810650000005,0.007
2023-09-04 04:00:00,SWM2,5.2,53.025243076,0.0
2023-09-04 04:00:00,SWM3,5.3,54.044959289000005,0.0
2023-09-04 04:00:00,SWM4,5.2,53.025243076,0.0
2023-09-04 04:00:00,SWM6,5.1,52.005526863,0.0
2023-09-04 04:00:00,SWM7,5.3,54.044959289000005,0.093
2023-09-04 04:00:00,SWM8,5.1,52.005526863,0.008
2023-09-04 04:00:00,SWM9,4.8,48.946378224,0.0
2023-09-04 05:00:00,SWM10,4.2,42.82808094600001,0.0
2023-09-04 05:00:00,SWM10B,4.2,42.82808094600001,0.021
2023-09-04 05:00:00,SWM10C,4.2,42.82808094600001,0.002
2023-09-04 05:00:00,SWM11,5.2,53.025243076,0.06
2023-09-04 05:00:00,SWM12,4.85,49.4562363305,0.006
2023-09-04 05:00:00,SWM13,5.0,50.985810650000005,0.0
2023-09-04 05:00:00,SWM14,5.3,54.044959289000005,0.025
2023-09-04 05:00:00,SWM15,4.8,48.946378224,0.008
2023-09-04 05:00:00,SWM2,5.1,52.005526863,0.033
2023-09-04 05:00:00,SWM3,5.1,52.005526863,0.034
2023-09-04 05:00:00,SWM4,5.0,50.985810650000005,0.004
2023-09-04 05:00:00,SWM6,4.9,49.96609443700001,0.014
2023-09-04 05:00:00,SWM7,5.1,52.005526863,0.028
2023-09-04 05:00:00,SWM8,4.9,49.96609443700001,0.0
2023-09-04 05:00:00,SWM9,4.55,46.3970876915,0.004
2023-09-04 06:00:00,SWM10,4.8,48.946378224,0.066
2023-09-04 06:00:00,SWM10B,4.7,47.926662011000005,0.0
2023-09-04 06:00:00,SWM10C,4.7,47.926662011000005,0.0
2023-09-04 06:00:00,SWM11,5.3,54.044959289000005,0.026
2023-09-04 06:00:00,SWM12,4.9,49.96609443700001,0.0
2023-09-04 06:00:00,SWM13,5.1,52.005526863,0.031
2023-09-04 06:00:00,SWM14,5.4,55.06467550200001,0.003
2023-09-04 06:00:00,SWM15,4.9,49.96609443700001,0.01
2023-09-04 06:00:00,SWM2,5.1,52.005526863,0.025
2023-09-04 06:00:00,SWM3,5.2,53.025243076,0.026
2023-09-04 06:00:00,SWM4,5.1,52.005526863,0.0
2023-09-04 06:00:00,SWM6,5.0,50.985810650000005,0.021
2023-09-04 06:00:00,SWM7,5.2,53.025243076,0.0
2023-09-04 06:00:00,SWM8,5.0,50.985810650000005,0.124
2023-09-04 06:00:00,SWM9,4.5,45.887229585,0.024
2023-09-04 07:00:00,SWM10,4.3,43.847797159,0.0
2023-09-04 07:00:00,SWM10B,4.2,42.82808094600001,0.002
2023-09-04 07:00:00,SWM10C,4.2,42.82808094600001,0.012
2023-09-04 07:00:00,SWM11,5.3,54.044959289000005,0.013
2023-09-04 07:00:00,SWM12,4.95,50.47595254350001,0.008
2023-09-04 07:00:00,SWM13,5.1,52.005526863,0.002
2023-09-04 07:00:00,SWM14,5.4,55.06467550200001,0.0
2023-09-04 07:00:00,SWM15,4.9,49.96609443700001,0.027
2023-09-04 07:00:00,SWM2,5.2,53.025243076,0.02
2023-09-04 07:00:00,SWM3,5.2,53.025243076,0.0
2023-09-04 07:00:00,SWM4,5.1,52.005526863,0.01
2023-09-04 07:00:00,SWM6,5.0,50.985810650000005,0.004
2023-09-04 07:00:00,SWM7,5.2,53.025243076,0.0
2023-09-04 07:00:00,SWM8,5.0,50.985810650000005,0.003
2023-09-04 07:00:00,SWM9,4.5,45.887229585,0.011
2023-09-04 08:00:00,SWM10,4.3,43.847797159,0.007
2023-09-04 08:00:00,SWM10B,4.2,42.82808094600001,0.007
2023-09-04 08:00:00,SWM10C,4.2,42.82808094600001,0.008
2023-09-04 08:00:00,SWM11,5.3,54.044959289000005,0.012
2023-09-04 08:00:00,SWM12,5.0,50.985810650000005,0.098
2023-09-04 08:00:00,SWM13,5.1,52.005526863,0.0
2023-09-04 08:00:00,SWM14,5.4,55.06467550200001,0.0
2023-09-04 08:00:00,SWM15,4.9,49.96609443700001,0.005
2023-09-04 08:00:00,SWM2,5.1,52.005526863,0.001
2023-09-04 08:00:00,SWM3,5.2,53.025243076,0.0
2023-09-04 08:00:00,SWM4,5.1,52.005526863,0.003
2023-09-04 08:00:00,SWM6,5.0,50.985810650000005,0.0
2023-09-04 08:00:00,SWM7,5.2,53.025243076,0.0
2023-09-04 08:00:00,SWM8,5.0,50.985810650000005,0.007
2023-09-04 08:00:00,SWM9,4.5,45.887229585,0.015
2023-09-04 09:00:00,SWM10,4.3,43.847797159,0.0
2023-09-04 09:00:00,SWM10B,4.2,42.82808094600001,0.0
2023-09-04 09:00:00,SWM10C,4.2,42.82808094600001,0.03
2023-09-04 09:00:00,SWM11,5.5,56.084391715,0.012
2023-09-04 09:00:00,SWM12,5.2,53.025243076,0.027
2023-09-04 09:00:00,SWM13,5.2,53.025243076,0.008
2023-09-04 09:00:00,SWM14,5.6,57.104107928,0.016
2023-09-04 09:00:00,SWM15,5.0,50.985810650000005,0.0
2023-09-04 09:00:00,SWM2,5.2,53.025243076,0.0
2023-09-04 09:00:00,SWM3,5.3,54.044959289000005,0.0
2023-09-04 09:00:00,SWM4,5.3,54.044959289000005,0.011
2023-09-04 09:00:00,SWM6,5.2,53.025243076,0.028
2023-09-04 09:00:00,SWM7,5.4,55.06467550200001,0.0
2023-09-04 09:00:00,SWM8,5.1,52.005526863,0.001
2023-09-04 09:00:00,SWM9,4.6,46.906945798,0.02
2023-09-04 10:00:00,SWM10,4.3,43.847797159,0.0
2023-09-04 10:00:00,SWM10B,4.2,42.82808094600001,0.003
2023-09-04 10:00:00,SWM10C,4.2,42.82808094600001,0.0
2023-09-04 10:00:00,SWM11,5.5,56.084391715,0.014
2023-09-04 10:00:00,SWM12,5.2,53.025243076,0.026
2023-09-04 10:00:00,SWM13,5.3,54.044959289000005,0.0
2023-09-04 10:00:00,SWM14,5.6,57.104107928,0.0
2023-09-04 10:00:00,SWM15,5.1,52.005526863,0.0
2023-09-04 10:00:00,SWM2,5.3,54.044959289000005,0.0
2023-09-04 10:00:00,SWM3,5.3,54.044959289000005,0.0
2023-09-04 10:00:00,SWM4,5.3,54.044959289000005,0.0
2023-09-04 10:00:00,SWM6,5.2,53.025243076,0.066
2023-09-04 10:00:00,SWM7,5.4,55.06467550200001,0.0
2023-09-04 10:00:00,SWM8,5.2,53.025243076,0.0
2023-09-04 10:00:00,SWM9,4.6,46.906945798,0.032
2023-09-04 11:00:00,SWM10,4.4,44.867513372000005,0.013
2023-09-04 11:00:00,SWM10B,4.2,42.82808094600001,0.012
2023-09-04 11:00:00,SWM10C,4.3,43.847797159,0.012
2023-09-04 11:00:00,SWM11,5.4,55.06467550200001,0.02
2023-09-04 11:00:00,SWM12,5.05,51.4956687565,0.029
2023-09-04 11:00:00,SWM13,5.1,52.005526863,0.0
2023-09-04 11:00:00,SWM14,5.45,55.574533608500005,0.0
2023-09-04 11:00:00,SWM15,5.0,50.985810650000005,0.026
2023-09-04 11:00:00,SWM2,5.2,53.025243076,0.009
2023-09-04 11:00:00,SWM3,5.2,53.025243076,0.0
2023-09-04 11:00:00,SWM4,5.1,52.005526863,0.0
2023-09-04 11:00:00,SWM6,5.1,52.005526863,0.005
2023-09-04 11:00:00,SWM7,5.2,53.025243076,0.008
2023-09-04 11:00:00,SWM8,5.1,52.005526863,0.012
2023-09-04 11:00:00,SWM9,4.6,46.906945798,0.024
2023-09-04 12:00:00,SWM10,4.4,44.867513372000005,0.067
2023-09-04 12:00:00,SWM10B,4.3,43.847797159,0.005
2023-09-04 12:00:00,SWM10C,4.3,43.847797159,0.019
2023-09-04 12:00:00,SWM11,5.4,55.06467550200001,0.012
2023-09-04 12:00:00,SWM12,5.1,52.005526863,0.091
2023-09-04 12:00:00,SWM13,5.1,52.005526863,0.0
2023-09-04 12:00:00,SWM14,5.5,56.084391715,0.001
2023-09-04 12:00:00,SWM15,5.0,50.985810650000005,0.012
2023-09-04 12:00:00,SWM2,5.2,53.025243076,0.0
2023-09-04 12:00:00,SWM3,5.2,53.025243076,0.0
2023-09-04 12:00:00,SWM4,5.2,53.025243076,0.008
2023-09-04 12:00:00,SWM6,5.1,52.005526863,0.173
2023-09-04 12:00:00,SWM7,5.3,54.044959289000005,0.0
2023-09-04 12:00:00,SWM8,5.1,52.005526863,0.019
2023-09-04 12:00:00,SWM9,4.5,45.887229585,0.01
2023-09-04 13:00:00,SWM10,4.3,43.847797159,0.024
2023-09-04 13:00:00,SWM10B,4.2,42.82808094600001,0.016
2023-09-04 13:00:00,SWM10C,4.2,42.82808094600001,0.0
2023-09-04 13:00:00,SWM11,5.5,56.084391715,0.011
2023-09-04 13:00:00,SWM12,5.2,53.025243076,0.044
2023-09-04 13:00:00,SWM13,5.3,54.044959289000005,0.059
2023-09-04 13:00:00,SWM14,5.6,57.104107928,0.0
2023-09-04 13:00:00,SWM15,5.1,52.005526863,0.027
2023-09-04 13:00:00,SWM2,5.3,54.044959289000005,0.0
2023-09-04 13:00:00,SWM3,5.3,54.044959289000005,0.0
2023-09-04 13:00:00,SWM4,5.3,54.044959289000005,0.021
2023-09-04 13:00:00,SWM6,5.2,53.025243076,0.007
2023-09-04 13:00:00,SWM7,5.4,55.06467550200001,0.0
2023-09-04 13:00:00,SWM8,5.2,53.025243076,0.0
2023-09-04 13:00:00,SWM9,4.5,45.887229585,0.007
2023-09-04 14:00:00,SWM10,4.4,44.867513372000005,0.054
2023-09-04 14:00:00,SWM10B,4.2,42.82808094600001,0.015
2023-09-04 14:00:00,SWM10C,4.3,43.847797159,0.01
2023-09-04 14:00:00,SWM11,5.5,56.084391715,0.016
2023-09-04 14:00:00,SWM12,5.2,53.025243076,0.068
2023-09-04 14:00:00,SWM13,5.3,54.044959289000005,0.023
2023-09-04 14:00:00,SWM14,5.6,57.104107928,0.065
2023-09-04 14:00:00,SWM15,5.1,52.005526863,0.005
2023-09-04 14:00:00,SWM2,5.3,54.044959289000005,0.012
2023-09-04 14:00:00,SWM3,5.3,54.044959289000005,0.003
2023-09-04 14:00:00,SWM4,5.3,54.044959289000005,0.0
2023-09-04 14:00:00,SWM6,5.2,53.025243076,0.018
2023-09-04 14:00:00,SWM7,5.4,55.06467550200001,0.026
2023-09-04 14:00:00,SWM8,5.1,52.005526863,0.011
2023-09-04 14:00:00,SWM9,4.5,45.887229585,0.028
2023-09-04 15:00:00,SWM10,4.4,44.867513372000005,0.035
2023-09-04 15:00:00,SWM10B,4.2,42.82808094600001,0.008
2023-09-04 15:00:00,SWM10C,4.3,43.847797159,0.039
2023-09-04 15:00:00,SWM11,5.4,55.06467550200001,0.009
2023-09-04 15:00:00,SWM12,5.1,52.005526863,0.173
2023-09-04 15:00:00,SWM13,5.2,53.025243076,0.007
2023-09-04 15:00:00,SWM14,5.6,57.104107928,0.011
2023-09-04 15:00:00,SWM15,5.1,52.005526863,0.006
2023-09-04 15:00:00,SWM2,5.3,54.044959289000005,0.019
2023-09-04 15:00:00,SWM3,5.3,54.044959289000005,0.022
2023-09-04 15:00:00,SWM4,5.2,53.025243076,0.004
2023-09-04 15:00:00,SWM6,5.1,52.005526863,0.052
2023-09-04 15:00:00,SWM7,5.35,54.5548173955,0.142
2023-09-04 15:00:00,SWM8,5.2,53.025243076,0.1
2023-09-04 15:00:00,SWM9,4.5,45.887229585,0.007
2023-09-04 16:00:00,SWM10,4.3,43.847797159,0.0
2023-09-04 16:00:00,SWM10B,4.1,41.808364733,0.0
2023-09-04 16:00:00,SWM10C,4.2,42.82808094600001,0.021
2023-09-04 16:00:00,SWM11,5.4,55.06467550200001,0.003
2023-09-04 16:00:00,SWM12,5.1,52.005526863,0.186
2023-09-04 16:00:00,SWM13,5.1,52.005526863,0.0
2023-09-04 16:00:00,SWM14,5.5,56.084391715,0.022
2023-09-04 16:00:00,SWM15,5.0,50.985810650000005,0.01
2023-09-04 16:00:00,SWM2,5.2,53.025243076,0.038
2023-09-04 16:00:00,SWM3,5.2,53.025243076,0.011
2023-09-04 16:00:00,SWM4,5.2,53.025243076,0.005
2023-09-04 16:00:00,SWM6,5.1,52.005526863,0.114
2023-09-04 16:00:00,SWM7,5.3,54.044959289000005,0.202
2023-09-04 16:00:00,SWM8,5.0,50.985810650000005,0.04
2023-09-04 16:00:00,SWM9,4.5,45.887229585,0.005
2023-09-04 17:00:00,SWM10,4.3,43.847797159,0.001
2023-09-04 17:00:00,SWM10B,4.2,42.82808094600001,0.013
2023-09-04 17:00:00,SWM10C,4.2,42.82808094600001,0.022
2023-09-04 17:00:00,SWM11,5.4,55.06467550200001,0.005
2023-09-04 17:00:00,SWM12,5.1,52.005526863,0.105
2023-09-04 17:00:00,SWM13,5.2,53.025243076,0.018
2023-09-04 17:00:00,SWM14,5.5,56.084391715,0.034
2023-09-04 17:00:00,SWM15,5.0,50.985810650000005,0.014
2023-09-04 17:00:00,SWM2,5.3,54.044959289000005,0.155
2023-09-04 17:00:00,SWM3,5.25,53.5351011825,0.012
2023-09-04 17:00:00,SWM4,5.2,53.025243076,0.011
2023-09-04 17:00:00,SWM6,5.1,52.005526863,0.01
2023-09-04 17:00:00,SWM7,5.3,54.044959289000005,0.166
2023-09-04 17:00:00,SWM8,5.1,52.005526863,0.049
2023-09-04 17:00:00,SWM9,4.5,45.887229585,0.0
2023-09-04 18:00:00,SWM10,4.3,43.847797159,0.007
2023-09-04 18:00:00,SWM10B,4.2,42.82808094600001,0.001
2023-09-04 18:00:00,SWM10C,4.2,42.82808094600001,0.003
2023-09-04 18:00:00,SWM11,5.4,55.06467550200001,0.012
2023-09-04 18:00:00,SWM12,5.1,52.005526863,0.038
2023-09-04 18:00:00,SWM13,5.2,53.025243076,0.0
2023-09-04 18:00:00,SWM14,5.5,56.084391715,0.008
2023-09-04 18:00:00,SWM15,5.0,50.985810650000005,0.0
2023-09-04 18:00:00,SWM2,5.2,53.025243076,0.133
2023-09-04 18:00:00,SWM3,5.3,54.044959289000005,0.001
2023-09-04 18:00:00,SWM4,5.2,53.025243076,0.008
2023-09-04 18:00:00,SWM6,5.1,52.005526863,0.011
2023-09-04 18:00:00,SWM7,5.3,54.044959289000005,0.135
2023-09-04 18:00:00,SWM8,5.1,52.005526863,0.101
2023-09-04 18:00:00,SWM9,4.4,44.867513372000005,0.0
2023-09-04 19:00:00,SWM10,4.3,43.847797159,0.0
2023-09-04 19:00:00,SWM10B,4.25,43.337939052500005,0.031
2023-09-04 19:00:00,SWM10C,4.2,42.82808094600001,0.009
2023-09-04 19:00:00,SWM11,5.4,55.06467550200001,0.015
2023-09-04 19:00:00,SWM12,5.1,52.005526863,0.011
2023-09-04 19:00:00,SWM13,5.2,53.025243076,0.017
2023-09-04 19:00:00,SWM14,5.5,56.084391715,0.002
2023-09-04 19:00:00,SWM15,5.0,50.985810650000005,0.022
2023-09-04 19:00:00,SWM2,5.25,53.5351011825,0.014
2023-09-04 19:00:00,SWM3,5.3,54.044959289000005,0.012
2023-09-04 19:00:00,SWM4,5.2,53.025243076,0.004
2023-09-04 19:00:00,SWM6,5.1,52.005526863,0.015
2023-09-04 19:00:00,SWM7,5.3,54.044959289000005,0.016
2023-09-04 19:00:00,SWM8,5.1,52.005526863,0.038
2023-09-04 19:00:00,SWM9,4.4,44.867513372000005,0.0
2023-09-04 20:00:00,SWM10,4.8,48.946378224,0.012
2023-09-04 20:00:00,SWM10B,4.7,47.926662011000005,0.001
2023-09-04 20:00:00,SWM10C,4.7,47.926662011000005,0.0
2023-09-04 20:00:00,SWM11,5.2,53.025243076,0.002
2023-09-04 20:00:00,SWM12,4.9,49.96609443700001,0.012
2023-09-04 20:00:00,SWM13,5.0,50.985810650000005,0.068
2023-09-04 20:00:00,SWM14,5.3,54.044959289000005,0.003
2023-09-04 20:00:00,SWM15,4.85,49.4562363305,0.013
2023-09-04 20:00:00,SWM2,5.1,52.005526863,0.014
2023-09-04 20:00:00,SWM3,5.1,52.005526863,0.028
2023-09-04 20:00:00,SWM4,5.0,50.985810650000005,0.011
2023-09-04 20:00:00,SWM6,4.9,49.96609443700001,0.044
2023-09-04 20:00:00,SWM7,5.1,52.005526863,0.01
2023-09-04 20:00:00,SWM8,4.9,49.96609443700001,0.025
2023-09-04 20:00:00,SWM9,4.55,46.3970876915,0.0
2023-09-04 21:00:00,SWM10,4.3,43.847797159,0.002
2023-09-04 21:00:00,SWM10B,4.2,42.82808094600001,0.009
2023-09-04 21:00:00,SWM10C,4.2,42.82808094600001,0.005
2023-09-04 21:00:00,SWM11,5.3,54.044959289000005,0.005
2023-09-04 21:00:00,SWM12,5.0,50.985810650000005,0.011
2023-09-04 21:00:00,SWM13,5.1,52.005526863,0.021
2023-09-04 21:00:00,SWM14,5.4,55.06467550200001,0.0
2023-09-04 21:00:00,SWM15,4.9,49.96609443700001,0.019
2023-09-04 21:00:00,SWM2,5.1,52.005526863,0.009
2023-09-04 21:00:00,SWM3,5.2,53.025243076,0.018
2023-09-04 21:00:00,SWM4,5.1,52.005526863,0.014
2023-09-04 21:00:00,SWM6,5.0,50.985810650000005,0.031
2023-09-04 21:00:00,SWM7,5.2,53.025243076,0.0
2023-09-04 21:00:00,SWM8,5.0,50.985810650000005,0.034
2023-09-04 21:00:00,SWM9,5.9,60.163256567000005,0.0
2023-09-04 22:00:00,SWM10,4.5,45.887229585,0.067
2023-09-04 22:00:00,SWM10B,4.3,43.847797159,0.0
2023-09-04 22:00:00,SWM10C,4.4,44.867513372000005,0.002
2023-09-04 22:00:00,SWM11,5.4,55.06467550200001,0.012
2023-09-04 22:00:00,SWM12,5.1,52.005526863,0.0
2023-09-04 22:00:00,SWM13,5.2,53.025243076,0.0
2023-09-04 22:00:00,SWM14,5.5,56.084391715,0.0
2023-09-04 22:00:00,SWM15,5.1,52.005526863,0.015
2023-09-04 22:00:00,SWM2,5.3,54.044959289000005,0.007
2023-09-04 22:00:00,SWM3,5.3,54.044959289000005,0.008
2023-09-04 22:00:00,SWM4,5.2,53.025243076,0.0
2023-09-04 22:00:00,SWM6,5.1,52.005526863,0.042
2023-09-04 22:00:00,SWM7,5.3,54.044959289000005,0.0
2023-09-04 22:00:00,SWM8,5.1,52.005526863,0.01
2023-09-04 22:00:00,SWM9,5.5,56.084391715,0.0
2023-09-04 23:00:00,SWM10,4.2,42.82808094600001,0.002
2023-09-04 23:00:00,SWM10B,4.1,41.808364733,0.003
2023-09-04 23:00:00,SWM10C,4.1,41.808364733,0.0
2023-09-04 23:00:00,SWM11,5.5,56.084391715,0.011
2023-09-04 23:00:00,SWM12,5.1,52.005526863,0.0
2023-09-04 23:00:00,SWM13,5.2,53.025243076,0.0
2023-09-04 23:00:00,SWM14,5.5,56.084391715,0.0
2023-09-04 23:00:00,SWM15,5.1,52.005526863,0.009
2023-09-04 23:00:00,SWM2,5.3,54.044959289000005,0.0
2023-09-04 23:00:00,SWM3,5.4,55.06467550200001,0.0
2023-09-04 23:00:00,SWM4,5.3,54.044959289000005,0.005
2023-09-04 23:00:00,SWM6,5.2,53.025243076,0.008
2023-09-04 23:00:00,SWM7,5.4,55.06467550200001,0.0
2023-09-04 23:00:00,SWM8,5.2,53.025243076,0.024
2023-09-04 23:00:00,SWM9,5.2,53.025243076,0.0
2023-09-05 00:00:00,SWM10,4.2,42.82808094600001,0.007
2023-09-05 00:00:00,SWM10B,4.1,41.808364733,0.0
2023-09-05 00:00:00,SWM10C,4.1,41.808364733,0.0
2023-09-05 00:00:00,SWM11,5.5,56.084391715,0.01
2023-09-05 00:00:00,SWM12,5.1,52.005526863,0.0
2023-09-05 00:00:00,SWM13,5.2,53.025243076,0.0
2023-09-05 00:00:00,SWM14,5.5,56.084391715,0.0
2023-09-05 00:00:00,SWM15,5.1,52.005526863,0.023
2023-09-05 00:00:00,SWM2,5.3,54.044959289000005,0.008
2023-09-05 00:00:00,SWM3,5.3,54.044959289000005,0.0
2023-09-05 00:00:00,SWM4,5.3,54.044959289000005,0.006
2023-09-05 00:00:00,SWM6,5.15,52.515384969500005,0.012
2023-09-05 00:00:00,SWM7,5.3,54.044959289000005,0.003
2023-09-05 00:00:00,SWM8,5.2,53.025243076,0.011
2023-09-05 00:00:00,SWM9,5.0,50.985810650000005,0.0
2023-09-05 01:00:00,SWM10,4.4,44.867513372000005,0.0
2023-09-05 01:00:00,SWM10B,4.2,42.82808094600001,0.004
2023-09-05 01:00:00,SWM10C,4.2,42.82808094600001,0.0
2023-09-05 01:00:00,SWM11,5.5,56.084391715,0.023
2023-09-05 01:00:00,SWM12,5.1,52.005526863,0.0
2023-09-05 01:00:00,SWM13,5.2,53.025243076,0.0
2023-09-05 01:00:00,SWM14,5.5,56.084391715,0.0
2023-09-05 01:00:00,SWM15,5.0,50.985810650000005,0.0
2023-09-05 01:00:00,SWM2,5.3,54.044959289000005,0.005
2023-09-05 01:00:00,SWM3,5.3,54.044959289000005,0.0
2023-09-05 01:00:00,SWM4,5.3,54.044959289000005,0.0
2023-09-05 01:00:00,SWM6,5.2,53.025243076,0.024
2023-09-05 01:00:00,SWM7,5.3,54.044959289000005,0.004
2023-09-05 01:00:00,SWM8,5.1,52.005526863,0.0
2023-09-05 01:00:00,SWM9,4.6,46.906945798,0.0
2023-09-05 02:00:00,SWM10,4.2,42.82808094600001,0.0
2023-09-05 02:00:00,SWM10B,4.1,41.808364733,0.0
2023-09-05 02:00:00,SWM10C,4.1,41.808364733,0.0
2023-09-05 02:00:00,SWM11,5.4,55.06467550200001,0.011
2023-09-05 02:00:00,SWM12,5.1,52.005526863,0.0
2023-09-05 02:00:00,SWM13,5.2,53.025243076,0.0
2023-09-05 02:00:00,SWM14,5.5,56.084391715,0.0
2023-09-05 02:00:00,SWM15,5.0,50.985810650000005,0.0
2023-09-05 02:00:00,SWM2,5.3,54.044959289000005,0.0
2023-09-05 02:00:00,SWM3,5.3,54.044959289000005,0.0
2023-09-05 02:00:00,SWM4,5.2,53.025243076,0.0
2023-09-05 02:00:00,SWM6,5.1,52.005526863,0.0
2023-09-05 02:00:00,SWM7,5.4,55.06467550200001,0.007
2023-09-05 02:00:00,SWM8,5.1,52.005526863,0.0
2023-09-05 02:00:00,SWM9,4.45,45.3773714785,0.0
2023-09-05 03:00:00,SWM10,4.3,43.847797159,0.0
2023-09-05 03:00:00,SWM10B,4.2,42.82808094600001,0.002
2023-09-05 03:00:00,SWM10C,4.2,42.82808094600001,0.003
2023-09-05 03:00:00,SWM11,5.4,55.06467550200001,0.004
2023-09-05 03:00:00,SWM12,5.1,52.005526863,0.02
2023-09-05 03:00:00,SWM13,5.1,52.005526863,0.0
2023-09-05 03:00:00,SWM14,5.5,56.084391715,0.0
2023-09-05 03:00:00,SWM15,5.0,50.985810650000005,0.004
2023-09-05 03:00:00,SWM2,5.2,53.025243076,0.0
2023-09-05 03:00:00,SWM3,5.2,53.025243076,0.0
2023-09-05 03:00:00,SWM4,5.2,53.025243076,0.0
2023-09-05 03:00:00,SWM6,5.1,52.005526863,0.0
2023-09-05 03:00:00,SWM7,5.3,54.044959289000005,0.044
2023-09-05 03:00:00,SWM8,5.1,52.005526863,0.007
2023-09-05 03:00:00,SWM9,4.95,50.47595254350001,0.0
2023-09-05 04:00:00,SWM10,4.4,44.867513372000005,0.0
2023-09-05 04:00:00,SWM10B,4.3,43.847797159,0.0
2023-09-05 04:00:00,SWM10C,4.3,43.847797159,0.002
2023-09-05 04:00:00,SWM11,5.4,55.06467550200001,0.006
2023-09-05 04:00:00,SWM12,5.1,52.005526863,0.0
2023-09-05 04:00:00,SWM13,5.2,53.025243076,0.088
2023-09-05 04:00:00,SWM14,5.5,56.084391715,0.0
2023-09-05 04:00:00,SWM15,5.0,50.985810650000005,0.007
2023-09-05 04:00:00,SWM2,5.2,53.025243076,0.0
2023-09-05 04:00:00,SWM3,5.2,53.025243076,0.0
2023-09-05 04:00:00,SWM4,5.2,53.025243076,0.0
2023-09-05 04:00:00,SWM6,5.1,52.005526863,0.01
2023-09-05 04:00:00,SWM7,5.3,54.044959289000005,0.119
2023-09-05 04:00:00,SWM8,5.1,52.005526863,0.001
2023-09-05 04:00:00,SWM9,5.85,59.6533984605,0.0
2023-09-05 05:00:00,SWM10,4.3,43.847797159,0.008
2023-09-05 05:00:00,SWM10B,4.2,42.82808094600001,0.001
2023-09-05 05:00:00,SWM10C,4.3,43.847797159,0.06
2023-09-05 05:00:00,SWM11,5.2,53.025243076,0.008
2023-09-05 05:00:00,SWM12,4.8,48.946378224,0.0
2023-09-05 05:00:00,SWM13,4.9,49.96609443700001,0.003
2023-09-05 05:00:00,SWM14,5.3,54.044959289000005,0.033
2023-09-05 05:00:00,SWM15,4.8,48.946378224,0.007
2023-09-05 05:00:00,SWM2,5.0,50.985810650000005,0.008
2023-09-05 05:00:00,SWM3,5.1,52.005526863,0.01
2023-09-05 05:00:00,SWM4,5.0,50.985810650000005,0.0
2023-09-05 05:00:00,SWM6,4.9,49.96609443700001,0.03
2023-09-05 05:00:00,SWM7,5.1,52.005526863,0.023
2023-09-05 05:00:00,SWM8,4.9,49.96609443700001,0.015
2023-09-05 05:00:00,SWM9,5.55,56.5942498215,0.0
2023-09-05 06:00:00,SWM10,4.4,44.867513372000005,0.007
2023-09-05 06:00:00,SWM10B,4.2,42.82808094600001,0.029
2023-09-05 06:00:00,SWM10C,4.3,43.847797159,0.0
2023-09-05 06:00:00,SWM11,5.3,54.044959289000005,0.02
2023-09-05 06:00:00,SWM12,4.95,50.47595254350001,0.0
2023-09-05 06:00:00,SWM13,5.1,52.005526863,0.02
2023-09-05 06:00:00,SWM14,5.4,55.06467550200001,0.015
2023-09-05 06:00:00,SWM15,4.9,49.96609443700001,0.0
2023-09-05 06:00:00,SWM2,5.2,53.025243076,0.093
2023-09-05 06:00:00,SWM3,5.2,53.025243076,0.041
2023-09-05 06:00:00,SWM4,5.1,52.005526863,0.004
2023-09-05 06:00:00,SWM6,5.0,50.985810650000005,0.021
2023-09-05 06:00:00,SWM7,5.2,53.025243076,0.0
2023-09-05 06:00:00,SWM8,5.0,50.985810650000005,0.084
2023-09-05 06:00:00,SWM9,4.6,46.906945798,0.039
2023-09-05 07:00:00,SWM10,4.4,44.867513372000005,0.006
2023-09-05 07:00:00,SWM10B,4.3,43.847797159,0.008
2023-09-05 07:00:00,SWM10C,4.3,43.847797159,0.047
2023-09-05 07:00:00,SWM11,5.3,54.044959289000005,0.012
2023-09-05 07:00:00,SWM12,5.05,51.4956687565,0.065
2023-09-05 07:00:00,SWM13,5.15,52.515384969500005,0.01
2023-09-05 07:00:00,SWM14,5.4,55.06467550200001,0.0
2023-09-05 07:00:00,SWM15,4.9,49.96609443700001,0.0
2023-09-05 07:00:00,SWM2,5.2,53.025243076,0.005
2023-09-05 07:00:00,SWM3,5.2,53.025243076,0.0
2023-09-05 07:00:00,SWM4,5.1,52.005526863,0.0
2023-09-05 07:00:00,SWM6,5.0,50.985810650000005,0.002
2023-09-05 07:00:00,SWM7,5.2,53.025243076,0.0
2023-09-05 07:00:00,SWM8,5.0,50.985810650000005,0.021
2023-09-05 07:00:00,SWM9,4.5,45.887229585,0.008
2023-09-05 08:00:00,SWM10,4.3,43.847797159,0.013
2023-09-05 08:00:00,SWM10B,4.2,42.82808094600001,0.033
2023-09-05 08:00:00,SWM10C,4.2,42.82808094600001,0.011
2023-09-05 08:00:00,SWM11,5.3,54.044959289000005,0.019
2023-09-05 08:00:00,SWM12,5.0,50.985810650000005,0.069
2023-09-05 08:00:00,SWM13,5.1,52.005526863,0.017
2023-09-05 08:00:00,SWM14,5.4,55.06467550200001,0.0
2023-09-05 08:00:00,SWM15,4.9,49.96609443700001,0.0
2023-09-05 08:00:00,SWM2,5.1,52.005526863,0.002
2023-09-05 08:00:00,SWM3,5.2,53.025243076,0.0
2023-09-05 08:00:00,SWM4,5.1,52.005526863,0.058
2023-09-05 08:00:00,SWM6,5.0,50.985810650000005,0.019
2023-09-05 08:00:00,SWM7,5.2,53.025243076,0.0
2023-09-05 08:00:00,SWM8,5.0,50.985810650000005,0.042
2023-09-05 08:00:00,SWM9,4.5,45.887229585,0.022
2023-09-05 09:00:00,SWM10,4.3,43.847797159,0.0
2023-09-05 09:00:00,SWM10B,4.2,42.82808094600001,0.002
2023-09-05 09:00:00,SWM10C,4.3,43.847797159,0.02
2023-09-05 09:00:00,SWM11,5.3,54.044959289000005,0.025
2023-09-05 09:00:00,SWM12,5.0,50.985810650000005,0.082
2023-09-05 09:00:00,SWM13,5.1,52.005526863,0.0
2023-09-05 09:00:00,SWM14,5.4,55.06467550200001,0.007
2023-09-05 09:00:00,SWM15,4.9,49.96609443700001,0.027
2023-09-05 09:00:00,SWM2,5.2,53.025243076,0.015
2023-09-05 09:00:00,SWM3,5.2,53.025243076,0.0
2023-09-05 09:00:00,SWM4,5.1,52.005526863,0.011
2023-09-05 09:00:00,SWM6,5.0,50.985810650000005,0.0
2023-09-05 09:00:00,SWM7,5.2,53.025243076,0.0
2023-09-05 09:00:00,SWM8,5.0,50.985810650000005,0.0
2023-09-05 09:00:00,SWM9,4.7,47.926662011000005,0.029
2023-09-05 10:00:00,SWM10,4.3,43.847797159,0.0
2023-09-05 10:00:00,SWM10B,4.2,42.82808094600001,0.001
2023-09-05 10:00:00,SWM10C,4.2,42.82808094600001,0.006
2023-09-05 10:00:00,SWM11,5.4,55.06467550200001,0.047
2023-09-05 10:00:00,SWM12,5.1,52.005526863,0.0
2023-09-05 10:00:00,SWM13,5.2,53.025243076,0.008
2023-09-05 10:00:00,SWM14,5.5,56.084391715,0.023
2023-09-05 10:00:00,SWM15,5.0,50.985810650000005,0.06
2023-09-05 10:00:00,SWM2,5.2,53.025243076,0.025
2023-09-05 10:00:00,SWM3,5.2,53.025243076,0.0
2023-09-05 10:00:00,SWM4,5.2,53.025243076,0.01
2023-09-05 10:00:00,SWM6,5.1,52.005526863,0.056
2023-09-05 10:00:00,SWM7,5.2,53.025243076,0.0
2023-09-05 10:00:00,SWM8,5.0,50.985810650000005,0.0
2023-09-05 10:00:00,SWM9,4.5,45.887229585,0.0
2023-09-05 11:00:00,SWM10,4.3,43.847797159,0.006
2023-09-05 11:00:00,SWM10B,4.2,42.82808094600001,0.002
2023-09-05 11:00:00,SWM10C,4.2,42.82808094600001,0.004
2023-09-05 11:00:00,SWM11,5.2,53.025243076,0.026
2023-09-05 11:00:00,SWM12,5.2,53.025243076,0.006
2023-09-05 11:00:00,SWM13,5.0,50.985810650000005,0.002
2023-09-05 11:00:00,SWM14,5.35,54.5548173955,0.05
2023-09-05 11:00:00,SWM15,4.85,49.4562363305,0.051
2023-09-05 11:00:00,SWM2,5.0,50.985810650000005,0.003
2023-09-05 11:00:00,SWM3,5.1,52.005526863,0.0
2023-09-05 11:00:00,SWM4,5.0,50.985810650000005,0.0
2023-09-05 11:00:00,SWM6,5.0,50.985810650000005,0.0
2023-09-05 11:00:00,SWM7,5.1,52.005526863,0.0
2023-09-05 11:00:00,SWM8,4.9,49.96609443700001,0.0
2023-09-05 11:00:00,SWM9,4.5,45.887229585,0.032
2023-09-05 12:00:00,SWM10,4.3,43.847797159,0.0
2023-09-05 12:00:00,SWM10B,4.2,42.82808094600001,0.023
2023-09-05 12:00:00,SWM10C,4.2,42.82808094600001,0.001
2023-09-05 12:00:00,SWM11,5.3,54.044959289000005,0.019
2023-09-05 12:00:00,SWM12,5.0,50.985810650000005,0.0
2023-09-05 12:00:00,SWM13,5.1,52.005526863,0.0
2023-09-05 12:00:00,SWM14,5.4,55.06467550200001,0.01
2023-09-05 12:00:00,SWM15,4.9,49.96609443700001,0.01
2023-09-05 12:00:00,SWM2,5.1,52.005526863,0.008
2023-09-05 12:00:00,SWM3,5.1,52.005526863,0.0
2023-09-05 12:00:00,SWM4,5.1,52.005526863,0.003
2023-09-05 12:00:00,SWM6,5.0,50.985810650000005,0.055
2023-09-05 12:00:00,SWM7,5.1,52.005526863,0.002
2023-09-05 12:00:00,SWM8,5.0,50.985810650000005,0.0
2023-09-05 12:00:00,SWM9,4.5,45.887229585,0.0
2023-09-05 13:00:00,SWM10,4.3,43.847797159,0.006
2023-09-05 13:00:00,SWM10B,4.2,42.82808094600001,0.001
2023-09-05 13:00:00,SWM10C,4.2,42.82808094600001,0.009
2023-09-05 13:00:00,SWM11,5.4,55.06467550200001,0.012
2023-09-05 13:00:00,SWM12,5.1,52.005526863,0.0
2023-09-05 13:00:00,SWM13,5.2,53.025243076,0.013
2023-09-05 13:00:00,SWM14,5.5,56.084391715,0.003
2023-09-05 13:00:00,SWM15,5.0,50.985810650000005,0.061
2023-09-05 13:00:00,SWM2,5.3,54.044959289000005,0.008
2023-09-05 13:00:00,SWM3,5.3,54.044959289000005,0.0
2023-09-05 13:00:00,SWM4,5.2,53.025243076,0.018
2023-09-05 13:00:00,SWM6,5.1,52.005526863,0.06
2023-09-05 13:00:00,SWM7,5.3,54.044959289000005,0.191
2023-09-05 13:00:00,SWM8,5.1,52.005526863,0.0
2023-09-05 13:00:00,SWM9,4.4,44.867513372000005,0.0
2023-09-05 14:00:00,SWM10,4.3,43.847797159,0.001
2023-09-05 14:00:00,SWM10B,4.2,42.82808094600001,0.017
2023-09-05 14:00:00,SWM10C,4.3,43.847797159,0.018
2023-09-05 14:00:00,SWM11,5.5,56.084391715,0.012
2023-09-05 14:00:00,SWM12,5.1,52.005526863,0.007
2023-09-05 14:00:00,SWM13,5.25,53.5351011825,0.0
2023-09-05 14:00:00,SWM14,5.6,57.104107928,0.005
2023-09-05 14:00:00,SWM15,5.1,52.005526863,0.004
2023-09-05 14:00:00,SWM2,5.3,54.044959289000005,0.024
2023-09-05 14:00:00,SWM3,5.3,54.044959289000005,0.01
2023-09-05 14:00:00,SWM4,5.3,54.044959289000005,0.003
2023-09-05 14:00:00,SWM6,5.2,53.025243076,0.037
2023-09-05 14:00:00,SWM7,5.4,55.06467550200001,0.052
2023-09-05 14:00:00,SWM8,5.2,53.025243076,0.013
2023-09-05 14:00:00,SWM9,4.4,44.867513372000005,0.0
2023-09-05 15:00:00,SWM10,4.4,44.867513372000005,0.032
2023-09-05 15:00:00,SWM10B,4.2,42.82808094600001,0.001
2023-09-05 15:00:00,SWM10C,4.2,42.82808094600001,0.0
2023-09-05 15:00:00,SWM11,5.5,56.084391715,0.013
2023-09-05 15:00:00,SWM12,5.15,52.515384969500005,0.158
2023-09-05 15:00:00,SWM13,5.3,54.044959289000005,0.0
2023-09-05 15:00:00,SWM14,5.6,57.104107928,0.004
2023-09-05 15:00:00,SWM15,5.1,52.005526863,0.011
2023-09-05 15:00:00,SWM2,5.4,55.06467550200001,0.157
2023-09-05 15:00:00,SWM3,5.4,55.06467550200001,0.007
2023-09-05 15:00:00,SWM4,5.3,54.044959289000005,0.009
2023-09-05 15:00:00,SWM6,5.2,53.025243076,0.031
2023-09-05 15:00:00,SWM7,5.4,55.06467550200001,0.038
2023-09-05 15:00:00,SWM8,5.2,53.025243076,0.048
2023-09-05 15:00:00,SWM9,6.1,62.202688993,0.0
2023-09-05 16:00:00,SWM10,4.5,45.887229585,0.039
2023-09-05 16:00:00,SWM10B,4.3,43.847797159,0.001
2023-09-05 16:00:00,SWM10C,4.3,43.847797159,0.001
2023-09-05 16:00:00,SWM11,5.5,56.084391715,0.012
2023-09-05 16:00:00,SWM12,5.1,52.005526863,0.293
2023-09-05 16:00:00,SWM13,5.3,54.044959289000005,0.002
2023-09-05 16:00:00,SWM14,5.6,57.104107928,0.054
2023-09-05 16:00:00,SWM15,5.1,52.005526863,0.0
2023-09-05 16:00:00,SWM2,5.3,54.044959289000005,0.008
2023-09-05 16:00:00,SWM3,5.4,55.06467550200001,0.01
2023-09-05 16:00:00,SWM4,5.3,54.044959289000005,0.0
2023-09-05 16:00:00,SWM6,5.2,53.025243076,0.017
2023-09-05 16:00:00,SWM7,5.4,55.06467550200001,0.069
2023-09-05 16:00:00,SWM8,5.2,53.025243076,0.191
2023-09-05 16:00:00,SWM9,5.9,60.163256567000005,0.005
2023-09-05 17:00:00,SWM10,4.35,44.3576552655,0.0
2023-09-05 17:00:00,SWM10B,4.2,42.82808094600001,0.04
2023-09-05 17:00:00,SWM10C,4.2,42.82808094600001,0.005
2023-09-05 17:00:00,SWM11,5.5,56.084391715,0.013
2023-09-05 17:00:00,SWM12,5.2,53.025243076,0.178
2023-09-05 17:00:00,SWM13,5.3,54.044959289000005,0.007
2023-09-05 17:00:00,SWM14,5.6,57.104107928,0.01
2023-09-05 17:00:00,SWM15,5.1,52.005526863,0.0
2023-09-05 17:00:00,SWM2,5.4,55.06467550200001,0.032
2023-09-05 17:00:00,SWM3,5.4,55.06467550200001,0.0
2023-09-05 17:00:00,SWM4,5.3,54.044959289000005,0.003
2023-09-05 17:00:00,SWM6,5.2,53.025243076,0.021
2023-09-05 17:00:00,SWM7,5.45,55.574533608500005,0.083
2023-09-05 17:00:00,SWM8,5.2,53.025243076,0.043
2023-09-05 17:00:00,SWM9,4.4,44.867513372000005,0.0
2023-09-05 18:00:00,SWM10,4.3,43.847797159,0.014
2023-09-05 18:00:00,SWM10B,4.2,42.82808094600001,0.046
2023-09-05 18:00:00,SWM10C,4.2,42.82808094600001,0.0
2023-09-05 18:00:00,SWM11,5.4,55.06467550200001,0.013
2023-09-05 18:00:00,SWM12,5.2,53.025243076,0.111
2023-09-05 18:00:00,SWM13,5.2,53.025243076,0.003
2023-09-05 18:00:00,SWM14,5.6,57.104107928,0.012
2023-09-05 18:00:00,SWM15,5.0,50.985810650000005,0.0
2023-09-05 18:00:00,SWM2,5.3,54.044959289000005,0.038
2023-09-05 18:00:00,SWM3,5.3,54.044959289000005,0.0
2023-09-05 18:00:00,SWM4,5.2,53.025243076,0.0
2023-09-05 18:00:00,SWM6,5.1,52.005526863,0.003
2023-09-05 18:00:00,SWM7,5.4,55.06467550200001,0.147
2023-09-05 18:00:00,SWM8,5.1,52.005526863,0.025
2023-09-05 18:00:00,SWM9,4.4,44.867513372000005,0.0
2023-09-05 19:00:00,SWM10,4.3,43.847797159,0.003
2023-09-05 19:00:00,SWM10B,4.2,42.82808094600001,0.007
2023-09-05 19:00:00,SWM10C,4.2,42.82808094600001,0.006
2023-09-05 19:00:00,SWM11,5.4,55.06467550200001,0.013
2023-09-05 19:00:00,SWM12,5.7,58.12382414100001,0.0
2023-09-05 19:00:00,SWM13,5.2,53.025243076,0.037
2023-09-05 19:00:00,SWM14,5.5,56.084391715,0.022
2023-09-05 19:00:00,SWM15,5.0,50.985810650000005,0.0
2023-09-05 19:00:00,SWM2,5.3,54.044959289000005,0.027
2023-09-05 19:00:00,SWM3,5.2,53.025243076,0.002
2023-09-05 19:00:00,SWM4,5.2,53.025243076,0.005
2023-09-05 19:00:00,SWM6,5.1,52.005526863,0.036
2023-09-05 19:00:00,SWM7,5.3,54.044959289000005,0.029
2023-09-05 19:00:00,SWM8,5.1,52.005526863,0.1
2023-09-05 19:00:00,SWM9,4.4,44.867513372000005,0.0
2023-09-05 20:00:00,SWM10,4.3,43.847797159,0.0
2023-09-05 20:00:00,SWM10B,4.2,42.82808094600001,0.021
2023-09-05 20:00:00,SWM10C,4.2,42.82808094600001,0.001
2023-09-05 20:00:00,SWM11,5.2,53.025243076,0.016
2023-09-05 20:00:00,SWM12,7.05,71.8899930165,0.0
2023-09-05 20:00:00,SWM13,5.0,50.985810650000005,0.013
2023-09-05 20:00:00,SWM14,5.3,54.044959289000005,0.108
2023-09-05 20:00:00,SWM15,4.8,48.946378224,0.108
2023-09-05 20:00:00,SWM2,5.1,52.005526863,0.044
2023-09-05 20:00:00,SWM3,5.1,52.005526863,0.002
2023-09-05 20:00:00,SWM4,5.0,50.985810650000005,0.0
2023-09-05 20:00:00,SWM6,4.9,49.96609443700001,0.019
2023-09-05 20:00:00,SWM7,5.1,52.005526863,0.022
2023-09-05 20:00:00,SWM8,4.9,49.96609443700001,0.028
2023-09-05 20:00:00,SWM9,4.4,44.867513372000005,0.0
2023-09-05 21:00:00,SWM10,4.4,44.867513372000005,0.011
2023-09-05 21:00:00,SWM10B,4.3,43.847797159,0.047
2023-09-05 21:00:00,SWM10C,4.3,43.847797159,0.008
2023-09-05 21:00:00,SWM11,5.3,54.044959289000005,0.009
2023-09-05 21:00:00,SWM12,7.6,77.498432188,0.004
2023-09-05 21:00:00,SWM13,5.1,52.005526863,0.026
2023-09-05 21:00:00,SWM14,5.4,55.06467550200001,0.0
2023-09-05 21:00:00,SWM15,4.9,49.96609443700001,0.068
2023-09-05 21:00:00,SWM2,5.1,52.005526863,0.0
2023-09-05 21:00:00,SWM3,5.2,53.025243076,0.03
2023-09-05 21:00:00,SWM4,5.1,52.005526863,0.017
2023-09-05 21:00:00,SWM6,5.0,50.985810650000005,0.036
2023-09-05 21:00:00,SWM7,5.2,53.025243076,0.024
2023-09-05 21:00:00,SWM8,5.0,50.985810650000005,0.127
2023-09-05 21:00:00,SWM9,4.4,44.867513372000005,0.0
2023-09-05 22:00:00,SWM10,4.4,44.867513372000005,0.013
2023-09-05 22:00:00,SWM10B,4.2,42.82808094600001,0.0
2023-09-05 22:00:00,SWM10C,4.3,43.847797159,0.0
2023-09-05 22:00:00,SWM11,5.4,55.06467550200001,0.012
2023-09-05 22:00:00,SWM12,5.1,52.005526863,0.0
2023-09-05 22:00:00,SWM13,5.2,53.025243076,0.0
2023-09-05 22:00:00,SWM14,5.5,56.084391715,0.0
2023-09-05 22:00:00,SWM15,5.1,52.005526863,0.112
2023-09-05 22:00:00,SWM2,5.25,53.5351011825,0.0
2023-09-05 22:00:00,SWM3,5.3,54.044959289000005,0.0
2023-09-05 22:00:00,SWM4,5.2,53.025243076,0.0
2023-09-05 22:00:00,SWM6,5.2,53.025243076,0.033
2023-09-05 22:00:00,SWM7,5.4,55.06467550200001,0.015
2023-09-05 22:00:00,SWM8,5.2,53.025243076,0.04
2023-09-05 22:00:00,SWM9,6.1,62.202688993,0.0
2023-09-05 23:00:00,SWM10,4.45,45.3773714785,0.008
2023-09-05 23:00:00,SWM10B,4.3,43.847797159,0.003
2023-09-05 23:00:00,SWM10C,4.3,43.847797159,0.0
2023-09-05 23:00:00,SWM11,5.5,56.084391715,0.028
2023-09-05 23:00:00,SWM12,5.1,52.005526863,0.0
2023-09-05 23:00:00,SWM13,5.2,53.025243076,0.0
2023-09-05 23:00:00,SWM14,5.6,57.104107928,0.0
2023-09-05 23:00:00,SWM15,5.1,52.005526863,0.0
2023-09-05 23:00:00,SWM2,5.3,54.044959289000005,0.0
2023-09-05 23:00:00,SWM3,5.35,54.5548173955,0.0
2023-09-05 23:00:00,SWM4,5.3,54.044959289000005,0.005
2023-09-05 23:00:00,SWM6,5.2,53.025243076,0.023
2023-09-05 23:00:00,SWM7,5.4,55.06467550200001,0.0
2023-09-05 23:00:00,SWM8,5.2,53.025243076,0.0
2023-09-05 23:00:00,SWM9,6.0,61.18297278,0.0
2023-09-06 00:00:00,SWM10,4.4,44.867513372000005,0.0
2023-09-06 00:00:00,SWM10B,4.3,43.847797159,0.0
2023-09-06 00:00:00,SWM10C,4.3,43.847797159,0.0
2023-09-06 00:00:00,SWM11,5.5,56.084391715,0.012
2023-09-06 00:00:00,SWM12,5.2,53.025243076,0.0
2023-09-06 00:00:00,SWM13,5.3,54.044959289000005,0.0
2023-09-06 00:00:00,SWM14,5.6,57.104107928,0.0
2023-09-06 00:00:00,SWM15,5.1,52.005526863,0.003
2023-09-06 00:00:00,SWM2,5.3,54.044959289000005,0.0
2023-09-06 00:00:00,SWM3,5.4,55.06467550200001,0.0
2023-09-06 00:00:00,SWM4,5.3,54.044959289000005,0.0
2023-09-06 00:00:00,SWM6,5.2,53.025243076,0.001
2023-09-06 00:00:00,SWM7,5.4,55.06467550200001,0.0
2023-09-06 00:00:00,SWM8,5.2,53.025243076,0.022
2023-09-06 00:00:00,SWM9,5.7,58.12382414100001,0.0
2023-09-06 01:00:00,SWM10,4.2,42.82808094600001,0.0
2023-09-06 01:00:00,SWM10B,4.0,40.78864852,0.0
2023-09-06 01:00:00,SWM10C,4.05,41.2985066265,0.0
2023-09-06 01:00:00,SWM11,5.5,56.084391715,0.02
2023-09-06 01:00:00,SWM12,5.2,53.025243076,0.0
2023-09-06 01:00:00,SWM13,5.3,54.044959289000005,0.0
2023-09-06 01:00:00,SWM14,5.6,57.104107928,0.0
2023-09-06 01:00:00,SWM15,5.1,52.005526863,0.0
2023-09-06 01:00:00,SWM2,5.3,54.044959289000005,0.0
2023-09-06 01:00:00,SWM3,5.4,55.06467550200001,0.0
2023-09-06 01:00:00,SWM4,5.3,54.044959289000005,0.004
2023-09-06 01:00:00,SWM6,5.2,53.025243076,0.009
2023-09-06 01:00:00,SWM7,5.4,55.06467550200001,0.014
2023-09-06 01:00:00,SWM8,5.2,53.025243076,0.0
2023-09-06 01:00:00,SWM9,5.4,55.06467550200001,0.0
2023-09-06 02:00:00,SWM10,4.4,44.867513372000005,0.0
2023-09-06 02:00:00,SWM10B,4.3,43.847797159,0.007
2023-09-06 02:00:00,SWM10C,4.3,43.847797159,0.0
2023-09-06 02:00:00,SWM11,5.5,56.084391715,0.013
2023-09-06 02:00:00,SWM12,5.3,54.044959289000005,0.0
2023-09-06 02:00:00,SWM13,5.2,53.025243076,0.0
2023-09-06 02:00:00,SWM14,5.6,57.104107928,0.008
2023-09-06 02:00:00,SWM15,5.1,52.005526863,0.0
2023-09-06 02:00:00,SWM2,5.25,53.5351011825,0.0
2023-09-06 02:00:00,SWM3,5.3,54.044959289000005,0.0
2023-09-06 02:00:00,SWM4,5.3,54.044959289000005,0.0
2023-09-06 02:00:00,SWM6,5.2,53.025243076,0.027
2023-09-06 02:00:00,SWM7,5.4,55.06467550200001,0.0
2023-09-06 02:00:00,SWM8,5.2,53.025243076,0.006
2023-09-06 02:00:00,SWM9,5.1,52.005526863,0.0
2023-09-06 03:00:00,SWM10,4.4,44.867513372000005,0.0
2023-09-06 03:00:00,SWM10B,4.2,42.82808094600001,0.001
2023-09-06 03:00:00,SWM10C,4.3,43.847797159,0.0
2023-09-06 03:00:00,SWM11,5.5,56.084391715,0.012
2023-09-06 03:00:00,SWM12,5.2,53.025243076,0.006
2023-09-06 03:00:00,SWM13,5.2,53.025243076,0.0
2023-09-06 03:00:00,SWM14,5.6,57.104107928,0.0
2023-09-06 03:00:00,SWM15,5.0,50.985810650000005,0.0
2023-09-06 03:00:00,SWM2,5.2,53.025243076,0.0
2023-09-06 03:00:00,SWM3,5.3,54.044959289000005,0.0
2023-09-06 03:00:00,SWM4,5.2,53.025243076,0.0
2023-09-06 03:00:00,SWM6,5.2,53.025243076,0.035
2023-09-06 03:00:00,SWM7,5.4,55.06467550200001,0.022
2023-09-06 03:00:00,SWM8,5.1,52.005526863,0.007
2023-09-06 03:00:00,SWM9,4.9,49.96609443700001,0.0
2023-09-06 04:00:00,SWM10,4.2,42.82808094600001,0.0
2023-09-06 04:00:00,SWM10B,4.1,41.808364733,0.0
2023-09-06 04:00:00,SWM10C,4.2,42.82808094600001,0.003
2023-09-06 04:00:00,SWM11,5.4,55.06467550200001,0.022
2023-09-06 04:00:00,SWM12,5.1,52.005526863,0.006
2023-09-06 04:00:00,SWM13,5.2,53.025243076,0.011
2023-09-06 04:00:00,SWM14,5.5,56.084391715,0.0
2023-09-06 04:00:00,SWM15,5.0,50.985810650000005,0.016
2023-09-06 04:00:00,SWM2,5.2,53.025243076,0.0
2023-09-06 04:00:00,SWM3,5.3,54.044959289000005,0.0
2023-09-06 04:00:00,SWM4,5.2,53.025243076,0.004
2023-09-06 04:00:00,SWM6,5.1,52.005526863,0.0
2023-09-06 04:00:00,SWM7,5.3,54.044959289000005,0.133
2023-09-06 04:00:00,SWM8,5.1,52.005526863,0.006
2023-09-06 04:00:00,SWM9,4.7,47.926662011000005,0.0
2023-09-06 05:00:00,SWM10,4.4,44.867513372000005,0.1
2023-09-06 05:00:00,SWM10B,4.3,43.847797159,0.008
2023-09-06 05:00:00,SWM10C,4.3,43.847797159,0.001
2023-09-06 05:00:00,SWM11,5.2,53.025243076,0.011
2023-09-06 05:00:00,SWM12,4.9,49.96609443700001,0.0
2023-09-06 05:00:00,SWM13,5.0,50.985810650000005,0.0
2023-09-06 05:00:00,SWM14,5.3,54.044959289000005,0.027
2023-09-06 05:00:00,SWM15,4.8,48.946378224,0.028
2023-09-06 05:00:00,SWM2,5.0,50.985810650000005,0.008
2023-09-06 05:00:00,SWM3,5.1,52.005526863,0.011
2023-09-06 05:00:00,SWM4,5.0,50.985810650000005,0.001
2023-09-06 05:00:00,SWM6,4.9,49.96609443700001,0.007
2023-09-06 05:00:00,SWM7,5.1,52.005526863,0.014
2023-09-06 05:00:00,SWM8,4.9,49.96609443700001,0.008
2023-09-06 05:00:00,SWM9,4.5,45.887229585,0.014
2023-09-06 06:00:00,SWM10,4.6,46.906945798,0.007
2023-09-06 06:00:00,SWM10B,4.5,45.887229585,0.016
2023-09-06 06:00:00,SWM10C,4.5,45.887229585,0.005
2023-09-06 06:00:00,SWM11,5.3,54.044959289000005,0.013
2023-09-06 06:00:00,SWM12,5.0,50.985810650000005,0.066
2023-09-06 06:00:00,SWM13,5.1,52.005526863,0.033
2023-09-06 06:00:00,SWM14,5.4,55.06467550200001,0.006
2023-09-06 06:00:00,SWM15,5.0,50.985810650000005,0.028
2023-09-06 06:00:00,SWM2,5.2,53.025243076,0.082
2023-09-06 06:00:00,SWM3,5.2,53.025243076,0.054
2023-09-06 06:00:00,SWM4,5.1,52.005526863,0.0
2023-09-06 06:00:00,SWM6,5.0,50.985810650000005,0.039
2023-09-06 06:00:00,SWM7,5.2,53.025243076,0.0
2023-09-06 06:00:00,SWM8,5.0,50.985810650000005,0.112
2023-09-06 06:00:00,SWM9,6.1,62.202688993,0.0
2023-09-06 07:00:00,SWM10,4.3,43.847797159,0.006
2023-09-06 07:00:00,SWM10B,4.2,42.82808094600001,0.004
2023-09-06 07:00:00,SWM10C,4.2,42.82808094600001,0.015
2023-09-06 07:00:00,SWM11,5.3,54.044959289000005,0.009
2023-09-06 07:00:00,SWM12,5.1,52.005526863,0.02
2023-09-06 07:00:00,SWM13,5.1,52.005526863,0.001
2023-09-06 07:00:00,SWM14,5.5,56.084391715,0.0
2023-09-06 07:00:00,SWM15,5.0,50.985810650000005,0.0
2023-09-06 07:00:00,SWM2,5.2,53.025243076,0.024
2023-09-06 07:00:00,SWM3,5.2,53.025243076,0.0
2023-09-06 07:00:00,SWM4,5.1,52.005526863,0.0
2023-09-06 07:00:00,SWM6,5.1,52.005526863,0.01
2023-09-06 07:00:00,SWM7,5.2,53.025243076,0.0
2023-09-06 07:00:00,SWM8,5.0,50.985810650000005,0.0
2023-09-06 07:00:00,SWM9,5.7,58.12382414100001,0.019
2023-09-06 08:00:00,SWM10,4.3,43.847797159,0.0
2023-09-06 08:00:00,SWM10B,4.2,42.82808094600001,0.004
2023-09-06 08:00:00,SWM10C,4.2,42.82808094600001,0.008
2023-09-06 08:00:00,SWM11,5.4,55.06467550200001,0.022
2023-09-06 08:00:00,SWM12,5.1,52.005526863,0.12
2023-09-06 08:00:00,SWM13,5.1,52.005526863,0.009
2023-09-06 08:00:00,SWM14,5.4,55.06467550200001,0.0
2023-09-06 08:00:00,SWM15,4.9,49.96609443700001,0.0
2023-09-06 08:00:00,SWM2,5.2,53.025243076,0.031
2023-09-06 08:00:00,SWM3,5.2,53.025243076,0.0
2023-09-06 08:00:00,SWM4,5.2,53.025243076,0.011
2023-09-06 08:00:00,SWM6,5.0,50.985810650000005,0.121
2023-09-06 08:00:00,SWM7,5.2,53.025243076,0.001
2023-09-06 08:00:00,SWM8,5.1,52.005526863,0.007
2023-09-06 08:00:00,SWM9,4.5,45.887229585,0.005
2023-09-06 09:00:00,SWM10,4.4,44.867513372000005,0.001
2023-09-06 09:00:00,SWM10B,4.3,43.847797159,0.0
2023-09-06 09:00:00,SWM10C,4.4,44.867513372000005,0.015
2023-09-06 09:00:00,SWM11,5.3,54.044959289000005,0.001
2023-09-06 09:00:00,SWM12,5.0,50.985810650000005,0.09
2023-09-06 09:00:00,SWM13,5.1,52.005526863,0.0
2023-09-06 09:00:00,SWM14,5.4,55.06467550200001,0.0
2023-09-06 09:00:00,SWM15,4.9,49.96609443700001,0.001
2023-09-06 09:00:00,SWM2,5.2,53.025243076,0.008
2023-09-06 09:00:00,SWM3,5.2,53.025243076,0.0
2023-09-06 09:00:00,SWM4,5.2,53.025243076,0.007
2023-09-06 09:00:00,SWM6,5.0,50.985810650000005,0.089
2023-09-06 09:00:00,SWM7,5.2,53.025243076,0.0
2023-09-06 09:00:00,SWM8,5.0,50.985810650000005,0.011
2023-09-06 09:00:00,SWM9,4.5,45.887229585,0.0
2023-09-06 10:00:00,SWM10,4.5,45.887229585,0.017
2023-09-06 10:00:00,SWM10B,4.3,43.847797159,0.008
2023-09-06 10:00:00,SWM10C,4.4,44.867513372000005,0.018
2023-09-06 10:00:00,SWM11,5.4,55.06467550200001,0.013
2023-09-06 10:00:00,SWM12,5.15,52.515384969500005,0.034
2023-09-06 10:00:00,SWM13,5.2,53.025243076,0.02
2023-09-06 10:00:00,SWM14,5.5,56.084391715,0.0
2023-09-06 10:00:00,SWM15,5.0,50.985810650000005,0.0
2023-09-06 10:00:00,SWM2,5.3,54.044959289000005,0.016
2023-09-06 10:00:00,SWM3,5.3,54.044959289000005,0.0
2023-09-06 10:00:00,SWM4,5.2,53.025243076,0.008
2023-09-06 10:00:00,SWM6,5.1,52.005526863,0.099
2023-09-06 10:00:00,SWM7,5.3,54.044959289000005,0.0
2023-09-06 10:00:00,SWM8,5.1,52.005526863,0.001
2023-09-06 10:00:00,SWM9,4.6,46.906945798,0.041
2023-09-06 11:00:00,SWM10,4.4,44.867513372000005,0.087
2023-09-06 11:00:00,SWM10B,4.3,43.847797159,0.007
2023-09-06 11:00:00,SWM10C,4.3,43.847797159,0.035
2023-09-06 11:00:00,SWM11,5.3,54.044959289000005,0.003
2023-09-06 11:00:00,SWM12,5.0,50.985810650000005,0.041
2023-09-06 11:00:00,SWM13,5.1,52.005526863,0.0
2023-09-06 11:00:00,SWM14,5.4,55.06467550200001,0.0
2023-09-06 11:00:00,SWM15,4.9,49.96609443700001,0.0
2023-09-06 11:00:00,SWM2,5.2,53.025243076,0.007
2023-09-06 11:00:00,SWM3,5.2,53.025243076,0.0
2023-09-06 11:00:00,SWM4,5.2,53.025243076,0.01
2023-09-06 11:00:00,SWM6,5.0,50.985810650000005,0.15
2023-09-06 11:00:00,SWM7,5.2,53.025243076,0.0
2023-09-06 11:00:00,SWM8,5.1,52.005526863,0.023
2023-09-06 11:00:00,SWM9,4.5,45.887229585,0.0
2023-09-06 12:00:00,SWM10,4.3,43.847797159,0.0
2023-09-06 12:00:00,SWM10B,4.2,42.82808094600001,0.019
2023-09-06 12:00:00,SWM10C,4.3,43.847797159,0.003
2023-09-06 12:00:00,SWM11,5.3,54.044959289000005,0.002
2023-09-06 12:00:00,SWM12,5.0,50.985810650000005,0.006
2023-09-06 12:00:00,SWM13,5.0,50.985810650000005,0.0
2023-09-06 12:00:00,SWM14,5.3,54.044959289000005,0.0
2023-09-06 12:00:00,SWM15,4.8,48.946378224,0.0
2023-09-06 12:00:00,SWM2,5.1,52.005526863,0.013
2023-09-06 12:00:00,SWM3,5.1,52.005526863,0.0
2023-09-06 12:00:00,SWM4,5.1,52.005526863,0.017
2023-09-06 12:00:00,SWM6,5.0,50.985810650000005,0.048
2023-09-06 12:00:00,SWM7,5.1,52.005526863,0.0
2023-09-06 12:00:00,SWM8,5.0,50.985810650000005,0.012
2023-09-06 12:00:00,SWM9,4.5,45.887229585,0.001
2023-09-06 13:00:00,SWM10,4.3,43.847797159,0.015
2023-09-06 13:00:00,SWM10B,4.1,41.808364733,0.0
2023-09-06 13:00:00,SWM10C,4.2,42.82808094600001,0.001
2023-09-06 13:00:00,SWM11,5.4,55.06467550200001,0.008
2023-09-06 13:00:00,SWM12,5.1,52.005526863,0.0
2023-09-06 13:00:00,SWM13,5.1,52.005526863,0.0
2023-09-06 13:00:00,SWM14,5.5,56.084391715,0.004
2023-09-06 13:00:00,SWM15,5.0,50.985810650000005,0.0
2023-09-06 13:00:00,SWM2,5.3,54.044959289000005,0.03
2023-09-06 13:00:00,SWM3,5.2,53.025243076,0.0
2023-09-06 13:00:00,SWM4,5.2,53.025243076,0.019
2023-09-06 13:00:00,SWM6,5.1,52.005526863,0.025
2023-09-06 13:00:00,SWM7,5.3,54.044959289000005,0.0
2023-09-06 13:00:00,SWM8,5.1,52.005526863,0.048
2023-09-06 13:00:00,SWM9,5.8,59.143540354,0.0
2023-09-06 14:00:00,SWM10,4.4,44.867513372000005,0.0
2023-09-06 14:00:00,SWM10B,4.3,43.847797159,0.017
2023-09-06 14:00:00,SWM10C,4.3,43.847797159,0.012
2023-09-06 14:00:00,SWM11,5.3,54.044959289000005,0.012
2023-09-06 14:00:00,SWM12,4.9,49.96609443700001,0.0
2023-09-06 14:00:00,SWM13,5.1,52.005526863,0.017
2023-09-06 14:00:00,SWM14,5.4,55.06467550200001,0.039
2023-09-06 14:00:00,SWM15,4.9,49.96609443700001,0.013
2023-09-06 14:00:00,SWM2,5.1,52.005526863,0.024
2023-09-06 14:00:00,SWM3,5.2,53.025243076,0.002
2023-09-06 14:00:00,SWM4,5.1,52.005526863,0.009
2023-09-06 14:00:00,SWM6,5.0,50.985810650000005,0.065
2023-09-06 14:00:00,SWM7,5.2,53.025243076,0.0
2023-09-06 14:00:00,SWM8,5.0,50.985810650000005,0.016
2023-09-06 14:00:00,SWM9,4.45,45.3773714785,0.005
2023-09-06 15:00:00,SWM10,4.4,44.867513372000005,0.015
2023-09-06 15:00:00,SWM10B,4.2,42.82808094600001,0.008
2023-09-06 15:00:00,SWM10C,4.3,43.847797159,0.019
2023-09-06 15:00:00,SWM11,5.4,55.06467550200001,0.007
2023-09-06 15:00:00,SWM12,5.0,50.985810650000005,0.0
2023-09-06 15:00:00,SWM13,5.2,53.025243076,0.002
2023-09-06 15:00:00,SWM14,5.5,56.084391715,0.074
2023-09-06 15:00:00,SWM15,5.0,50.985810650000005,0.003
2023-09-06 15:00:00,SWM2,5.2,53.025243076,0.105
2023-09-06 15:00:00,SWM3,5.3,54.044959289000005,0.034
2023-09-06 15:00:00,SWM4,5.2,53.025243076,0.011
2023-09-06 15:00:00,SWM6,5.1,52.005526863,0.008
2023-09-06 15:00:00,SWM7,5.3,54.044959289000005,0.022
2023-09-06 15:00:00,SWM8,5.1,52.005526863,0.082
2023-09-06 15:00:00,SWM9,4.4,44.867513372000005,0.0
2023-09-06 16:00:00,SWM10,4.4,44.867513372000005,0.0
2023-09-06 16:00:00,SWM10B,4.3,43.847797159,0.0
2023-09-06 16:00:00,SWM10C,4.35,44.3576552655,0.003
2023-09-06 16:00:00,SWM11,5.4,55.06467550200001,0.014
2023-09-06 16:00:00,SWM12,5.0,50.985810650000005,0.0
2023-09-06 16:00:00,SWM13,5.2,53.025243076,0.023
2023-09-06 16:00:00,SWM14,5.5,56.084391715,0.008
2023-09-06 16:00:00,SWM15,5.0,50.985810650000005,0.003
2023-09-06 16:00:00,SWM2,5.3,54.044959289000005,0.029
2023-09-06 16:00:00,SWM3,5.3,54.044959289000005,0.015
2023-09-06 16:00:00,SWM4,5.2,53.025243076,0.003
2023-09-06 16:00:00,SWM6,5.1,52.005526863,0.017
2023-09-06 16:00:00,SWM7,5.3,54.044959289000005,0.096
2023-09-06 16:00:00,SWM8,5.1,52.005526863,0.06
2023-09-06 16:00:00,SWM9,4.4,44.867513372000005,0.0
2023-09-06 17:00:00,SWM10,4.3,43.847797159,0.0
2023-09-06 17:00:00,SWM10B,4.2,42.82808094600001,0.011
2023-09-06 17:00:00,SWM10C,4.3,43.847797159,0.007
2023-09-06 17:00:00,SWM11,5.4,55.06467550200001,0.009
2023-09-06 17:00:00,SWM12,5.1,52.005526863,0.008
2023-09-06 17:00:00,SWM13,5.2,53.025243076,0.005
2023-09-06 17:00:00,SWM14,5.5,56.084391715,0.014
2023-09-06 17:00:00,SWM15,5.0,50.985810650000005,0.022
2023-09-06 17:00:00,SWM2,5.3,54.044959289000005,0.018
2023-09-06 17:00:00,SWM3,5.3,54.044959289000005,0.019
2023-09-06 17:00:00,SWM4,5.2,53.025243076,0.0
2023-09-06 17:00:00,SWM6,5.1,52.005526863,0.034
2023-09-06 17:00:00,SWM7,5.4,55.06467550200001,0.122
2023-09-06 17:00:00,SWM8,5.1,52.005526863,0.073
2023-09-06 17:00:00,SWM9,4.4,44.867513372000005,0.0
2023-09-06 18:00:00,SWM10,4.4,44.867513372000005,0.006
2023-09-06 18:00:00,SWM10B,4.3,43.847797159,0.0
2023-09-06 18:00:00,SWM10C,4.3,43.847797159,0.001
2023-09-06 18:00:00,SWM11,5.4,55.06467550200001,0.016
2023-09-06 18:00:00,SWM12,5.1,52.005526863,0.0
2023-09-06 18:00:00,SWM13,5.2,53.025243076,0.03
2023-09-06 18:00:00,SWM14,5.5,56.084391715,0.04
2023-09-06 18:00:00,SWM15,5.0,50.985810650000005,0.065
2023-09-06 18:00:00,SWM2,5.2,53.025243076,0.0
2023-09-06 18:00:00,SWM3,5.3,54.044959289000005,0.002
2023-09-06 18:00:00,SWM4,5.2,53.025243076,0.008
2023-09-06 18:00:00,SWM6,5.1,52.005526863,0.135
2023-09-06 18:00:00,SWM7,5.3,54.044959289000005,0.097
2023-09-06 18:00:00,SWM8,5.1,52.005526863,0.028
2023-09-06 18:00:00,SWM9,4.4,44.867513372000005,0.0
2023-09-06 19:00:00,SWM10,4.3,43.847797159,0.007
2023-09-06 19:00:00,SWM10B,4.2,42.82808094600001,0.017
2023-09-06 19:00:00,SWM10C,4.2,42.82808094600001,0.005
2023-09-06 19:00:00,SWM11,5.4,55.06467550200001,0.012
2023-09-06 19:00:00,SWM12,5.0,50.985810650000005,0.0
2023-09-06 19:00:00,SWM13,5.2,53.025243076,0.058
2023-09-06 19:00:00,SWM14,5.6,57.104107928,0.028
2023-09-06 19:00:00,SWM15,5.0,50.985810650000005,0.018
2023-09-06 19:00:00,SWM2,5.3,54.044959289000005,0.039
2023-09-06 19:00:00,SWM3,5.3,54.044959289000005,0.016
2023-09-06 19:00:00,SWM4,5.2,53.025243076,0.001
2023-09-06 19:00:00,SWM6,5.1,52.005526863,0.0
2023-09-06 19:00:00,SWM7,5.35,54.5548173955,0.024
2023-09-06 19:00:00,SWM8,5.1,52.005526863,0.006
2023-09-06 19:00:00,SWM9,5.4,55.06467550200001,0.0
2023-09-06 20:00:00,SWM10,4.3,43.847797159,0.0
2023-09-06 20:00:00,SWM10B,4.2,42.82808094600001,0.031
2023-09-06 20:00:00,SWM10C,4.3,43.847797159,0.003
2023-09-06 20:00:00,SWM11,5.2,53.025243076,0.02
2023-09-06 20:00:00,SWM12,4.8,48.946378224,0.0
2023-09-06 20:00:00,SWM13,5.0,50.985810650000005,0.13
2023-09-06 20:00:00,SWM14,5.3,54.044959289000005,0.009
2023-09-06 20:00:00,SWM15,4.8,48.946378224,0.044
2023-09-06 20:00:00,SWM2,5.0,50.985810650000005,0.004
2023-09-06 20:00:00,SWM3,5.1,52.005526863,0.006
2023-09-06 20:00:00,SWM4,5.0,50.985810650000005,0.003
2023-09-06 20:00:00,SWM6,4.9,49.96609443700001,0.015
2023-09-06 20:00:00,SWM7,5.1,52.005526863,0.017
2023-09-06 20:00:00,SWM8,4.9,49.96609443700001,0.069
2023-09-06 20:00:00,SWM9,5.2,53.025243076,0.0
2023-09-06 21:00:00,SWM10,4.55,46.3970876915,0.027
2023-09-06 21:00:00,SWM10B,4.4,44.867513372000005,0.004
2023-09-06 21:00:00,SWM10C,4.45,45.3773714785,0.016
2023-09-06 21:00:00,SWM11,5.3,54.044959289000005,0.01
2023-09-06 21:00:00,SWM12,4.9,49.96609443700001,0.0
2023-09-06 21:00:00,SWM13,5.1,52.005526863,0.063
2023-09-06 21:00:00,SWM14,5.4,55.06467550200001,0.0
2023-09-06 21:00:00,SWM15,4.9,49.96609443700001,0.007
2023-09-06 21:00:00,SWM2,5.1,52.005526863,0.0
2023-09-06 21:00:00,SWM3,5.2,53.025243076,0.003
2023-09-06 21:00:00,SWM4,5.1,52.005526863,0.0
2023-09-06 21:00:00,SWM6,5.0,50.985810650000005,0.018
2023-09-06 21:00:00,SWM7,5.2,53.025243076,0.004
2023-09-06 21:00:00,SWM8,5.0,50.985810650000005,0.018
2023-09-06 21:00:00,SWM9,5.0,50.985810650000005,0.0
2023-09-06 22:00:00,SWM10,4.2,42.82808094600001,0.0
2023-09-06 22:00:00,SWM10B,4.1,41.808364733,0.0
2023-09-06 22:00:00,SWM10C,4.1,41.808364733,0.0
2023-09-06 22:00:00,SWM11,5.5,56.084391715,0.01
2023-09-06 22:00:00,SWM12,5.1,52.005526863,0.0
2023-09-06 22:00:00,SWM13,5.2,53.025243076,0.0
2023-09-06 22:00:00,SWM14,5.5,56.084391715,0.0
2023-09-06 22:00:00,SWM15,5.0,50.985810650000005,0.0
2023-09-06 22:00:00,SWM2,5.2,53.025243076,0.0
2023-09-06 22:00:00,SWM3,5.3,54.044959289000005,0.025
2023-09-06 22:00:00,SWM4,5.3,54.044959289000005,0.003
2023-09-06 22:00:00,SWM6,5.1,52.005526863,0.015
2023-09-06 22:00:00,SWM7,5.4,55.06467550200001,0.007
2023-09-06 22:00:00,SWM8,5.2,53.025243076,0.015
2023-09-06 22:00:00,SWM9,4.7,47.926662011000005,0.0
2023-09-06 23:00:00,SWM10,4.2,42.82808094600001,0.0
2023-09-06 23:00:00,SWM10B,4.1,41.808364733,0.004
2023-09-06 23:00:00,SWM10C,4.1,41.808364733,0.0
2023-09-06 23:00:00,SWM11,5.5,56.084391715,0.013
2023-09-06 23:00:00,SWM12,5.1,52.005526863,0.0
2023-09-06 23:00:00,SWM13,5.3,54.044959289000005,0.0
2023-09-06 23:00:00,SWM14,5.6,57.104107928,0.0
2023-09-06 23:00:00,SWM15,5.1,52.005526863,0.0
2023-09-06 23:00:00,SWM2,5.2,53.025243076,0.0
2023-09-06 23:00:00,SWM3,5.4,55.06467550200001,0.0
2023-09-06 23:00:00,SWM4,5.3,54.044959289000005,0.003
2023-09-06 23:00:00,SWM6,5.2,53.025243076,0.004
2023-09-06 23:00:00,SWM7,5.4,55.06467550200001,0.0
2023-09-06 23:00:00,SWM8,5.2,53.025243076,0.022
2023-09-06 23:00:00,SWM9,4.5,45.887229585,0.0
2023-09-07 00:00:00,SWM10,4.2,42.82808094600001,0.0
2023-09-07 00:00:00,SWM10B,4.1,41.808364733,0.006
2023-09-07 00:00:00,SWM10C,4.1,41.808364733,0.0
2023-09-07 00:00:00,SWM11,5.5,56.084391715,0.019
2023-09-07 00:00:00,SWM12,5.1,52.005526863,0.0
2023-09-07 00:00:00,SWM13,5.2,53.025243076,0.0
2023-09-07 00:00:00,SWM14,5.6,57.104107928,0.003
2023-09-07 00:00:00,SWM15,5.0,50.985810650000005,0.0
2023-09-07 00:00:00,SWM2,5.2,53.025243076,0.0
2023-09-07 00:00:00,SWM3,5.3,54.044959289000005,0.0
2023-09-07 00:00:00,SWM4,5.3,54.044959289000005,0.0
2023-09-07 00:00:00,SWM6,5.1,52.005526863,0.0
2023-09-07 00:00:00,SWM7,5.3,54.044959289000005,0.0
2023-09-07 00:00:00,SWM8,5.2,53.025243076,0.0
2023-09-07 00:00:00,SWM9,4.3,43.847797159,0.0
2023-09-07 01:00:00,SWM10,4.3,43.847797159,0.0
2023-09-07 01:00:00,SWM10B,4.15,42.31822283950001,0.0
2023-09-07 01:00:00,SWM10C,4.2,42.82808094600001,0.0
2023-09-07 01:00:00,SWM11,5.5,56.084391715,0.012
2023-09-07 01:00:00,SWM12,5.1,52.005526863,0.0
2023-09-07 01:00:00,SWM13,5.2,53.025243076,0.003
2023-09-07 01:00:00,SWM14,5.6,57.104107928,0.003
2023-09-07 01:00:00,SWM15,5.1,52.005526863,0.004
2023-09-07 01:00:00,SWM2,5.2,53.025243076,0.0
2023-09-07 01:00:00,SWM3,5.3,54.044959289000005,0.0
2023-09-07 01:00:00,SWM4,5.3,54.044959289000005,0.0
2023-09-07 01:00:00,SWM6,5.2,53.025243076,0.0
2023-09-07 01:00:00,SWM7,5.4,55.06467550200001,0.0
2023-09-07 01:00:00,SWM8,5.2,53.025243076,0.006
2023-09-07 01:00:00,SWM9,5.8,59.143540354,0.0
2023-09-07 02:00:00,SWM10,4.3,43.847797159,0.0
2023-09-07 02:00:00,SWM10B,4.2,42.82808094600001,0.0
2023-09-07 02:00:00,SWM10C,4.2,42.82808094600001,0.0
2023-09-07 02:00:00,SWM11,5.5,56.084391715,0.019
2023-09-07 02:00:00,SWM12,5.1,52.005526863,0.003
2023-09-07 02:00:00,SWM13,5.2,53.025243076,0.0
2023-09-07 02:00:00,SWM14,5.6,57.104107928,0.0
2023-09-07 02:00:00,SWM15,5.0,50.985810650000005,0.0
2023-09-07 02:00:00,SWM2,5.2,53.025243076,0.0
2023-09-07 02:00:00,SWM3,5.3,54.044959289000005,0.0
2023-09-07 02:00:00,SWM4,5.2,53.025243076,0.0
2023-09-07 02:00:00,SWM6,5.1,52.005526863,0.0
2023-09-07 02:00:00,SWM7,5.3,54.044959289000005,0.0
2023-09-07 02:00:00,SWM8,5.1,52.005526863,0.0
2023-09-07 02:00:00,SWM9,5.5,56.084391715,0.0
2023-09-07 03:00:00,SWM10,4.2,42.82808094600001,0.0
2023-09-07 03:00:00,SWM10B,4.1,41.808364733,0.002
2023-09-07 03:00:00,SWM10C,4.1,41.808364733,0.0
2023-09-07 03:00:00,SWM11,5.4,55.06467550200001,0.012
2023-09-07 03:00:00,SWM12,5.1,52.005526863,0.006
2023-09-07 03:00:00,SWM13,5.2,53.025243076,0.0
2023-09-07 03:00:00,SWM14,5.5,56.084391715,0.008
2023-09-07 03:00:00,SWM15,5.0,50.985810650000005,0.0
2023-09-07 03:00:00,SWM2,5.2,53.025243076,0.0
2023-09-07 03:00:00,SWM3,5.3,54.044959289000005,0.0
2023-09-07 03:00:00,SWM4,5.2,53.025243076,0.0
2023-09-07 03:00:00,SWM6,5.1,52.005526863,0.0
2023-09-07 03:00:00,SWM7,5.3,54.044959289000005,0.035
2023-09-07 03:00:00,SWM8,5.1,52.005526863,0.0
2023-09-07 03:00:00,SWM9,5.3,54.044959289000005,0.0
2023-09-07 04:00:00,SWM10,4.1,41.808364733,0.0
2023-09-07 04:00:00,SWM10B,4.0,40.78864852,0.0
2023-09-07 04:00:00,SWM10C,4.1,41.808364733,0.007
2023-09-07 04:00:00,SWM11,5.5,56.084391715,0.013
2023-09-07 04:00:00,SWM12,5.1,52.005526863,0.0
2023-09-07 04:00:00,SWM13,5.2,53.025243076,0.0
2023-09-07 04:00:00,SWM14,5.6,57.104107928,0.006
2023-09-07 04:00:00,SWM15,5.1,52.005526863,0.015
2023-09-07 04:00:00,SWM2,5.3,54.044959289000005,0.001
2023-09-07 04:00:00,SWM3,5.3,54.044959289000005,0.0
2023-09-07 04:00:00,SWM4,5.3,54.044959289000005,0.004
2023-09-07 04:00:00,SWM6,5.2,53.025243076,0.004
2023-09-07 04:00:00,SWM7,5.4,55.06467550200001,0.106
2023-09-07 04:00:00,SWM8,5.1,52.005526863,0.0
2023-09-07 04:00:00,SWM9,4.95,50.47595254350001,0.0
2023-09-07 05:00:00,SWM10,4.4,44.867513372000005,0.055
2023-09-07 05:00:00,SWM10B,4.3,43.847797159,0.002
2023-09-07 05:00:00,SWM10C,4.3,43.847797159,0.009
2023-09-07 05:00:00,SWM11,5.4,55.06467550200001,0.012
2023-09-07 05:00:00,SWM12,5.0,50.985810650000005,0.0
2023-09-07 05:00:00,SWM13,5.2,53.025243076,0.081
2023-09-07 05:00:00,SWM14,5.5,56.084391715,0.017
2023-09-07 05:00:00,SWM15,5.0,50.985810650000005,0.027
2023-09-07 05:00:00,SWM2,5.2,53.025243076,0.029
2023-09-07 05:00:00,SWM3,5.3,54.044959289000005,0.011
2023-09-07 05:00:00,SWM4,5.1,52.005526863,0.0
2023-09-07 05:00:00,SWM6,5.1,52.005526863,0.021
2023-09-07 05:00:00,SWM7,5.3,54.044959289000005,0.02
2023-09-07 05:00:00,SWM8,5.1,52.005526863,0.008
2023-09-07 05:00:00,SWM9,4.7,47.926662011000005,0.0
2023-09-07 06:00:00,SWM10,4.2,42.82808094600001,0.0
2023-09-07 06:00:00,SWM10B,4.15,42.31822283950001,0.022
2023-09-07 06:00:00,SWM10C,4.2,42.82808094600001,0.008
2023-09-07 06:00:00,SWM11,5.45,55.574533608500005,0.029
2023-09-07 06:00:00,SWM12,5.1,52.005526863,0.077
2023-09-07 06:00:00,SWM13,5.2,53.025243076,0.021
2023-09-07 06:00:00,SWM14,5.6,57.104107928,0.035
2023-09-07 06:00:00,SWM15,5.1,52.005526863,0.0
2023-09-07 06:00:00,SWM2,5.3,54.044959289000005,0.016
2023-09-07 06:00:00,SWM3,5.3,54.044959289000005,0.069
2023-09-07 06:00:00,SWM4,5.2,53.025243076,0.0
2023-09-07 06:00:00,SWM6,5.1,52.005526863,0.001
2023-09-07 06:00:00,SWM7,5.3,54.044959289000005,0.0
2023-09-07 06:00:00,SWM8,5.2,53.025243076,0.121
2023-09-07 06:00:00,SWM9,4.5,45.887229585,0.0
2023-09-07 07:00:00,SWM10,4.3,43.847797159,0.0
2023-09-07 07:00:00,SWM10B,4.2,42.82808094600001,0.001
2023-09-07 07:00:00,SWM10C,4.2,42.82808094600001,0.005
2023-09-07 07:00:00,SWM11,5.5,56.084391715,0.002
2023-09-07 07:00:00,SWM12,5.2,53.025243076,0.122
2023-09-07 07:00:00,SWM13,5.3,54.044959289000005,0.011
2023-09-07 07:00:00,SWM14,5.6,57.104107928,0.011
2023-09-07 07:00:00,SWM15,5.0,50.985810650000005,0.0
2023-09-07 07:00:00,SWM2,5.3,54.044959289000005,0.025
2023-09-07 07:00:00,SWM3,5.3,54.044959289000005,0.0
2023-09-07 07:00:00,SWM4,5.3,54.044959289000005,0.056
2023-09-07 07:00:00,SWM6,5.15,52.515384969500005,0.018
2023-09-07 07:00:00,SWM7,5.35,54.5548173955,0.011
2023-09-07 07:00:00,SWM8,5.2,53.025243076,0.021
2023-09-07 07:00:00,SWM9,4.4,44.867513372000005,0.0
2023-09-07 08:00:00,SWM10,4.3,43.847797159,0.0
2023-09-07 08:00:00,SWM10B,4.2,42.82808094600001,0.004
2023-09-07 08:00:00,SWM10C,4.2,42.82808094600001,0.023
2023-09-07 08:00:00,SWM11,5.5,56.084391715,0.011
2023-09-07 08:00:00,SWM12,5.2,53.025243076,0.115
2023-09-07 08:00:00,SWM13,5.2,53.025243076,0.0
2023-09-07 08:00:00,SWM14,5.6,57.104107928,0.064
2023-09-07 08:00:00,SWM15,5.0,50.985810650000005,0.001
2023-09-07 08:00:00,SWM2,5.3,54.044959289000005,0.016
2023-09-07 08:00:00,SWM3,5.3,54.044959289000005,0.0
2023-09-07 08:00:00,SWM4,5.3,54.044959289000005,0.028
2023-09-07 08:00:00,SWM6,5.2,53.025243076,0.018
2023-09-07 08:00:00,SWM7,5.3,54.044959289000005,0.0
2023-09-07 08:00:00,SWM8,5.2,53.025243076,0.012
2023-09-07 08:00:00,SWM9,4.5,45.887229585,0.027
2023-09-07 09:00:00,SWM10,4.4,44.867513372000005,0.036
2023-09-07 09:00:00,SWM10B,4.2,42.82808094600001,0.0
2023-09-07 09:00:00,SWM10C,4.3,43.847797159,0.037
2023-09-07 09:00:00,SWM11,5.5,56.084391715,0.008
2023-09-07 09:00:00,SWM12,5.2,53.025243076,0.171
2023-09-07 09:00:00,SWM13,5.2,53.025243076,0.0
2023-09-07 09:00:00,SWM14,5.5,56.084391715,0.005
2023-09-07 09:00:00,SWM15,5.0,50.985810650000005,0.0
2023-09-07 09:00:00,SWM2,5.3,54.044959289000005,0.0
2023-09-07 09:00:00,SWM3,5.3,54.044959289000005,0.0
2023-09-07 09:00:00,SWM4,5.3,54.044959289000005,0.024
2023-09-07 09:00:00,SWM6,5.2,53.025243076,0.038
2023-09-07 09:00:00,SWM7,5.3,54.044959289000005,0.0
2023-09-07 09:00:00,SWM8,5.1,52.005526863,0.001
2023-09-07 09:00:00,SWM9,4.5,45.887229585,0.005
2023-09-07 10:00:00,SWM10,4.4,44.867513372000005,0.008
2023-09-07 10:00:00,SWM10B,4.2,42.82808094600001,0.004
2023-09-07 10:00:00,SWM10C,4.2,42.82808094600001,0.0
2023-09-07 10:00:00,SWM11,5.5,56.084391715,0.014
2023-09-07 10:00:00,SWM12,5.2,53.025243076,0.118
2023-09-07 10:00:00,SWM13,5.2,53.025243076,0.0
2023-09-07 10:00:00,SWM14,5.6,57.104107928,0.115
2023-09-07 10:00:00,SWM15,5.0,50.985810650000005,0.0
2023-09-07 10:00:00,SWM2,5.3,54.044959289000005,0.009
2023-09-07 10:00:00,SWM3,5.3,54.044959289000005,0.0
2023-09-07 10:00:00,SWM4,5.3,54.044959289000005,0.0
2023-09-07 10:00:00,SWM6,5.2,53.025243076,0.039
2023-09-07 10:00:00,SWM7,5.3,54.044959289000005,0.0
2023-09-07 10:00:00,SWM8,5.1,52.005526863,0.0
2023-09-07 10:00:00,SWM9,4.6,46.906945798,0.0
2023-09-07 11:00:00,SWM10,4.3,43.847797159,0.034
2023-09-07 11:00:00,SWM10B,4.2,42.82808094600001,0.029
2023-09-07 11:00:00,SWM10C,4.2,42.82808094600001,0.001
2023-09-07 11:00:00,SWM11,5.4,55.06467550200001,0.011
2023-09-07 11:00:00,SWM12,5.1,52.005526863,0.097
2023-09-07 11:00:00,SWM13,5.1,52.005526863,0.0
2023-09-07 11:00:00,SWM14,5.5,56.084391715,0.049
2023-09-07 11:00:00,SWM15,4.9,49.96609443700001,0.0
2023-09-07 11:00:00,SWM2,5.1,52.005526863,0.0
2023-09-07 11:00:00,SWM3,5.2,53.025243076,0.0
2023-09-07 11:00:00,SWM4,5.1,52.005526863,0.0
2023-09-07 11:00:00,SWM6,5.1,52.005526863,0.016
2023-09-07 11:00:00,SWM7,5.2,53.025243076,0.0
2023-09-07 11:00:00,SWM8,5.0,50.985810650000005,0.0
2023-09-07 11:00:00,SWM9,4.6,46.906945798,0.019
2023-09-07 12:00:00,SWM10,4.4,44.867513372000005,0.004
2023-09-07 12:00:00,SWM10B,4.3,43.847797159,0.008
2023-09-07 12:00:00,SWM10C,4.3,43.847797159,0.007
2023-09-07 12:00:00,SWM11,5.2,53.025243076,0.012
2023-09-07 12:00:00,SWM12,4.9,49.96609443700001,0.158
2023-09-07 12:00:00,SWM13,4.9,49.96609443700001,0.0
2023-09-07 12:00:00,SWM14,5.3,54.044959289000005,0.011
2023-09-07 12:00:00,SWM15,4.8,48.946378224,0.0
2023-09-07 12:00:00,SWM2,5.0,50.985810650000005,0.045
2023-09-07 12:00:00,SWM3,5.0,50.985810650000005,0.0
2023-09-07 12:00:00,SWM4,5.0,50.985810650000005,0.0
2023-09-07 12:00:00,SWM6,4.9,49.96609443700001,0.014
2023-09-07 12:00:00,SWM7,5.1,52.005526863,0.0
2023-09-07 12:00:00,SWM8,4.9,49.96609443700001,0.0
2023-09-07 12:00:00,SWM9,4.5,45.887229585,0.003
2023-09-07 13:00:00,SWM10,4.4,44.867513372000005,0.014
2023-09-07 13:00:00,SWM10B,4.2,42.82808094600001,0.011
2023-09-07 13:00:00,SWM10C,4.3,43.847797159,0.001
2023-09-07 13:00:00,SWM11,5.3,54.044959289000005,0.014
2023-09-07 13:00:00,SWM12,5.2,53.025243076,0.0
2023-09-07 13:00:00,SWM13,5.2,53.025243076,0.022
2023-09-07 13:00:00,SWM14,5.4,55.06467550200001,0.001
2023-09-07 13:00:00,SWM15,5.0,50.985810650000005,0.063
2023-09-07 13:00:00,SWM2,5.2,53.025243076,0.013
2023-09-07 13:00:00,SWM3,5.2,53.025243076,0.0
2023-09-07 13:00:00,SWM4,5.2,53.025243076,0.011
2023-09-07 13:00:00,SWM6,5.05,51.4956687565,0.019
2023-09-07 13:00:00,SWM7,5.2,53.025243076,0.0
2023-09-07 13:00:00,SWM8,5.1,52.005526863,0.018
2023-09-07 13:00:00,SWM9,4.5,45.887229585,0.0
2023-09-07 14:00:00,SWM10,4.4,44.867513372000005,0.047
2023-09-07 14:00:00,SWM10B,4.2,42.82808094600001,0.005
2023-09-07 14:00:00,SWM10C,4.3,43.847797159,0.021
2023-09-07 14:00:00,SWM11,5.4,55.06467550200001,0.016
2023-09-07 14:00:00,SWM12,5.0,50.985810650000005,0.006
2023-09-07 14:00:00,SWM13,5.2,53.025243076,0.024
2023-09-07 14:00:00,SWM14,5.5,56.084391715,0.006
2023-09-07 14:00:00,SWM15,5.0,50.985810650000005,0.017
2023-09-07 14:00:00,SWM2,5.2,53.025243076,0.008
2023-09-07 14:00:00,SWM3,5.2,53.025243076,0.008
2023-09-07 14:00:00,SWM4,5.2,53.025243076,0.0
2023-09-07 14:00:00,SWM6,5.1,52.005526863,0.037
2023-09-07 14:00:00,SWM7,5.2,53.025243076,0.004
2023-09-07 14:00:00,SWM8,5.1,52.005526863,0.051
2023-09-07 14:00:00,SWM9,4.4,44.867513372000005,0.0
2023-09-07 15:00:00,SWM10,4.4,44.867513372000005,0.016
2023-09-07 15:00:00,SWM10B,4.2,42.82808094600001,0.004
2023-09-07 15:00:00,SWM10C,4.3,43.847797159,0.007
2023-09-07 15:00:00,SWM11,5.4,55.06467550200001,0.012
2023-09-07 15:00:00,SWM12,5.1,52.005526863,0.0
2023-09-07 15:00:00,SWM13,5.2,53.025243076,0.017
2023-09-07 15:00:00,SWM14,5.5,56.084391715,0.0
2023-09-07 15:00:00,SWM15,5.0,50.985810650000005,0.0
2023-09-07 15:00:00,SWM2,5.3,54.044959289000005,0.021
2023-09-07 15:00:00,SWM3,5.3,54.044959289000005,0.012
2023-09-07 15:00:00,SWM4,5.2,53.025243076,0.0
2023-09-07 15:00:00,SWM6,5.1,52.005526863,0.012
2023-09-07 15:00:00,SWM7,5.3,54.044959289000005,0.028
2023-09-07 15:00:00,SWM8,5.1,52.005526863,0.0
2023-09-07 15:00:00,SWM9,6.3,64.242121419,0.0
2023-09-07 16:00:00,SWM10,4.4,44.867513372000005,0.013
2023-09-07 16:00:00,SWM10B,4.3,43.847797159,0.001
2023-09-07 16:00:00,SWM10C,4.3,43.847797159,0.0
2023-09-07 16:00:00,SWM11,5.4,55.06467550200001,0.014
2023-09-07 16:00:00,SWM12,5.05,51.4956687565,0.0
2023-09-07 16:00:00,SWM13,5.2,53.025243076,0.0
2023-09-07 16:00:00,SWM14,5.5,56.084391715,0.009
2023-09-07 16:00:00,SWM15,5.0,50.985810650000005,0.0
2023-09-07 16:00:00,SWM2,5.3,54.044959289000005,0.138
2023-09-07 16:00:00,SWM3,5.3,54.044959289000005,0.007
2023-09-07 16:00:00,SWM4,5.2,53.025243076,0.003
2023-09-07 16:00:00,SWM6,5.1,52.005526863,0.009
2023-09-07 16:00:00,SWM7,5.3,54.044959289000005,0.149
2023-09-07 16:00:00,SWM8,5.1,52.005526863,0.065
2023-09-07 16:00:00,SWM9,6.0,61.18297278,0.0
2023-09-07 17:00:00,SWM10,4.4,44.867513372000005,0.013
2023-09-07 17:00:00,SWM10B,4.3,43.847797159,0.012
2023-09-07 17:00:00,SWM10C,4.2,42.82808094600001,0.0
2023-09-07 17:00:00,SWM11,5.5,56.084391715,0.018
2023-09-07 17:00:00,SWM12,5.1,52.005526863,0.0
2023-09-07 17:00:00,SWM13,5.2,53.025243076,0.0
2023-09-07 17:00:00,SWM14,5.6,57.104107928,0.034
2023-09-07 17:00:00,SWM15,5.0,50.985810650000005,0.0
2023-09-07 17:00:00,SWM2,5.3,54.044959289000005,0.019
2023-09-07 17:00:00,SWM3,5.3,54.044959289000005,0.0
2023-09-07 17:00:00,SWM4,5.3,54.044959289000005,0.016
2023-09-07 17:00:00,SWM6,5.1,52.005526863,0.006
2023-09-07 17:00:00,SWM7,5.4,55.06467550200001,0.163
2023-09-07 17:00:00,SWM8,5.2,53.025243076,0.038
2023-09-07 17:00:00,SWM9,5.7,58.12382414100001,0.0
2023-09-07 18:00:00,SWM10,4.4,44.867513372000005,0.007
2023-09-07 18:00:00,SWM10B,4.3,43.847797159,0.016
2023-09-07 18:00:00,SWM10C,4.3,43.847797159,0.0
2023-09-07 18:00:00,SWM11,5.4,55.06467550200001,0.022
2023-09-07 18:00:00,SWM12,5.2,53.025243076,0.0
2023-09-07 18:00:00,SWM13,5.2,53.025243076,0.013
2023-09-07 18:00:00,SWM14,5.6,57.104107928,0.017
2023-09-07 18:00:00,SWM15,5.0,50.985810650000005,0.0
2023-09-07 18:00:00,SWM2,5.3,54.044959289000005,0.049
2023-09-07 18:00:00,SWM3,5.3,54.044959289000005,0.0
2023-09-07 18:00:00,SWM4,5.3,54.044959289000005,0.015
2023-09-07 18:00:00,SWM6,5.1,52.005526863,0.034
2023-09-07 18:00:00,SWM7,5.4,55.06467550200001,0.112
2023-09-07 18:00:00,SWM8,5.1,52.005526863,0.069
2023-09-07 18:00:00,SWM9,5.4,55.06467550200001,0.0
2023-09-07 19:00:00,SWM10,4.55,46.3970876915,0.112
2023-09-07 19:00:00,SWM10B,4.45,45.3773714785,0.02
2023-09-07 19:00:00,SWM10C,4.45,45.3773714785,0.002
2023-09-07 19:00:00,SWM11,5.4,55.06467550200001,0.013
2023-09-07 19:00:00,SWM12,5.1,52.005526863,0.005
2023-09-07 19:00:00,SWM13,5.2,53.025243076,0.017
2023-09-07 19:00:00,SWM14,5.5,56.084391715,0.011
2023-09-07 19:00:00,SWM15,5.0,50.985810650000005,0.003
2023-09-07 19:00:00,SWM2,5.3,54.044959289000005,0.025
2023-09-07 19:00:00,SWM3,5.3,54.044959289000005,0.004
2023-09-07 19:00:00,SWM4,5.2,53.025243076,0.0
2023-09-07 19:00:00,SWM6,5.1,52.005526863,0.032
2023-09-07 19:00:00,SWM7,5.3,54.044959289000005,0.026
2023-09-07 19:00:00,SWM8,5.1,52.005526863,0.04
2023-09-07 19:00:00,SWM9,5.2,53.025243076,0.0
2023-09-07 20:00:00,SWM10,4.7,47.926662011000005,0.006
2023-09-07 20:00:00,SWM10B,4.4,44.867513372000005,0.0
2023-09-07 20:00:00,SWM10C,4.6,46.906945798,0.006
2023-09-07 20:00:00,SWM11,5.25,53.5351011825,0.026
2023-09-07 20:00:00,SWM12,4.9,49.96609443700001,0.0
2023-09-07 20:00:00,SWM13,5.0,50.985810650000005,0.012
2023-09-07 20:00:00,SWM14,5.3,54.044959289000005,0.007
2023-09-07 20:00:00,SWM15,4.9,49.96609443700001,0.006
2023-09-07 20:00:00,SWM2,5.1,52.005526863,0.017
2023-09-07 20:00:00,SWM3,5.1,52.005526863,0.012
2023-09-07 20:00:00,SWM4,5.0,50.985810650000005,0.0
2023-09-07 20:00:00,SWM6,4.9,49.96609443700001,0.007
2023-09-07 20:00:00,SWM7,5.2,53.025243076,0.025
2023-09-07 20:00:00,SWM8,5.0,50.985810650000005,0.006
2023-09-07 20:00:00,SWM9,5.0,50.985810650000005,0.0
2023-09-07 21:00:00,SWM10,4.3,43.847797159,0.014
2023-09-07 21:00:00,SWM10B,4.3,43.847797159,0.033
2023-09-07 21:00:00,SWM10C,4.3,43.847797159,0.0
2023-09-07 21:00:00,SWM11,5.3,54.044959289000005,0.0
2023-09-07 21:00:00,SWM12,4.9,49.96609443700001,0.0
2023-09-07 21:00:00,SWM13,5.1,52.005526863,0.0
2023-09-07 21:00:00,SWM14,5.4,55.06467550200001,0.005
2023-09-07 21:00:00,SWM15,4.9,49.96609443700001,0.003
2023-09-07 21:00:00,SWM2,5.1,52.005526863,0.0
2023-09-07 21:00:00,SWM3,5.2,53.025243076,0.001
2023-09-07 21:00:00,SWM4,5.1,52.005526863,0.003
2023-09-07 21:00:00,SWM6,5.0,50.985810650000005,0.041
2023-09-07 21:00:00,SWM7,5.2,53.025243076,0.008
2023-09-07 21:00:00,SWM8,5.0,50.985810650000005,0.011
2023-09-07 21:00:00,SWM9,4.7,47.926662011000005,0.0
2023-09-07 22:00:00,SWM10,4.2,42.82808094600001,0.0
2023-09-07 22:00:00,SWM10B,4.1,41.808364733,0.004
2023-09-07 22:00:00,SWM10C,4.1,41.808364733,0.006
2023-09-07 22:00:00,SWM11,5.4,55.06467550200001,0.0
2023-09-07 22:00:00,SWM12,5.1,52.005526863,0.0
2023-09-07 22:00:00,SWM13,5.2,53.025243076,0.0
2023-09-07 22:00:00,SWM14,5.55,56.5942498215,0.009
2023-09-07 22:00:00,SWM15,5.0,50.985810650000005,0.0
2023-09-07 22:00:00,SWM2,5.2,53.025243076,0.0
2023-09-07 22:00:00,SWM3,5.3,54.044959289000005,0.021
2023-09-07 22:00:00,SWM4,5.2,53.025243076,0.0
2023-09-07 22:00:00,SWM6,5.1,52.005526863,0.02
2023-09-07 22:00:00,SWM7,5.4,55.06467550200001,0.014
2023-09-07 22:00:00,SWM8,5.2,53.025243076,0.04
2023-09-07 22:00:00,SWM9,6.1,62.202688993,0.0
2023-09-07 23:00:00,SWM10,4.3,43.847797159,0.0
2023-09-07 23:00:00,SWM10B,4.2,42.82808094600001,0.0
2023-09-07 23:00:00,SWM10C,4.2,42.82808094600001,0.0
2023-09-07 23:00:00,SWM11,5.5,56.084391715,0.0
2023-09-07 23:00:00,SWM12,5.1,52.005526863,0.0
2023-09-07 23:00:00,SWM13,5.3,54.044959289000005,0.0
2023-09-07 23:00:00,SWM14,5.6,57.104107928,0.0
2023-09-07 23:00:00,SWM15,5.1,52.005526863,0.0
2023-09-07 23:00:00,SWM2,5.3,54.044959289000005,0.0
2023-09-07 23:00:00,SWM3,5.4,55.06467550200001,0.0
2023-09-07 23:00:00,SWM4,5.3,54.044959289000005,0.011
2023-09-07 23:00:00,SWM6,5.2,53.025243076,0.022
2023-09-07 23:00:00,SWM7,5.4,55.06467550200001,0.0
2023-09-07 23:00:00,SWM8,5.2,53.025243076,0.024
2023-09-07 23:00:00,SWM9,6.0,61.18297278,0.0
2023-09-08 00:00:00,SWM10,4.3,43.847797159,0.01
2023-09-08 00:00:00,SWM10B,4.2,42.82808094600001,0.0
2023-09-08 00:00:00,SWM10C,4.2,42.82808094600001,0.002
2023-09-08 00:00:00,SWM11,5.5,56.084391715,0.0
2023-09-08 00:00:00,SWM12,5.1,52.005526863,0.0
2023-09-08 00:00:00,SWM13,5.2,53.025243076,0.0
2023-09-08 00:00:00,SWM14,5.5,56.084391715,0.0
2023-09-08 00:00:00,SWM15,5.0,50.985810650000005,0.0
2023-09-08 00:00:00,SWM2,5.2,53.025243076,0.0
2023-09-08 00:00:00,SWM3,5.3,54.044959289000005,0.0
2023-09-08 00:00:00,SWM4,5.3,54.044959289000005,0.0
2023-09-08 00:00:00,SWM6,5.1,52.005526863,0.009
2023-09-08 00:00:00,SWM7,5.3,54.044959289000005,0.005
2023-09-08 00:00:00,SWM8,5.15,52.515384969500005,0.0
2023-09-08 00:00:00,SWM9,5.7,58.12382414100001,0.0
2023-09-08 01:00:00,SWM10,4.2,42.82808094600001,0.0
2023-09-08 01:00:00,SWM10B,4.0,40.78864852,0.0
2023-09-08 01:00:00,SWM10C,4.1,41.808364733,0.0
2023-09-08 01:00:00,SWM11,5.5,56.084391715,0.002
2023-09-08 01:00:00,SWM12,5.1,52.005526863,0.0
2023-09-08 01:00:00,SWM13,5.2,53.025243076,0.0
2023-09-08 01:00:00,SWM14,5.5,56.084391715,0.0
2023-09-08 01:00:00,SWM15,5.1,52.005526863,0.0
2023-09-08 01:00:00,SWM2,5.2,53.025243076,0.0
2023-09-08 01:00:00,SWM3,5.3,54.044959289000005,0.0
2023-09-08 01:00:00,SWM4,5.3,54.044959289000005,0.0
2023-09-08 01:00:00,SWM6,5.2,53.025243076,0.007
2023-09-08 01:00:00,SWM7,5.3,54.044959289000005,0.0
2023-09-08 01:00:00,SWM8,5.2,53.025243076,0.008
2023-09-08 01:00:00,SWM9,5.4,55.06467550200001,0.0
2023-09-08 02:00:00,SWM10,4.4,44.867513372000005,0.0
2023-09-08 02:00:00,SWM10B,4.2,42.82808094600001,0.0
2023-09-08 02:00:00,SWM10C,4.3,43.847797159,0.0
2023-09-08 02:00:00,SWM11,5.5,56.084391715,0.0
2023-09-08 02:00:00,SWM12,5.1,52.005526863,0.0
2023-09-08 02:00:00,SWM13,5.2,53.025243076,0.0
2023-09-08 02:00:00,SWM14,5.5,56.084391715,0.0
2023-09-08 02:00:00,SWM15,5.0,50.985810650000005,0.006
2023-09-08 02:00:00,SWM2,5.3,54.044959289000005,0.007
2023-09-08 02:00:00,SWM3,5.3,54.044959289000005,0.0
2023-09-08 02:00:00,SWM4,5.2,53.025243076,0.0
2023-09-08 02:00:00,SWM6,5.1,52.005526863,0.0
2023-09-08 02:00:00,SWM7,5.3,54.044959289000005,0.003
2023-09-08 02:00:00,SWM8,5.1,52.005526863,0.0
2023-09-08 02:00:00,SWM9,5.2,53.025243076,0.0
2023-09-08 03:00:00,SWM10,4.2,42.82808094600001,0.0
2023-09-08 03:00:00,SWM10B,4.1,41.808364733,0.003
2023-09-08 03:00:00,SWM10C,4.1,41.808364733,0.0
2023-09-08 03:00:00,SWM11,5.4,55.06467550200001,0.0
2023-09-08 03:00:00,SWM12,5.1,52.005526863,0.009
2023-09-08 03:00:00,SWM13,5.2,53.025243076,0.0
2023-09-08 03:00:00,SWM14,5.5,56.084391715,0.0
2023-09-08 03:00:00,SWM15,5.0,50.985810650000005,0.0
2023-09-08 03:00:00,SWM2,5.2,53.025243076,0.0
2023-09-08 03:00:00,SWM3,5.3,54.044959289000005,0.0
2023-09-08 03:00:00,SWM4,5.2,53.025243076,0.0
2023-09-08 03:00:00,SWM6,5.1,52.005526863,0.0
2023-09-08 03:00:00,SWM7,5.4,55.06467550200001,0.033
2023-09-08 03:00:00,SWM8,5.1,52.005526863,0.0
2023-09-08 03:00:00,SWM9,4.9,49.96609443700001,0.0
2023-09-08 04:00:00,SWM10,4.6,46.906945798,0.0
2023-09-08 04:00:00,SWM10B,4.5,45.887229585,0.006
2023-09-08 04:00:00,SWM10C,4.5,45.887229585,0.0
2023-09-08 04:00:00,SWM11,5.5,56.084391715,0.013
2023-09-08 04:00:00,SWM12,5.1,52.005526863,0.0
2023-09-08 04:00:00,SWM13,5.2,53.025243076,0.0
2023-09-08 04:00:00,SWM14,5.5,56.084391715,0.0
2023-09-08 04:00:00,SWM15,5.1,52.005526863,0.007
2023-09-08 04:00:00,SWM2,5.2,53.025243076,0.0
2023-09-08 04:00:00,SWM3,5.3,54.044959289000005,0.0
2023-09-08 04:00:00,SWM4,5.3,54.044959289000005,0.005
2023-09-08 04:00:00,SWM6,5.1,52.005526863,0.004
2023-09-08 04:00:00,SWM7,5.4,55.06467550200001,0.13
2023-09-08 04:00:00,SWM8,5.1,52.005526863,0.008
2023-09-08 04:00:00,SWM9,4.7,47.926662011000005,0.0
2023-09-08 05:00:00,SWM10,4.3,43.847797159,0.015
2023-09-08 05:00:00,SWM10B,4.2,42.82808094600001,0.006
2023-09-08 05:00:00,SWM10C,4.2,42.82808094600001,0.01
2023-09-08 05:00:00,SWM11,5.3,54.044959289000005,0.004
2023-09-08 05:00:00,SWM12,4.9,49.96609443700001,0.0
2023-09-08 05:00:00,SWM13,5.0,50.985810650000005,0.074
2023-09-08 05:00:00,SWM14,5.3,54.044959289000005,0.004
2023-09-08 05:00:00,SWM15,4.8,48.946378224,0.0
2023-09-08 05:00:00,SWM2,5.0,50.985810650000005,0.016
2023-09-08 05:00:00,SWM3,5.1,52.005526863,0.009
2023-09-08 05:00:00,SWM4,5.0,50.985810650000005,0.004
2023-09-08 05:00:00,SWM6,4.95,50.47595254350001,0.022
2023-09-08 05:00:00,SWM7,5.2,53.025243076,0.02
2023-09-08 05:00:00,SWM8,4.9,49.96609443700001,0.0
2023-09-08 05:00:00,SWM9,5.45,55.574533608500005,0.0
2023-09-08 06:00:00,SWM10,4.3,43.847797159,0.006
2023-09-08 06:00:00,SWM10B,4.1,41.808364733,0.016
2023-09-08 06:00:00,SWM10C,4.2,42.82808094600001,0.007
2023-09-08 06:00:00,SWM11,5.3,54.044959289000005,0.001
2023-09-08 06:00:00,SWM12,5.0,50.985810650000005,0.082
2023-09-08 06:00:00,SWM13,5.1,52.005526863,0.016
2023-09-08 06:00:00,SWM14,5.4,55.06467550200001,0.075
2023-09-08 06:00:00,SWM15,4.9,49.96609443700001,0.0
2023-09-08 06:00:00,SWM2,5.2,53.025243076,0.111
2023-09-08 06:00:00,SWM3,5.2,53.025243076,0.056
2023-09-08 06:00:00,SWM4,5.1,52.005526863,0.008
2023-09-08 06:00:00,SWM6,5.0,50.985810650000005,0.0
2023-09-08 06:00:00,SWM7,5.3,54.044959289000005,0.02
2023-09-08 06:00:00,SWM8,5.0,50.985810650000005,0.108
2023-09-08 06:00:00,SWM9,4.5,45.887229585,0.004
2023-09-08 07:00:00,SWM10,4.3,43.847797159,0.006
2023-09-08 07:00:00,SWM10B,4.2,42.82808094600001,0.0
2023-09-08 07:00:00,SWM10C,4.2,42.82808094600001,0.001
2023-09-08 07:00:00,SWM11,5.3,54.044959289000005,0.023
2023-09-08 07:00:00,SWM12,5.0,50.985810650000005,0.011
2023-09-08 07:00:00,SWM13,5.1,52.005526863,0.029
2023-09-08 07:00:00,SWM14,5.4,55.06467550200001,0.02
2023-09-08 07:00:00,SWM15,4.9,49.96609443700001,0.0
2023-09-08 07:00:00,SWM2,5.2,53.025243076,0.012
2023-09-08 07:00:00,SWM3,5.2,53.025243076,0.0
2023-09-08 07:00:00,SWM4,5.1,52.005526863,0.002
2023-09-08 07:00:00,SWM6,5.0,50.985810650000005,0.026
2023-09-08 07:00:00,SWM7,5.2,53.025243076,0.124
2023-09-08 07:00:00,SWM8,5.0,50.985810650000005,0.013
2023-09-08 07:00:00,SWM9,4.5,45.887229585,0.017
2023-09-08 08:00:00,SWM10,4.3,43.847797159,0.0
2023-09-08 08:00:00,SWM10B,4.2,42.82808094600001,0.004
2023-09-08 08:00:00,SWM10C,4.3,43.847797159,0.021
2023-09-08 08:00:00,SWM11,5.3,54.044959289000005,0.01
2023-09-08 08:00:00,SWM12,5.0,50.985810650000005,0.008
2023-09-08 08:00:00,SWM13,5.1,52.005526863,0.023
2023-09-08 08:00:00,SWM14,5.4,55.06467550200001,0.009
2023-09-08 08:00:00,SWM15,4.9,49.96609443700001,0.0
2023-09-08 08:00:00,SWM2,5.15,52.515384969500005,0.006
2023-09-08 08:00:00,SWM3,5.2,53.025243076,0.0
2023-09-08 08:00:00,SWM4,5.1,52.005526863,0.023
2023-09-08 08:00:00,SWM6,5.0,50.985810650000005,0.002
2023-09-08 08:00:00,SWM7,5.2,53.025243076,0.026
2023-09-08 08:00:00,SWM8,5.0,50.985810650000005,0.001
2023-09-08 08:00:00,SWM9,4.5,45.887229585,0.003
2023-09-08 09:00:00,SWM10,4.3,43.847797159,0.007
2023-09-08 09:00:00,SWM10B,4.2,42.82808094600001,0.028
2023-09-08 09:00:00,SWM10C,4.2,42.82808094600001,0.002
2023-09-08 09:00:00,SWM11,5.4,55.06467550200001,0.01
2023-09-08 09:00:00,SWM12,5.1,52.005526863,0.04
2023-09-08 09:00:00,SWM13,5.2,53.025243076,0.007
2023-09-08 09:00:00,SWM14,5.5,56.084391715,0.0
2023-09-08 09:00:00,SWM15,5.0,50.985810650000005,0.0
2023-09-08 09:00:00,SWM2,5.2,53.025243076,0.013
2023-09-08 09:00:00,SWM3,5.25,53.5351011825,0.0
2023-09-08 09:00:00,SWM4,5.2,53.025243076,0.025
2023-09-08 09:00:00,SWM6,5.0,50.985810650000005,0.027
2023-09-08 09:00:00,SWM7,5.3,54.044959289000005,0.002
2023-09-08 09:00:00,SWM8,5.0,50.985810650000005,0.0
2023-09-08 09:00:00,SWM9,4.5,45.887229585,0.011
2023-09-08 10:00:00,SWM10,4.3,43.847797159,0.0
2023-09-08 10:00:00,SWM10B,4.2,42.82808094600001,0.001
2023-09-08 10:00:00,SWM10C,4.2,42.82808094600001,0.0
2023-09-08 10:00:00,SWM11,5.5,56.084391715,0.013
2023-09-08 10:00:00,SWM12,5.2,53.025243076,0.037
2023-09-08 10:00:00,SWM13,5.3,54.044959289000005,0.001
2023-09-08 10:00:00,SWM14,5.6,57.104107928,0.013
2023-09-08 10:00:00,SWM15,5.1,52.005526863,0.0
2023-09-08 10:00:00,SWM2,5.3,54.044959289000005,0.011
2023-09-08 10:00:00,SWM3,5.4,55.06467550200001,0.0
2023-09-08 10:00:00,SWM4,5.3,54.044959289000005,0.033
2023-09-08 10:00:00,SWM6,5.2,53.025243076,0.186
2023-09-08 10:00:00,SWM7,5.4,55.06467550200001,0.0
2023-09-08 10:00:00,SWM8,5.2,53.025243076,0.0
2023-09-08 10:00:00,SWM9,4.5,45.887229585,0.019
2023-09-08 11:00:00,SWM10,4.4,44.867513372000005,0.007
2023-09-08 11:00:00,SWM10B,4.3,43.847797159,0.02
2023-09-08 11:00:00,SWM10C,4.3,43.847797159,0.005
2023-09-08 11:00:00,SWM11,5.4,55.06467550200001,0.012
2023-09-08 11:00:00,SWM12,5.1,52.005526863,0.0
2023-09-08 11:00:00,SWM13,5.2,53.025243076,0.01
2023-09-08 11:00:00,SWM14,5.5,56.084391715,0.048
2023-09-08 11:00:00,SWM15,4.9,49.96609443700001,0.0
2023-09-08 11:00:00,SWM2,5.2,53.025243076,0.008
2023-09-08 11:00:00,SWM3,5.2,53.025243076,0.0
2023-09-08 11:00:00,SWM4,5.2,53.025243076,0.014
2023-09-08 11:00:00,SWM6,5.1,52.005526863,0.067
2023-09-08 11:00:00,SWM7,5.2,53.025243076,0.0
2023-09-08 11:00:00,SWM8,5.1,52.005526863,0.002
2023-09-08 11:00:00,SWM9,5.6,57.104107928,0.0
2023-09-08 12:00:00,SWM10,4.2,42.82808094600001,0.001
2023-09-08 12:00:00,SWM10B,4.1,41.808364733,0.0
2023-09-08 12:00:00,SWM10C,4.2,42.82808094600001,0.02
2023-09-08 12:00:00,SWM11,5.4,55.06467550200001,0.021
2023-09-08 12:00:00,SWM12,5.1,52.005526863,0.019
2023-09-08 12:00:00,SWM13,5.2,53.025243076,0.001
2023-09-08 12:00:00,SWM14,5.5,56.084391715,0.014
2023-09-08 12:00:00,SWM15,5.0,50.985810650000005,0.0
2023-09-08 12:00:00,SWM2,5.3,54.044959289000005,0.008
2023-09-08 12:00:00,SWM3,5.3,54.044959289000005,0.0
2023-09-08 12:00:00,SWM4,5.2,53.025243076,0.006
2023-09-08 12:00:00,SWM6,5.1,52.005526863,0.018
2023-09-08 12:00:00,SWM7,5.3,54.044959289000005,0.0
2023-09-08 12:00:00,SWM8,5.1,52.005526863,0.085
2023-09-08 12:00:00,SWM9,4.5,45.887229585,0.01
2023-09-08 13:00:00,SWM10,4.3,43.847797159,0.0
2023-09-08 13:00:00,SWM10B,4.2,42.82808094600001,0.01
2023-09-08 13:00:00,SWM10C,4.2,42.82808094600001,0.006
2023-09-08 13:00:00,SWM11,5.5,56.084391715,0.012
2023-09-08 13:00:00,SWM12,5.2,53.025243076,0.095
2023-09-08 13:00:00,SWM13,5.3,54.044959289000005,0.01
2023-09-08 13:00:00,SWM14,5.6,57.104107928,0.03
2023-09-08 13:00:00,SWM15,5.1,52.005526863,0.0
2023-09-08 13:00:00,SWM2,5.3,54.044959289000005,0.013
2023-09-08 13:00:00,SWM3,5.3,54.044959289000005,0.0
2023-09-08 13:00:00,SWM4,5.3,54.044959289000005,0.007
2023-09-08 13:00:00,SWM6,5.2,53.025243076,0.056
2023-09-08 13:00:00,SWM7,5.4,55.06467550200001,0.005
2023-09-08 13:00:00,SWM8,5.2,53.025243076,0.122
2023-09-08 13:00:00,SWM9,4.4,44.867513372000005,0.0
2023-09-08 14:00:00,SWM10,4.3,43.847797159,0.005
2023-09-08 14:00:00,SWM10B,4.2,42.82808094600001,0.0
2023-09-08 14:00:00,SWM10C,4.2,42.82808094600001,0.001
2023-09-08 14:00:00,SWM11,5.5,56.084391715,0.013
2023-09-08 14:00:00,SWM12,5.2,53.025243076,0.007
2023-09-08 14:00:00,SWM13,5.3,54.044959289000005,0.028
2023-09-08 14:00:00,SWM14,5.6,57.104107928,0.01
2023-09-08 14:00:00,SWM15,5.1,52.005526863,0.0
2023-09-08 14:00:00,SWM2,5.4,55.06467550200001,0.004
2023-09-08 14:00:00,SWM3,5.4,55.06467550200001,0.0
2023-09-08 14:00:00,SWM4,5.3,54.044959289000005,0.009
2023-09-08 14:00:00,SWM6,5.2,53.025243076,0.014
2023-09-08 14:00:00,SWM7,5.4,55.06467550200001,0.001
2023-09-08 14:00:00,SWM8,5.2,53.025243076,0.0
2023-09-08 14:00:00,SWM9,4.4,44.867513372000005,0.0
2023-09-08 15:00:00,SWM10,4.3,43.847797159,0.015
2023-09-08 15:00:00,SWM10B,4.1,41.808364733,0.003
2023-09-08 15:00:00,SWM10C,4.2,42.82808094600001,0.0
2023-09-08 15:00:00,SWM11,5.5,56.084391715,0.012
2023-09-08 15:00:00,SWM12,5.1,52.005526863,0.0
2023-09-08 15:00:00,SWM13,5.3,54.044959289000005,0.0
2023-09-08 15:00:00,SWM14,5.6,57.104107928,0.022
2023-09-08 15:00:00,SWM15,5.0,50.985810650000005,0.003
2023-09-08 15:00:00,SWM2,5.3,54.044959289000005,0.009
2023-09-08 15:00:00,SWM3,5.4,55.06467550200001,0.003
2023-09-08 15:00:00,SWM4,5.3,54.044959289000005,0.015
2023-09-08 15:00:00,SWM6,5.2,53.025243076,0.022
2023-09-08 15:00:00,SWM7,5.4,55.06467550200001,0.009
2023-09-08 15:00:00,SWM8,5.1,52.005526863,0.001
2023-09-08 15:00:00,SWM9,4.4,44.867513372000005,0.0
2023-09-08 16:00:00,SWM10,4.25,43.337939052500005,0.0
2023-09-08 16:00:00,SWM10B,4.1,41.808364733,0.0
2023-09-08 16:00:00,SWM10C,4.1,41.808364733,0.0
2023-09-08 16:00:00,SWM11,5.4,55.06467550200001,0.03
2023-09-08 16:00:00,SWM12,5.0,50.985810650000005,0.0
2023-09-08 16:00:00,SWM13,5.2,53.025243076,0.017
2023-09-08 16:00:00,SWM14,5.5,56.084391715,0.015
2023-09-08 16:00:00,SWM15,5.0,50.985810650000005,0.0
2023-09-08 16:00:00,SWM2,5.3,54.044959289000005,0.034
2023-09-08 16:00:00,SWM3,5.3,54.044959289000005,0.029
2023-09-08 16:00:00,SWM4,5.2,53.025243076,0.007
2023-09-08 16:00:00,SWM6,5.1,52.005526863,0.112
2023-09-08 16:00:00,SWM7,5.3,54.044959289000005,0.057
2023-09-08 16:00:00,SWM8,5.1,52.005526863,0.168
2023-09-08 16:00:00,SWM9,4.4,44.867513372000005,0.0
2023-09-08 17:00:00,SWM10,4.4,44.867513372000005,0.0
2023-09-08 17:00:00,SWM10B,4.25,43.337939052500005,0.004
2023-09-08 17:00:00,SWM10C,4.3,43.847797159,0.043
2023-09-08 17:00:00,SWM11,5.4,55.06467550200001,0.016
2023-09-08 17:00:00,SWM12,5.1,52.005526863,0.0
2023-09-08 17:00:00,SWM13,5.2,53.025243076,0.023
2023-09-08 17:00:00,SWM14,5.5,56.084391715,0.021
2023-09-08 17:00:00,SWM15,5.0,50.985810650000005,0.0
2023-09-08 17:00:00,SWM2,5.3,54.044959289000005,0.076
2023-09-08 17:00:00,SWM3,5.3,54.044959289000005,0.005
2023-09-08 17:00:00,SWM4,5.2,53.025243076,0.015
2023-09-08 17:00:00,SWM6,5.1,52.005526863,0.019
2023-09-08 17:00:00,SWM7,5.4,55.06467550200001,0.219
2023-09-08 17:00:00,SWM8,5.1,52.005526863,0.131
2023-09-08 17:00:00,SWM9,5.9,60.163256567000005,0.0
2023-09-08 18:00:00,SWM10,4.4,44.867513372000005,0.094
2023-09-08 18:00:00,SWM10B,4.2,42.82808094600001,0.0
2023-09-08 18:00:00,SWM10C,4.3,43.847797159,0.033
2023-09-08 18:00:00,SWM11,5.5,56.084391715,0.039
2023-09-08 18:00:00,SWM12,5.1,52.005526863,0.0
2023-09-08 18:00:00,SWM13,5.3,54.044959289000005,0.041
2023-09-08 18:00:00,SWM14,5.6,57.104107928,0.007
2023-09-08 18:00:00,SWM15,5.1,52.005526863,0.001
2023-09-08 18:00:00,SWM2,5.3,54.044959289000005,0.02
2023-09-08 18:00:00,SWM3,5.4,55.06467550200001,0.005
2023-09-08 18:00:00,SWM4,5.3,54.044959289000005,0.002
2023-09-08 18:00:00,SWM6,5.2,53.025243076,0.033
2023-09-08 18:00:00,SWM7,5.4,55.06467550200001,0.117
2023-09-08 18:00:00,SWM8,5.2,53.025243076,0.104
2023-09-08 18:00:00,SWM9,5.6,57.104107928,0.0
2023-09-08 19:00:00,SWM10,4.5,45.887229585,0.048
2023-09-08 19:00:00,SWM10B,4.45,45.3773714785,0.018
2023-09-08 19:00:00,SWM10C,4.4,44.867513372000005,0.001
2023-09-08 19:00:00,SWM11,5.5,56.084391715,0.016
2023-09-08 19:00:00,SWM12,5.1,52.005526863,0.0
2023-09-08 19:00:00,SWM13,5.3,54.044959289000005,0.027
2023-09-08 19:00:00,SWM14,5.6,57.104107928,0.0
2023-09-08 19:00:00,SWM15,5.1,52.005526863,0.065
2023-09-08 19:00:00,SWM2,5.4,55.06467550200001,0.141
2023-09-08 19:00:00,SWM3,5.4,55.06467550200001,0.006
2023-09-08 19:00:00,SWM4,5.3,54.044959289000005,0.003
2023-09-08 19:00:00,SWM6,5.2,53.025243076,0.006
2023-09-08 19:00:00,SWM7,5.4,55.06467550200001,0.061
2023-09-08 19:00:00,SWM8,5.2,53.025243076,0.024
2023-09-08 19:00:00,SWM9,5.3,54.044959289000005,0.0
2023-09-08 20:00:00,SWM10,4.5,45.887229585,0.0
2023-09-08 20:00:00,SWM10B,4.3,43.847797159,0.018
2023-09-08 20:00:00,SWM10C,4.4,44.867513372000005,0.0
2023-09-08 20:00:00,SWM11,5.3,54.044959289000005,0.012
2023-09-08 20:00:00,SWM12,4.9,49.96609443700001,0.0
2023-09-08 20:00:00,SWM13,5.1,52.005526863,0.017
2023-09-08 20:00:00,SWM14,5.4,55.06467550200001,0.003
2023-09-08 20:00:00,SWM15,4.9,49.96609443700001,0.002
2023-09-08 20:00:00,SWM2,5.1,52.005526863,0.119
2023-09-08 20:00:00,SWM3,5.1,52.005526863,0.001
2023-09-08 20:00:00,SWM4,5.1,52.005526863,0.005
2023-09-08 20:00:00,SWM6,5.0,50.985810650000005,0.024
2023-09-08 20:00:00,SWM7,5.2,53.025243076,0.046
2023-09-08 20:00:00,SWM8,5.0,50.985810650000005,0.007
2023-09-08 20:00:00,SWM9,5.1,52.005526863,0.017
2023-09-08 21:00:00,SWM10,4.25,43.337939052500005,0.016
2023-09-08 21:00:00,SWM10B,4.1,41.808364733,0.007
2023-09-08 21:00:00,SWM10C,4.1,41.808364733,0.0
2023-09-08 21:00:00,SWM11,5.3,54.044959289000005,0.009
2023-09-08 21:00:00,SWM12,4.9,49.96609443700001,0.01
2023-09-08 21:00:00,SWM13,5.1,52.005526863,0.091
2023-09-08 21:00:00,SWM14,5.4,55.06467550200001,0.0
2023-09-08 21:00:00,SWM15,4.9,49.96609443700001,0.0
2023-09-08 21:00:00,SWM2,5.1,52.005526863,0.023
2023-09-08 21:00:00,SWM3,5.1,52.005526863,0.0
2023-09-08 21:00:00,SWM4,5.1,52.005526863,0.004
2023-09-08 21:00:00,SWM6,5.0,50.985810650000005,0.025
2023-09-08 21:00:00,SWM7,5.2,53.025243076,0.014
2023-09-08 21:00:00,SWM8,5.0,50.985810650000005,0.043
2023-09-08 21:00:00,SWM9,4.6,46.906945798,0.009
2023-09-08 22:00:00,SWM10,4.3,43.847797159,0.013
2023-09-08 22:00:00,SWM10B,4.1,41.808364733,0.0
2023-09-08 22:00:00,SWM10C,4.2,42.82808094600001,0.007
2023-09-08 22:00:00,SWM11,5.4,55.06467550200001,0.011
2023-09-08 22:00:00,SWM12,5.0,50.985810650000005,0.0
2023-09-08 22:00:00,SWM13,5.2,53.025243076,0.0
2023-09-08 22:00:00,SWM14,5.5,56.084391715,0.005
2023-09-08 22:00:00,SWM15,5.0,50.985810650000005,0.0
2023-09-08 22:00:00,SWM2,5.2,53.025243076,0.011
2023-09-08 22:00:00,SWM3,5.25,53.5351011825,0.002
2023-09-08 22:00:00,SWM4,5.2,53.025243076,0.0
2023-09-08 22:00:00,SWM6,5.1,52.005526863,0.046
2023-09-08 22:00:00,SWM7,5.3,54.044959289000005,0.003
2023-09-08 22:00:00,SWM8,5.1,52.005526863,0.03
2023-09-08 22:00:00,SWM9,5.2,53.025243076,0.0
2023-09-08 23:00:00,SWM10,4.3,43.847797159,0.019
2023-09-08 23:00:00,SWM10B,4.1,41.808364733,0.0
2023-09-08 23:00:00,SWM10C,4.2,42.82808094600001,0.0
2023-09-08 23:00:00,SWM11,5.5,56.084391715,0.02
2023-09-08 23:00:00,SWM12,5.1,52.005526863,0.0
2023-09-08 23:00:00,SWM13,5.2,53.025243076,0.003
2023-09-08 23:00:00,SWM14,5.6,57.104107928,0.0
2023-09-08 23:00:00,SWM15,5.0,50.985810650000005,0.0
2023-09-08 23:00:00,SWM2,5.3,54.044959289000005,0.0
2023-09-08 23:00:00,SWM3,5.4,55.06467550200001,0.021
2023-09-08 23:00:00,SWM4,5.3,54.044959289000005,0.003
2023-09-08 23:00:00,SWM6,5.2,53.025243076,0.007
2023-09-08 23:00:00,SWM7,5.3,54.044959289000005,0.006
2023-09-08 23:00:00,SWM8,5.2,53.025243076,0.06
2023-09-08 23:00:00,SWM9,4.9,49.96609443700001,0.0
2023-09-09 00:00:00,SWM10,4.2,42.82808094600001,0.007
2023-09-09 00:00:00,SWM10B,4.1,41.808364733,0.0
2023-09-09 00:00:00,SWM10C,4.1,41.808364733,0.0
2023-09-09 00:00:00,SWM11,5.5,56.084391715,0.007
2023-09-09 00:00:00,SWM12,5.1,52.005526863,0.0
2023-09-09 00:00:00,SWM13,5.2,53.025243076,0.0
2023-09-09 00:00:00,SWM14,5.6,57.104107928,0.0
2023-09-09 00:00:00,SWM15,5.0,50.985810650000005,0.0
2023-09-09 00:00:00,SWM2,5.2,53.025243076,0.0
2023-09-09 00:00:00,SWM3,5.4,55.06467550200001,0.0
2023-09-09 00:00:00,SWM4,5.3,54.044959289000005,0.0
2023-09-09 00:00:00,SWM6,5.2,53.025243076,0.016
2023-09-09 00:00:00,SWM7,5.4,55.06467550200001,0.007
2023-09-09 00:00:00,SWM8,5.2,53.025243076,0.015
2023-09-09 00:00:00,SWM9,4.6,46.906945798,0.0
2023-09-09 01:00:00,SWM10,4.3,43.847797159,0.004
2023-09-09 01:00:00,SWM10B,4.2,42.82808094600001,0.004
2023-09-09 01:00:00,SWM10C,4.2,42.82808094600001,0.0
2023-09-09 01:00:00,SWM11,5.4,55.06467550200001,0.056
2023-09-09 01:00:00,SWM12,5.1,52.005526863,0.0
2023-09-09 01:00:00,SWM13,5.2,53.025243076,0.0
2023-09-09 01:00:00,SWM14,5.5,56.084391715,0.0
2023-09-09 01:00:00,SWM15,5.0,50.985810650000005,0.0
2023-09-09 01:00:00,SWM2,5.2,53.025243076,0.0
2023-09-09 01:00:00,SWM3,5.3,54.044959289000005,0.0
2023-09-09 01:00:00,SWM4,5.3,54.044959289000005,0.005
2023-09-09 01:00:00,SWM6,5.1,52.005526863,0.012
2023-09-09 01:00:00,SWM7,5.4,55.06467550200001,0.008
2023-09-09 01:00:00,SWM8,5.1,52.005526863,0.006
2023-09-09 01:00:00,SWM9,4.4,44.867513372000005,0.0
2023-09-09 02:00:00,SWM10,4.3,43.847797159,0.0
2023-09-09 02:00:00,SWM10B,4.2,42.82808094600001,0.0
2023-09-09 02:00:00,SWM10C,4.2,42.82808094600001,0.0
2023-09-09 02:00:00,SWM11,5.5,56.084391715,0.02
2023-09-09 02:00:00,SWM12,5.1,52.005526863,0.0
2023-09-09 02:00:00,SWM13,5.2,53.025243076,0.0
2023-09-09 02:00:00,SWM14,5.6,57.104107928,0.0
2023-09-09 02:00:00,SWM15,5.0,50.985810650000005,0.0
2023-09-09 02:00:00,SWM2,5.2,53.025243076,0.0
2023-09-09 02:00:00,SWM3,5.3,54.044959289000005,0.0
2023-09-09 02:00:00,SWM4,5.3,54.044959289000005,0.0
2023-09-09 02:00:00,SWM6,5.2,53.025243076,0.0
2023-09-09 02:00:00,SWM7,5.4,55.06467550200001,0.0
2023-09-09 02:00:00,SWM8,5.2,53.025243076,0.014
2023-09-09 02:00:00,SWM9,4.3,43.847797159,0.0
2023-09-09 03:00:00,SWM10,4.3,43.847797159,0.0
2023-09-09 03:00:00,SWM10B,4.2,42.82808094600001,0.0
2023-09-09 03:00:00,SWM10C,4.2,42.82808094600001,0.0
2023-09-09 03:00:00,SWM11,5.4,55.06467550200001,0.013
2023-09-09 03:00:00,SWM12,5.1,52.005526863,0.0
2023-09-09 03:00:00,SWM13,5.2,53.025243076,0.0
2023-09-09 03:00:00,SWM14,5.5,56.084391715,0.0
2023-09-09 03:00:00,SWM15,5.0,50.985810650000005,0.0
2023-09-09 03:00:00,SWM2,5.2,53.025243076,0.0
2023-09-09 03:00:00,SWM3,5.3,54.044959289000005,0.0
2023-09-09 03:00:00,SWM4,5.3,54.044959289000005,0.0
2023-09-09 03:00:00,SWM6,5.1,52.005526863,0.0
2023-09-09 03:00:00,SWM7,5.4,55.06467550200001,0.014
2023-09-09 03:00:00,SWM8,5.1,52.005526863,0.0
2023-09-09 03:00:00,SWM9,5.9,60.163256567000005,0.0
2023-09-09 04:00:00,SWM10,4.2,42.82808094600001,0.0
2023-09-09 04:00:00,SWM10B,4.0,40.78864852,0.0
2023-09-09 04:00:00,SWM10C,4.1,41.808364733,0.0
2023-09-09 04:00:00,SWM11,5.7,58.12382414100001,0.013
2023-09-09 04:00:00,SWM12,5.3,54.044959289000005,0.009
2023-09-09 04:00:00,SWM13,5.4,55.06467550200001,0.0
2023-09-09 04:00:00,SWM14,5.7,58.12382414100001,0.0
2023-09-09 04:00:00,SWM15,5.3,54.044959289000005,0.011
2023-09-09 04:00:00,SWM2,5.4,55.06467550200001,0.0
2023-09-09 04:00:00,SWM3,5.5,56.084391715,0.0
2023-09-09 04:00:00,SWM4,5.5,56.084391715,0.004
2023-09-09 04:00:00,SWM6,5.3,54.044959289000005,0.0
2023-09-09 04:00:00,SWM7,5.6,57.104107928,0.135
2023-09-09 04:00:00,SWM8,5.4,55.06467550200001,0.008
2023-09-09 04:00:00,SWM9,5.6,57.104107928,0.0
2023-09-09 05:00:00,SWM10,4.3,43.847797159,0.0
2023-09-09 05:00:00,SWM10B,4.2,42.82808094600001,0.019
2023-09-09 05:00:00,SWM10C,4.2,42.82808094600001,0.004
2023-09-09 05:00:00,SWM11,5.6,57.104107928,0.018
2023-09-09 05:00:00,SWM12,5.2,53.025243076,0.0
2023-09-09 05:00:00,SWM13,5.3,54.044959289000005,0.0
2023-09-09 05:00:00,SWM14,5.7,58.12382414100001,0.017
2023-09-09 05:00:00,SWM15,5.2,53.025243076,0.0
2023-09-09 05:00:00,SWM2,5.4,55.06467550200001,0.0
2023-09-09 05:00:00,SWM3,5.4,55.06467550200001,0.0
2023-09-09 05:00:00,SWM4,5.4,55.06467550200001,0.0
2023-09-09 05:00:00,SWM6,5.3,54.044959289000005,0.027
2023-09-09 05:00:00,SWM7,5.5,56.084391715,0.059
2023-09-09 05:00:00,SWM8,5.3,54.044959289000005,0.007
2023-09-09 05:00:00,SWM9,5.4,55.06467550200001,0.0
2023-09-09 06:00:00,SWM10,4.3,43.847797159,0.006
2023-09-09 06:00:00,SWM10B,4.2,42.82808094600001,0.016
2023-09-09 06:00:00,SWM10C,4.2,42.82808094600001,0.005
2023-09-09 06:00:00,SWM11,5.4,55.06467550200001,0.02
2023-09-09 06:00:00,SWM12,5.0,50.985810650000005,0.0
2023-09-09 06:00:00,SWM13,5.2,53.025243076,0.021
2023-09-09 06:00:00,SWM14,5.5,56.084391715,0.018
2023-09-09 06:00:00,SWM15,5.0,50.985810650000005,0.0
2023-09-09 06:00:00,SWM2,5.2,53.025243076,0.015
2023-09-09 06:00:00,SWM3,5.3,54.044959289000005,0.0
2023-09-09 06:00:00,SWM4,5.2,53.025243076,0.005
2023-09-09 06:00:00,SWM6,5.1,52.005526863,0.01
2023-09-09 06:00:00,SWM7,5.3,54.044959289000005,0.106
2023-09-09 06:00:00,SWM8,5.1,52.005526863,0.022
2023-09-09 06:00:00,SWM9,5.1,52.005526863,0.0
2023-09-09 07:00:00,SWM10,4.3,43.847797159,0.008
2023-09-09 07:00:00,SWM10B,4.2,42.82808094600001,0.044
2023-09-09 07:00:00,SWM10C,4.3,43.847797159,0.014
2023-09-09 07:00:00,SWM11,5.4,55.06467550200001,0.009
2023-09-09 07:00:00,SWM12,5.0,50.985810650000005,0.0
2023-09-09 07:00:00,SWM13,5.2,53.025243076,0.02
2023-09-09 07:00:00,SWM14,5.5,56.084391715,0.0
2023-09-09 07:00:00,SWM15,4.9,49.96609443700001,0.0
2023-09-09 07:00:00,SWM2,5.2,53.025243076,0.022
2023-09-09 07:00:00,SWM3,5.3,54.044959289000005,0.021
2023-09-09 07:00:00,SWM4,5.2,53.025243076,0.0
2023-09-09 07:00:00,SWM6,5.1,52.005526863,0.023
2023-09-09 07:00:00,SWM7,5.2,53.025243076,0.011
2023-09-09 07:00:00,SWM8,5.1,52.005526863,0.041
2023-09-09 07:00:00,SWM9,4.9,49.96609443700001,0.0
2023-09-09 08:00:00,SWM10,4.4,44.867513372000005,0.013
2023-09-09 08:00:00,SWM10B,4.2,42.82808094600001,0.02
2023-09-09 08:00:00,SWM10C,4.3,43.847797159,0.004
2023-09-09 08:00:00,SWM11,5.3,54.044959289000005,0.018
2023-09-09 08:00:00,SWM12,5.0,50.985810650000005,0.0
2023-09-09 08:00:00,SWM13,5.15,52.515384969500005,0.028
2023-09-09 08:00:00,SWM14,5.4,55.06467550200001,0.0
2023-09-09 08:00:00,SWM15,4.9,49.96609443700001,0.0
2023-09-09 08:00:00,SWM2,5.2,53.025243076,0.041
2023-09-09 08:00:00,SWM3,5.2,53.025243076,0.042
2023-09-09 08:00:00,SWM4,5.2,53.025243076,0.03
2023-09-09 08:00:00,SWM6,5.0,50.985810650000005,0.029
2023-09-09 08:00:00,SWM7,5.3,54.044959289000005,0.046
2023-09-09 08:00:00,SWM8,5.0,50.985810650000005,0.088
2023-09-09 08:00:00,SWM9,4.7,47.926662011000005,0.0
2023-09-09 09:00:00,SWM10,4.4,44.867513372000005,0.061
2023-09-09 09:00:00,SWM10B,4.3,43.847797159,0.028
2023-09-09 09:00:00,SWM10C,4.3,43.847797159,0.025
2023-09-09 09:00:00,SWM11,5.4,55.06467550200001,0.011
2023-09-09 09:00:00,SWM12,5.0,50.985810650000005,0.0
2023-09-09 09:00:00,SWM13,5.2,53.025243076,0.173
2023-09-09 09:00:00,SWM14,5.5,56.084391715,0.0
2023-09-09 09:00:00,SWM15,4.9,49.96609443700001,0.0
2023-09-09 09:00:00,SWM2,5.2,53.025243076,0.039
2023-09-09 09:00:00,SWM3,5.3,54.044959289000005,0.017
2023-09-09 09:00:00,SWM4,5.2,53.025243076,0.01
2023-09-09 09:00:00,SWM6,5.1,52.005526863,0.074
2023-09-09 09:00:00,SWM7,5.3,54.044959289000005,0.008
2023-09-09 09:00:00,SWM8,5.1,52.005526863,0.04
2023-09-09 09:00:00,SWM9,4.5,45.887229585,0.0
2023-09-09 10:00:00,SWM10,4.35,44.3576552655,0.017
2023-09-09 10:00:00,SWM10B,4.3,43.847797159,0.027
2023-09-09 10:00:00,SWM10C,4.3,43.847797159,0.001
2023-09-09 10:00:00,SWM11,5.4,55.06467550200001,0.029
2023-09-09 10:00:00,SWM12,5.1,52.005526863,0.009
2023-09-09 10:00:00,SWM13,5.2,53.025243076,0.059
2023-09-09 10:00:00,SWM14,5.5,56.084391715,0.0
2023-09-09 10:00:00,SWM15,5.0,50.985810650000005,0.0
2023-09-09 10:00:00,SWM2,5.3,54.044959289000005,0.103
2023-09-09 10:00:00,SWM3,5.3,54.044959289000005,0.018
2023-09-09 10:00:00,SWM4,5.2,53.025243076,0.011
2023-09-09 10:00:00,SWM6,5.1,52.005526863,0.228
2023-09-09 10:00:00,SWM7,5.3,54.044959289000005,0.241
2023-09-09 10:00:00,SWM8,5.1,52.005526863,0.152
2023-09-09 10:00:00,SWM9,5.8,59.143540354,0.0
2023-09-09 11:00:00,SWM10,4.3,43.847797159,0.0
2023-09-09 11:00:00,SWM10B,4.2,42.82808094600001,0.011
2023-09-09 11:00:00,SWM10C,4.3,43.847797159,0.038
2023-09-09 11:00:00,SWM11,5.3,54.044959289000005,0.024
2023-09-09 11:00:00,SWM12,5.0,50.985810650000005,0.015
2023-09-09 11:00:00,SWM13,5.2,53.025243076,0.018
2023-09-09 11:00:00,SWM14,5.4,55.06467550200001,0.0
2023-09-09 11:00:00,SWM15,4.9,49.96609443700001,0.0
2023-09-09 11:00:00,SWM2,5.2,53.025243076,0.027
2023-09-09 11:00:00,SWM3,5.2,53.025243076,0.01
2023-09-09 11:00:00,SWM4,5.2,53.025243076,0.0
2023-09-09 11:00:00,SWM6,5.0,50.985810650000005,0.032
2023-09-09 11:00:00,SWM7,5.3,54.044959289000005,0.235
2023-09-09 11:00:00,SWM8,5.1,52.005526863,0.063
2023-09-09 11:00:00,SWM9,5.5,56.084391715,0.0
2023-09-09 12:00:00,SWM10,4.3,43.847797159,0.0
2023-09-09 12:00:00,SWM10B,4.2,42.82808094600001,0.004
2023-09-09 12:00:00,SWM10C,4.2,42.82808094600001,0.004
2023-09-09 12:00:00,SWM11,5.4,55.06467550200001,0.06
2023-09-09 12:00:00,SWM12,5.2,53.025243076,0.099
2023-09-09 12:00:00,SWM13,5.2,53.025243076,0.0
2023-09-09 12:00:00,SWM14,5.5,56.084391715,0.0
2023-09-09 12:00:00,SWM15,5.0,50.985810650000005,0.0
2023-09-09 12:00:00,SWM2,5.3,54.044959289000005,0.043
2023-09-09 12:00:00,SWM3,5.4,55.06467550200001,0.011
2023-09-09 12:00:00,SWM4,5.3,54.044959289000005,0.009
2023-09-09 12:00:00,SWM6,5.2,53.025243076,0.059
2023-09-09 12:00:00,SWM7,5.4,55.06467550200001,0.108
2023-09-09 12:00:00,SWM8,5.2,53.025243076,0.037
2023-09-09 12:00:00,SWM9,5.3,54.044959289000005,0.0
2023-09-09 13:00:00,SWM10,4.3,43.847797159,0.0
2023-09-09 13:00:00,SWM10B,4.3,43.847797159,0.042
2023-09-09 13:00:00,SWM10C,4.3,43.847797159,0.007
2023-09-09 13:00:00,SWM11,5.5,56.084391715,0.002
2023-09-09 13:00:00,SWM12,5.2,53.025243076,0.028
2023-09-09 13:00:00,SWM13,5.3,54.044959289000005,0.004
2023-09-09 13:00:00,SWM14,5.6,57.104107928,0.001
2023-09-09 13:00:00,SWM15,5.1,52.005526863,0.0
2023-09-09 13:00:00,SWM2,5.4,55.06467550200001,0.003
2023-09-09 13:00:00,SWM3,5.4,55.06467550200001,0.001
2023-09-09 13:00:00,SWM4,5.4,55.06467550200001,0.012
2023-09-09 13:00:00,SWM6,5.2,53.025243076,0.028
2023-09-09 13:00:00,SWM7,5.5,56.084391715,0.036
2023-09-09 13:00:00,SWM8,5.2,53.025243076,0.013
2023-09-09 13:00:00,SWM9,5.0,50.985810650000005,0.0
2023-09-09 14:00:00,SWM10,4.2,42.82808094600001,0.0
2023-09-09 14:00:00,SWM10B,4.1,41.808364733,0.0
2023-09-09 14:00:00,SWM10C,4.2,42.82808094600001,0.024
2023-09-09 14:00:00,SWM11,5.5,56.084391715,0.023
2023-09-09 14:00:00,SWM12,5.2,53.025243076,0.024
2023-09-09 14:00:00,SWM13,5.4,55.06467550200001,0.039
2023-09-09 14:00:00,SWM14,5.65,57.61396603450001,0.022
2023-09-09 14:00:00,SWM15,5.1,52.005526863,0.0
2023-09-09 14:00:00,SWM2,5.4,55.06467550200001,0.067
2023-09-09 14:00:00,SWM3,5.4,55.06467550200001,0.017
2023-09-09 14:00:00,SWM4,5.4,55.06467550200001,0.012
2023-09-09 14:00:00,SWM6,5.2,53.025243076,0.034
2023-09-09 14:00:00,SWM7,5.5,56.084391715,0.115
2023-09-09 14:00:00,SWM8,5.2,53.025243076,0.159
2023-09-09 14:00:00,SWM9,4.8,48.946378224,0.0
2023-09-09 15:00:00,SWM10,4.25,43.337939052500005,0.0
2023-09-09 15:00:00,SWM10B,4.2,42.82808094600001,0.017
2023-09-09 15:00:00,SWM10C,4.2,42.82808094600001,0.0
2023-09-09 15:00:00,SWM11,5.4,55.06467550200001,0.028
2023-09-09 15:00:00,SWM12,5.2,53.025243076,0.017
2023-09-09 15:00:00,SWM13,5.3,54.044959289000005,0.009
2023-09-09 15:00:00,SWM14,5.6,57.104107928,0.026
2023-09-09 15:00:00,SWM15,5.1,52.005526863,0.023
2023-09-09 15:00:00,SWM2,5.3,54.044959289000005,0.015
2023-09-09 15:00:00,SWM3,5.4,55.06467550200001,0.008
2023-09-09 15:00:00,SWM4,5.3,54.044959289000005,0.006
2023-09-09 15:00:00,SWM6,5.2,53.025243076,0.001
2023-09-09 15:00:00,SWM7,5.4,55.06467550200001,0.022
2023-09-09 15:00:00,SWM8,5.2,53.025243076,0.047
2023-09-09 15:00:00,SWM9,4.6,46.906945798,0.0
2023-09-09 16:00:00,SWM10,4.2,42.82808094600001,0.0
2023-09-09 16:00:00,SWM10B,4.1,41.808364733,0.019
2023-09-09 16:00:00,SWM10C,4.1,41.808364733,0.0
2023-09-09 16:00:00,SWM11,5.4,55.06467550200001,0.047
2023-09-09 16:00:00,SWM12,5.2,53.025243076,0.009
2023-09-09 16:00:00,SWM13,5.3,54.044959289000005,0.0
2023-09-09 16:00:00,SWM14,5.6,57.104107928,0.019
2023-09-09 16:00:00,SWM15,5.1,52.005526863,0.03
2023-09-09 16:00:00,SWM2,5.4,55.06467550200001,0.041
2023-09-09 16:00:00,SWM3,5.4,55.06467550200001,0.01
2023-09-09 16:00:00,SWM4,5.3,54.044959289000005,0.024
2023-09-09 16:00:00,SWM6,5.2,53.025243076,0.013
2023-09-09 16:00:00,SWM7,5.4,55.06467550200001,0.041
2023-09-09 16:00:00,SWM8,5.2,53.025243076,0.103
2023-09-09 16:00:00,SWM9,4.5,45.887229585,0.0
2023-09-09 17:00:00,SWM10,4.3,43.847797159,0.0
2023-09-09 17:00:00,SWM10B,4.2,42.82808094600001,0.027
2023-09-09 17:00:00,SWM10C,4.3,43.847797159,0.01
2023-09-09 17:00:00,SWM11,5.5,56.084391715,0.022
2023-09-09 17:00:00,SWM12,5.2,53.025243076,0.0
2023-09-09 17:00:00,SWM13,5.4,55.06467550200001,0.031
2023-09-09 17:00:00,SWM14,5.7,58.12382414100001,0.03
2023-09-09 17:00:00,SWM15,5.1,52.005526863,0.0
2023-09-09 17:00:00,SWM2,5.4,55.06467550200001,0.027
2023-09-09 17:00:00,SWM3,5.4,55.06467550200001,0.017
2023-09-09 17:00:00,SWM4,5.4,55.06467550200001,0.049
2023-09-09 17:00:00,SWM6,5.2,53.025243076,0.039
2023-09-09 17:00:00,SWM7,5.5,56.084391715,0.011
2023-09-09 17:00:00,SWM8,5.25,53.5351011825,0.067
2023-09-09 17:00:00,SWM9,6.2,63.222405206000005,0.0
2023-09-09 18:00:00,SWM10,4.5,45.887229585,0.0
2023-09-09 18:00:00,SWM10B,4.4,44.867513372000005,0.004
2023-09-09 18:00:00,SWM10C,4.4,44.867513372000005,0.013
2023-09-09 18:00:00,SWM11,5.4,55.06467550200001,0.018
2023-09-09 18:00:00,SWM12,5.2,53.025243076,0.0
2023-09-09 18:00:00,SWM13,5.4,55.06467550200001,0.035
2023-09-09 18:00:00,SWM14,5.6,57.104107928,0.012
2023-09-09 18:00:00,SWM15,5.1,52.005526863,0.0
2023-09-09 18:00:00,SWM2,5.4,55.06467550200001,0.066
2023-09-09 18:00:00,SWM3,5.4,55.06467550200001,0.006
2023-09-09 18:00:00,SWM4,5.3,54.044959289000005,0.021
2023-09-09 18:00:00,SWM6,5.2,53.025243076,0.026
2023-09-09 18:00:00,SWM7,5.4,55.06467550200001,0.017
2023-09-09 18:00:00,SWM8,5.2,53.025243076,0.055
2023-09-09 18:00:00,SWM9,5.9,60.163256567000005,0.0
2023-09-09 19:00:00,SWM10,4.4,44.867513372000005,0.018
2023-09-09 19:00:00,SWM10B,4.3,43.847797159,0.09
2023-09-09 19:00:00,SWM10C,4.3,43.847797159,0.004
2023-09-09 19:00:00,SWM11,5.4,55.06467550200001,0.016
2023-09-09 19:00:00,SWM12,5.2,53.025243076,0.019
2023-09-09 19:00:00,SWM13,5.3,54.044959289000005,0.0
2023-09-09 19:00:00,SWM14,5.6,57.104107928,0.006
2023-09-09 19:00:00,SWM15,5.1,52.005526863,0.0
2023-09-09 19:00:00,SWM2,5.3,54.044959289000005,0.0
2023-09-09 19:00:00,SWM3,5.4,55.06467550200001,0.002
2023-09-09 19:00:00,SWM4,5.3,54.044959289000005,0.014
2023-09-09 19:00:00,SWM6,5.2,53.025243076,0.035
2023-09-09 19:00:00,SWM7,5.3,54.044959289000005,0.134
2023-09-09 19:00:00,SWM8,5.2,53.025243076,0.036
2023-09-09 19:00:00,SWM9,5.6,57.104107928,0.0
2023-09-09 20:00:00,SWM10,4.5,45.887229585,0.0
2023-09-09 20:00:00,SWM10B,4.3,43.847797159,0.004
2023-09-09 20:00:00,SWM10C,4.4,44.867513372000005,0.01
2023-09-09 20:00:00,SWM11,5.2,53.025243076,0.0
2023-09-09 20:00:00,SWM12,5.0,50.985810650000005,0.012
2023-09-09 20:00:00,SWM13,5.1,52.005526863,0.009
2023-09-09 20:00:00,SWM14,5.4,55.06467550200001,0.0
2023-09-09 20:00:00,SWM15,4.9,49.96609443700001,0.0
2023-09-09 20:00:00,SWM2,5.1,52.005526863,0.133
2023-09-09 20:00:00,SWM3,5.2,53.025243076,0.0
2023-09-09 20:00:00,SWM4,5.1,52.005526863,0.0
2023-09-09 20:00:00,SWM6,5.0,50.985810650000005,0.008
2023-09-09 20:00:00,SWM7,5.2,53.025243076,0.123
2023-09-09 20:00:00,SWM8,5.0,50.985810650000005,0.068
2023-09-09 20:00:00,SWM9,5.3,54.044959289000005,0.0
2023-09-09 21:00:00,SWM10,4.3,43.847797159,0.0
2023-09-09 21:00:00,SWM10B,4.2,42.82808094600001,0.0
2023-09-09 21:00:00,SWM10C,4.2,42.82808094600001,0.006
2023-09-09 21:00:00,SWM11,5.2,53.025243076,0.005
2023-09-09 21:00:00,SWM12,5.0,50.985810650000005,0.011
2023-09-09 21:00:00,SWM13,5.1,52.005526863,0.094
2023-09-09 21:00:00,SWM14,5.4,55.06467550200001,0.07
2023-09-09 21:00:00,SWM15,4.8,48.946378224,0.0
2023-09-09 21:00:00,SWM2,5.1,52.005526863,0.011
2023-09-09 21:00:00,SWM3,5.15,52.515384969500005,0.0
2023-09-09 21:00:00,SWM4,5.1,52.005526863,0.008
2023-09-09 21:00:00,SWM6,5.0,50.985810650000005,0.079
2023-09-09 21:00:00,SWM7,5.2,53.025243076,0.007
2023-09-09 21:00:00,SWM8,5.0,50.985810650000005,0.025
2023-09-09 21:00:00,SWM9,5.1,52.005526863,0.0
2023-09-09 22:00:00,SWM10,4.3,43.847797159,0.01
2023-09-09 22:00:00,SWM10B,4.2,42.82808094600001,0.004
2023-09-09 22:00:00,SWM10C,4.2,42.82808094600001,0.013
2023-09-09 22:00:00,SWM11,5.3,54.044959289000005,0.0
2023-09-09 22:00:00,SWM12,5.1,52.005526863,0.012
2023-09-09 22:00:00,SWM13,5.2,53.025243076,0.012
2023-09-09 22:00:00,SWM14,5.5,56.084391715,0.003
2023-09-09 22:00:00,SWM15,4.9,49.96609443700001,0.0
2023-09-09 22:00:00,SWM2,5.2,53.025243076,0.049
2023-09-09 22:00:00,SWM3,5.25,53.5351011825,0.006
2023-09-09 22:00:00,SWM4,5.2,53.025243076,0.003
2023-09-09 22:00:00,SWM6,5.1,52.005526863,0.014
2023-09-09 22:00:00,SWM7,5.3,54.044959289000005,0.004
2023-09-09 22:00:00,SWM8,5.1,52.005526863,0.031
2023-09-09 22:00:00,SWM9,4.8,48.946378224,0.0
2023-09-09 23:00:00,SWM10,4.2,42.82808094600001,0.012
2023-09-09 23:00:00,SWM10B,4.0,40.78864852,0.0
2023-09-09 23:00:00,SWM10C,4.1,41.808364733,0.0
2023-09-09 23:00:00,SWM11,5.3,54.044959289000005,0.009
2023-09-09 23:00:00,SWM12,5.1,52.005526863,0.0
2023-09-09 23:00:00,SWM13,5.2,53.025243076,0.0
2023-09-09 23:00:00,SWM14,5.5,56.084391715,0.002
2023-09-09 23:00:00,SWM15,5.0,50.985810650000005,0.0
2023-09-09 23:00:00,SWM2,5.2,53.025243076,0.02
2023-09-09 23:00:00,SWM3,5.3,54.044959289000005,0.023
2023-09-09 23:00:00,SWM4,5.2,53.025243076,0.0
2023-09-09 23:00:00,SWM6,5.1,52.005526863,0.013
2023-09-09 23:00:00,SWM7,5.3,54.044959289000005,0.008
2023-09-09 23:00:00,SWM8,5.1,52.005526863,0.083
2023-09-09 23:00:00,SWM9,4.6,46.906945798,0.0
2023-09-10 00:00:00,SWM10,4.3,43.847797159,0.0
2023-09-10 00:00:00,SWM10B,4.2,42.82808094600001,0.003
2023-09-10 00:00:00,SWM10C,4.2,42.82808094600001,0.0
2023-09-10 00:00:00,SWM11,5.4,55.06467550200001,0.0
2023-09-10 00:00:00,SWM12,5.1,52.005526863,0.0
2023-09-10 00:00:00,SWM13,5.2,53.025243076,0.0
2023-09-10 00:00:00,SWM14,5.6,57.104107928,0.0
2023-09-10 00:00:00,SWM15,5.0,50.985810650000005,0.0
2023-09-10 00:00:00,SWM2,5.3,54.044959289000005,0.0
2023-09-10 00:00:00,SWM3,5.4,55.06467550200001,0.0
2023-09-10 00:00:00,SWM4,5.3,54.044959289000005,0.003
2023-09-10 00:00:00,SWM6,5.15,52.515384969500005,0.0
2023-09-10 00:00:00,SWM7,5.4,55.06467550200001,0.0
2023-09-10 00:00:00,SWM8,5.2,53.025243076,0.0
2023-09-10 00:00:00,SWM9,4.5,45.887229585,0.0
2023-09-10 01:00:00,SWM10,4.4,44.867513372000005,0.0
2023-09-10 01:00:00,SWM10B,4.3,43.847797159,0.004
2023-09-10 01:00:00,SWM10C,4.3,43.847797159,0.0
2023-09-10 01:00:00,SWM11,5.35,54.5548173955,0.007
2023-09-10 01:00:00,SWM12,5.1,52.005526863,0.008
2023-09-10 01:00:00,SWM13,5.2,53.025243076,0.0
2023-09-10 01:00:00,SWM14,5.5,56.084391715,0.0
2023-09-10 01:00:00,SWM15,5.0,50.985810650000005,0.0
2023-09-10 01:00:00,SWM2,5.2,53.025243076,0.0
2023-09-10 01:00:00,SWM3,5.3,54.044959289000005,0.0
2023-09-10 01:00:00,SWM4,5.2,53.025243076,0.0
2023-09-10 01:00:00,SWM6,5.1,52.005526863,0.039
2023-09-10 01:00:00,SWM7,5.3,54.044959289000005,0.027
2023-09-10 01:00:00,SWM8,5.1,52.005526863,0.023
2023-09-10 01:00:00,SWM9,6.0,61.18297278,0.0
2023-09-10 02:00:00,SWM10,4.2,42.82808094600001,0.0
2023-09-10 02:00:00,SWM10B,4.1,41.808364733,0.003
2023-09-10 02:00:00,SWM10C,4.1,41.808364733,0.0
2023-09-10 02:00:00,SWM11,5.4,55.06467550200001,0.0
2023-09-10 02:00:00,SWM12,5.1,52.005526863,0.0
2023-09-10 02:00:00,SWM13,5.2,53.025243076,0.0
2023-09-10 02:00:00,SWM14,5.5,56.084391715,0.0
2023-09-10 02:00:00,SWM15,5.0,50.985810650000005,0.0
2023-09-10 02:00:00,SWM2,5.2,53.025243076,0.0
2023-09-10 02:00:00,SWM3,5.3,54.044959289000005,0.0
2023-09-10 02:00:00,SWM4,5.3,54.044959289000005,0.0
2023-09-10 02:00:00,SWM6,5.2,53.025243076,0.02
2023-09-10 02:00:00,SWM7,5.4,55.06467550200001,0.009
2023-09-10 02:00:00,SWM8,5.2,53.025243076,0.018
2023-09-10 02:00:00,SWM9,5.7,58.12382414100001,0.0
2023-09-10 03:00:00,SWM10,4.2,42.82808094600001,0.0
2023-09-10 03:00:00,SWM10B,4.1,41.808364733,0.008
2023-09-10 03:00:00,SWM10C,4.1,41.808364733,0.005
2023-09-10 03:00:00,SWM11,5.4,55.06467550200001,0.001
2023-09-10 03:00:00,SWM12,5.1,52.005526863,0.0
2023-09-10 03:00:00,SWM13,5.2,53.025243076,0.0
2023-09-10 03:00:00,SWM14,5.5,56.084391715,0.0
2023-09-10 03:00:00,SWM15,5.0,50.985810650000005,0.0
2023-09-10 03:00:00,SWM2,5.2,53.025243076,0.0
2023-09-10 03:00:00,SWM3,5.3,54.044959289000005,0.0
2023-09-10 03:00:00,SWM4,5.3,54.044959289000005,0.0
2023-09-10 03:00:00,SWM6,5.1,52.005526863,0.0
2023-09-10 03:00:00,SWM7,5.4,55.06467550200001,0.018
2023-09-10 03:00:00,SWM8,5.1,52.005526863,0.0
2023-09-10 03:00:00,SWM9,5.4,55.06467550200001,0.0
2023-09-10 04:00:00,SWM10,4.2,42.82808094600001,0.0
2023-09-10 04:00:00,SWM10B,4.1,41.808364733,0.0
2023-09-10 04:00:00,SWM10C,4.1,41.808364733,0.0
2023-09-10 04:00:00,SWM11,5.7,58.12382414100001,0.006
2023-09-10 04:00:00,SWM12,5.4,55.06467550200001,0.0
2023-09-10 04:00:00,SWM13,5.5,56.084391715,0.008
2023-09-10 04:00:00,SWM14,5.8,59.143540354,0.0
2023-09-10 04:00:00,SWM15,5.3,54.044959289000005,0.0
2023-09-10 04:00:00,SWM2,5.5,56.084391715,0.0
2023-09-10 04:00:00,SWM3,5.6,57.104107928,0.0
2023-09-10 04:00:00,SWM4,5.6,57.104107928,0.02
2023-09-10 04:00:00,SWM6,5.4,55.06467550200001,0.009
2023-09-10 04:00:00,SWM7,5.7,58.12382414100001,0.063
2023-09-10 04:00:00,SWM8,5.4,55.06467550200001,0.0
2023-09-10 04:00:00,SWM9,5.1,52.005526863,0.0
2023-09-10 05:00:00,SWM10,4.4,44.867513372000005,0.007
2023-09-10 05:00:00,SWM10B,4.25,43.337939052500005,0.012
2023-09-10 05:00:00,SWM10C,4.2,42.82808094600001,0.0
2023-09-10 05:00:00,SWM11,5.6,57.104107928,0.021
2023-09-10 05:00:00,SWM12,5.3,54.044959289000005,0.0
2023-09-10 05:00:00,SWM13,5.4,55.06467550200001,0.0
2023-09-10 05:00:00,SWM14,5.7,58.12382414100001,0.0
2023-09-10 05:00:00,SWM15,5.2,53.025243076,0.0
2023-09-10 05:00:00,SWM2,5.4,55.06467550200001,0.0
2023-09-10 05:00:00,SWM3,5.5,56.084391715,0.0
2023-09-10 05:00:00,SWM4,5.5,56.084391715,0.009
2023-09-10 05:00:00,SWM6,5.3,54.044959289000005,0.013
2023-09-10 05:00:00,SWM7,5.5,56.084391715,0.023
2023-09-10 05:00:00,SWM8,5.4,55.06467550200001,0.023
2023-09-10 05:00:00,SWM9,4.9,49.96609443700001,0.0
2023-09-10 06:00:00,SWM10,4.4,44.867513372000005,0.006
2023-09-10 06:00:00,SWM10B,4.2,42.82808094600001,0.047
2023-09-10 06:00:00,SWM10C,4.3,43.847797159,0.012
2023-09-10 06:00:00,SWM11,5.4,55.06467550200001,0.019
2023-09-10 06:00:00,SWM12,5.1,52.005526863,0.0
2023-09-10 06:00:00,SWM13,5.2,53.025243076,0.0
2023-09-10 06:00:00,SWM14,5.6,57.104107928,0.009
2023-09-10 06:00:00,SWM15,5.0,50.985810650000005,0.0
2023-09-10 06:00:00,SWM2,5.3,54.044959289000005,0.008
2023-09-10 06:00:00,SWM3,5.3,54.044959289000005,0.0
2023-09-10 06:00:00,SWM4,5.2,53.025243076,0.0
2023-09-10 06:00:00,SWM6,5.1,52.005526863,0.028
2023-09-10 06:00:00,SWM7,5.3,54.044959289000005,0.005
2023-09-10 06:00:00,SWM8,5.2,53.025243076,0.019
2023-09-10 06:00:00,SWM9,4.7,47.926662011000005,0.0
2023-09-10 07:00:00,SWM10,4.3,43.847797159,0.007
2023-09-10 07:00:00,SWM10B,4.2,42.82808094600001,0.033
2023-09-10 07:00:00,SWM10C,4.2,42.82808094600001,0.003
2023-09-10 07:00:00,SWM11,5.4,55.06467550200001,0.012
2023-09-10 07:00:00,SWM12,5.1,52.005526863,0.009
2023-09-10 07:00:00,SWM13,5.2,53.025243076,0.07
2023-09-10 07:00:00,SWM14,5.6,57.104107928,0.024
2023-09-10 07:00:00,SWM15,5.0,50.985810650000005,0.0
2023-09-10 07:00:00,SWM2,5.3,54.044959289000005,0.014
2023-09-10 07:00:00,SWM3,5.3,54.044959289000005,0.0
2023-09-10 07:00:00,SWM4,5.2,53.025243076,0.0
2023-09-10 07:00:00,SWM6,5.1,52.005526863,0.021
2023-09-10 07:00:00,SWM7,5.3,54.044959289000005,0.0
2023-09-10 07:00:00,SWM8,5.2,53.025243076,0.031
2023-09-10 07:00:00,SWM9,4.5,45.887229585,0.002
2023-09-10 08:00:00,SWM10,4.3,43.847797159,0.0
2023-09-10 08:00:00,SWM10B,4.2,42.82808094600001,0.043
2023-09-10 08:00:00,SWM10C,4.2,42.82808094600001,0.006
2023-09-10 08:00:00,SWM11,5.4,55.06467550200001,0.029
2023-09-10 08:00:00,SWM12,5.1,52.005526863,0.0
2023-09-10 08:00:00,SWM13,5.3,54.044959289000005,0.015
2023-09-10 08:00:00,SWM14,5.6,57.104107928,0.036
2023-09-10 08:00:00,SWM15,5.0,50.985810650000005,0.0
2023-09-10 08:00:00,SWM2,5.3,54.044959289000005,0.014
2023-09-10 08:00:00,SWM3,5.4,55.06467550200001,0.012
2023-09-10 08:00:00,SWM4,5.3,54.044959289000005,0.001
2023-09-10 08:00:00,SWM6,5.2,53.025243076,0.041
2023-09-10 08:00:00,SWM7,5.4,55.06467550200001,0.082
2023-09-10 08:00:00,SWM8,5.2,53.025243076,0.075
2023-09-10 08:00:00,SWM9,5.9,60.163256567000005,0.0
2023-09-10 09:00:00,SWM10,4.4,44.867513372000005,0.007
2023-09-10 09:00:00,SWM10B,4.2,42.82808094600001,0.013
2023-09-10 09:00:00,SWM10C,4.2,42.82808094600001,0.011
2023-09-10 09:00:00,SWM11,5.4,55.06467550200001,0.014
2023-09-10 09:00:00,SWM12,5.1,52.005526863,0.005
2023-09-10 09:00:00,SWM13,5.3,54.044959289000005,0.013
2023-09-10 09:00:00,SWM14,5.6,57.104107928,0.157
2023-09-10 09:00:00,SWM15,5.0,50.985810650000005,0.0
2023-09-10 09:00:00,SWM2,5.3,54.044959289000005,0.004
2023-09-10 09:00:00,SWM3,5.4,55.06467550200001,0.021
2023-09-10 09:00:00,SWM4,5.3,54.044959289000005,0.0
2023-09-10 09:00:00,SWM6,5.2,53.025243076,0.051
2023-09-10 09:00:00,SWM7,5.4,55.06467550200001,0.097
2023-09-10 09:00:00,SWM8,5.2,53.025243076,0.017
2023-09-10 09:00:00,SWM9,5.6,57.104107928,0.0
2023-09-10 10:00:00,SWM10,4.3,43.847797159,0.017
2023-09-10 10:00:00,SWM10B,4.2,42.82808094600001,0.078
2023-09-10 10:00:00,SWM10C,4.2,42.82808094600001,0.006
2023-09-10 10:00:00,SWM11,5.4,55.06467550200001,0.014
2023-09-10 10:00:00,SWM12,5.2,53.025243076,0.003
2023-09-10 10:00:00,SWM13,5.3,54.044959289000005,0.033
2023-09-10 10:00:00,SWM14,5.6,57.104107928,0.023
2023-09-10 10:00:00,SWM15,5.1,52.005526863,0.0
2023-09-10 10:00:00,SWM2,5.4,55.06467550200001,0.032
2023-09-10 10:00:00,SWM3,5.4,55.06467550200001,0.002
2023-09-10 10:00:00,SWM4,5.3,54.044959289000005,0.007
2023-09-10 10:00:00,SWM6,5.2,53.025243076,0.029
2023-09-10 10:00:00,SWM7,5.4,55.06467550200001,0.141
2023-09-10 10:00:00,SWM8,5.2,53.025243076,0.027
2023-09-10 10:00:00,SWM9,5.3,54.044959289000005,0.0
2023-09-10 11:00:00,SWM10,4.3,43.847797159,0.004
2023-09-10 11:00:00,SWM10B,4.2,42.82808094600001,0.006
2023-09-10 11:00:00,SWM10C,4.2,42.82808094600001,0.0
2023-09-10 11:00:00,SWM11,5.4,55.06467550200001,0.022
2023-09-10 11:00:00,SWM12,5.1,52.005526863,0.0
2023-09-10 11:00:00,SWM13,5.3,54.044959289000005,0.043
2023-09-10 11:00:00,SWM14,5.6,57.104107928,0.043
2023-09-10 11:00:00,SWM15,5.0,50.985810650000005,0.0
2023-09-10 11:00:00,SWM2,5.3,54.044959289000005,0.009
2023-09-10 11:00:00,SWM3,5.3,54.044959289000005,0.006
2023-09-10 11:00:00,SWM4,5.2,53.025243076,0.0
2023-09-10 11:00:00,SWM6,5.1,52.005526863,0.005
2023-09-10 11:00:00,SWM7,5.3,54.044959289000005,0.191
2023-09-10 11:00:00,SWM8,5.15,52.515384969500005,0.007
2023-09-10 11:00:00,SWM9,5.1,52.005526863,0.0
2023-09-10 12:00:00,SWM10,4.4,44.867513372000005,0.002
2023-09-10 12:00:00,SWM10B,4.2,42.82808094600001,0.017
2023-09-10 12:00:00,SWM10C,4.2,42.82808094600001,0.001
2023-09-10 12:00:00,SWM11,5.3,54.044959289000005,0.014
2023-09-10 12:00:00,SWM12,5.0,50.985810650000005,0.0
2023-09-10 12:00:00,SWM13,5.2,53.025243076,0.05
2023-09-10 12:00:00,SWM14,5.5,56.084391715,0.046
2023-09-10 12:00:00,SWM15,5.0,50.985810650000005,0.0
2023-09-10 12:00:00,SWM2,5.2,53.025243076,0.0
2023-09-10 12:00:00,SWM3,5.3,54.044959289000005,0.012
2023-09-10 12:00:00,SWM4,5.2,53.025243076,0.0
2023-09-10 12:00:00,SWM6,5.1,52.005526863,0.038
2023-09-10 12:00:00,SWM7,5.4,55.06467550200001,0.104
2023-09-10 12:00:00,SWM8,5.1,52.005526863,0.011
2023-09-10 12:00:00,SWM9,4.8,48.946378224,0.0
2023-09-10 13:00:00,SWM10,4.2,42.82808094600001,0.007
2023-09-10 13:00:00,SWM10B,4.1,41.808364733,0.0
2023-09-10 13:00:00,SWM10C,4.2,42.82808094600001,0.005
2023-09-10 13:00:00,SWM11,5.4,55.06467550200001,0.04
2023-09-10 13:00:00,SWM12,5.1,52.005526863,0.0
2023-09-10 13:00:00,SWM13,5.2,53.025243076,0.068
2023-09-10 13:00:00,SWM14,5.6,57.104107928,0.058
2023-09-10 13:00:00,SWM15,5.0,50.985810650000005,0.0
2023-09-10 13:00:00,SWM2,5.3,54.044959289000005,0.029
2023-09-10 13:00:00,SWM3,5.3,54.044959289000005,0.001
2023-09-10 13:00:00,SWM4,5.25,53.5351011825,0.02
2023-09-10 13:00:00,SWM6,5.1,52.005526863,0.005
2023-09-10 13:00:00,SWM7,5.4,55.06467550200001,0.027
2023-09-10 13:00:00,SWM8,5.15,52.515384969500005,0.042
2023-09-10 13:00:00,SWM9,4.6,46.906945798,0.0
2023-09-10 14:00:00,SWM10,4.3,43.847797159,0.0
2023-09-10 14:00:00,SWM10B,4.2,42.82808094600001,0.022
2023-09-10 14:00:00,SWM10C,4.2,42.82808094600001,0.001
2023-09-10 14:00:00,SWM11,5.3,54.044959289000005,0.013
2023-09-10 14:00:00,SWM12,5.0,50.985810650000005,0.0
2023-09-10 14:00:00,SWM13,5.2,53.025243076,0.186
2023-09-10 14:00:00,SWM14,5.5,56.084391715,0.033
2023-09-10 14:00:00,SWM15,5.0,50.985810650000005,0.01
2023-09-10 14:00:00,SWM2,5.3,54.044959289000005,0.049
2023-09-10 14:00:00,SWM3,5.2,53.025243076,0.0
2023-09-10 14:00:00,SWM4,5.2,53.025243076,0.0
2023-09-10 14:00:00,SWM6,5.1,52.005526863,0.04
2023-09-10 14:00:00,SWM7,5.3,54.044959289000005,0.026
2023-09-10 14:00:00,SWM8,5.1,52.005526863,0.015
2023-09-10 14:00:00,SWM9,4.4,44.867513372000005,0.0
2023-09-10 15:00:00,SWM10,4.3,43.847797159,0.018
2023-09-10 15:00:00,SWM10B,4.2,42.82808094600001,0.024
2023-09-10 15:00:00,SWM10C,4.2,42.82808094600001,0.004
2023-09-10 15:00:00,SWM11,5.3,54.044959289000005,0.008
2023-09-10 15:00:00,SWM12,5.0,50.985810650000005,0.0
2023-09-10 15:00:00,SWM13,5.2,53.025243076,0.0
2023-09-10 15:00:00,SWM14,5.5,56.084391715,0.014
2023-09-10 15:00:00,SWM15,5.0,50.985810650000005,0.002
2023-09-10 15:00:00,SWM2,5.3,54.044959289000005,0.023
2023-09-10 15:00:00,SWM3,5.3,54.044959289000005,0.058
2023-09-10 15:00:00,SWM4,5.2,53.025243076,0.0
2023-09-10 15:00:00,SWM6,5.1,52.005526863,0.061
2023-09-10 15:00:00,SWM7,5.3,54.044959289000005,0.176
2023-09-10 15:00:00,SWM8,5.1,52.005526863,0.007
2023-09-10 15:00:00,SWM9,6.0,61.18297278,0.0
2023-09-10 16:00:00,SWM10,4.3,43.847797159,0.0
2023-09-10 16:00:00,SWM10B,4.2,42.82808094600001,0.0
2023-09-10 16:00:00,SWM10C,4.2,42.82808094600001,0.015
2023-09-10 16:00:00,SWM11,5.3,54.044959289000005,0.023
2023-09-10 16:00:00,SWM12,5.0,50.985810650000005,0.0
2023-09-10 16:00:00,SWM13,5.2,53.025243076,0.0
2023-09-10 16:00:00,SWM14,5.5,56.084391715,0.003
2023-09-10 16:00:00,SWM15,5.0,50.985810650000005,0.0
2023-09-10 16:00:00,SWM2,5.3,54.044959289000005,0.009
2023-09-10 16:00:00,SWM3,5.3,54.044959289000005,0.018
2023-09-10 16:00:00,SWM4,5.2,53.025243076,0.006
2023-09-10 16:00:00,SWM6,5.1,52.005526863,0.021
2023-09-10 16:00:00,SWM7,5.3,54.044959289000005,0.027
2023-09-10 16:00:00,SWM8,5.1,52.005526863,0.102
2023-09-10 16:00:00,SWM9,5.7,58.12382414100001,0.0
2023-09-10 17:00:00,SWM10,4.5,45.887229585,0.0
2023-09-10 17:00:00,SWM10B,4.4,44.867513372000005,0.007
2023-09-10 17:00:00,SWM10C,4.4,44.867513372000005,0.001
2023-09-10 17:00:00,SWM11,5.3,54.044959289000005,0.098
2023-09-10 17:00:00,SWM12,5.0,50.985810650000005,0.009
2023-09-10 17:00:00,SWM13,5.2,53.025243076,0.009
2023-09-10 17:00:00,SWM14,5.5,56.084391715,0.006
2023-09-10 17:00:00,SWM15,5.0,50.985810650000005,0.003
2023-09-10 17:00:00,SWM2,5.2,53.025243076,0.019
2023-09-10 17:00:00,SWM3,5.3,54.044959289000005,0.015
2023-09-10 17:00:00,SWM4,5.2,53.025243076,0.005
2023-09-10 17:00:00,SWM6,5.1,52.005526863,0.091
2023-09-10 17:00:00,SWM7,5.3,54.044959289000005,0.021
2023-09-10 17:00:00,SWM8,5.1,52.005526863,0.021
2023-09-10 17:00:00,SWM9,5.4,55.06467550200001,0.0
2023-09-10 18:00:00,SWM10,4.3,43.847797159,0.0
2023-09-10 18:00:00,SWM10B,4.2,42.82808094600001,0.068
2023-09-10 18:00:00,SWM10C,4.2,42.82808094600001,0.0
2023-09-10 18:00:00,SWM11,5.3,54.044959289000005,0.012
2023-09-10 18:00:00,SWM12,5.1,52.005526863,0.0
2023-09-10 18:00:00,SWM13,5.2,53.025243076,0.0
2023-09-10 18:00:00,SWM14,5.5,56.084391715,0.016
2023-09-10 18:00:00,SWM15,5.0,50.985810650000005,0.003
2023-09-10 18:00:00,SWM2,5.3,54.044959289000005,0.014
2023-09-10 18:00:00,SWM3,5.3,54.044959289000005,0.033
2023-09-10 18:00:00,SWM4,5.2,53.025243076,0.009
2023-09-10 18:00:00,SWM6,5.1,52.005526863,0.044
2023-09-10 18:00:00,SWM7,5.3,54.044959289000005,0.037
2023-09-10 18:00:00,SWM8,5.1,52.005526863,0.04
2023-09-10 18:00:00,SWM9,5.2,53.025243076,0.0
2023-09-10 19:00:00,SWM10,4.4,44.867513372000005,0.0
2023-09-10 19:00:00,SWM10B,4.3,43.847797159,0.033
2023-09-10 19:00:00,SWM10C,4.3,43.847797159,0.001
2023-09-10 19:00:00,SWM11,5.3,54.044959289000005,0.03
2023-09-10 19:00:00,SWM12,5.0,50.985810650000005,0.0
2023-09-10 19:00:00,SWM13,5.25,53.5351011825,0.047
2023-09-10 19:00:00,SWM14,5.5,56.084391715,0.011
2023-09-10 19:00:00,SWM15,5.0,50.985810650000005,0.056
2023-09-10 19:00:00,SWM2,5.3,54.044959289000005,0.016
2023-09-10 19:00:00,SWM3,5.3,54.044959289000005,0.019
2023-09-10 19:00:00,SWM4,5.2,53.025243076,0.0
2023-09-10 19:00:00,SWM6,5.1,52.005526863,0.167
2023-09-10 19:00:00,SWM7,5.4,55.06467550200001,0.022
2023-09-10 19:00:00,SWM8,5.1,52.005526863,0.066
2023-09-10 19:00:00,SWM9,4.9,49.96609443700001,0.0
2023-09-10 20:00:00,SWM10,4.3,43.847797159,0.013
2023-09-10 20:00:00,SWM10B,4.1,41.808364733,0.004
2023-09-10 20:00:00,SWM10C,4.1,41.808364733,0.0
2023-09-10 20:00:00,SWM11,5.1,52.005526863,0.002
2023-09-10 20:00:00,SWM12,4.8,48.946378224,0.0
2023-09-10 20:00:00,SWM13,5.0,50.985810650000005,0.076
2023-09-10 20:00:00,SWM14,5.3,54.044959289000005,0.0
2023-09-10 20:00:00,SWM15,4.8,48.946378224,0.011
2023-09-10 20:00:00,SWM2,5.1,52.005526863,0.041
2023-09-10 20:00:00,SWM3,5.1,52.005526863,0.001
2023-09-10 20:00:00,SWM4,5.0,50.985810650000005,0.004
2023-09-10 20:00:00,SWM6,4.9,49.96609443700001,0.047
2023-09-10 20:00:00,SWM7,5.1,52.005526863,0.017
2023-09-10 20:00:00,SWM8,4.9,49.96609443700001,0.092
2023-09-10 20:00:00,SWM9,4.7,47.926662011000005,0.0
2023-09-10 21:00:00,SWM10,4.2,42.82808094600001,0.0
2023-09-10 21:00:00,SWM10B,4.1,41.808364733,0.0
2023-09-10 21:00:00,SWM10C,4.2,42.82808094600001,0.015
2023-09-10 21:00:00,SWM11,5.2,53.025243076,0.002
2023-09-10 21:00:00,SWM12,4.9,49.96609443700001,0.0
2023-09-10 21:00:00,SWM13,5.1,52.005526863,0.037
2023-09-10 21:00:00,SWM14,5.4,55.06467550200001,0.01
2023-09-10 21:00:00,SWM15,4.9,49.96609443700001,0.002
2023-09-10 21:00:00,SWM2,5.2,53.025243076,0.057
2023-09-10 21:00:00,SWM3,5.2,53.025243076,0.011
2023-09-10 21:00:00,SWM4,5.1,52.005526863,0.001
2023-09-10 21:00:00,SWM6,5.0,50.985810650000005,0.147
2023-09-10 21:00:00,SWM7,5.2,53.025243076,0.004
2023-09-10 21:00:00,SWM8,5.0,50.985810650000005,0.005
2023-09-10 21:00:00,SWM9,4.5,45.887229585,0.0
2023-09-10 22:00:00,SWM10,4.2,42.82808094600001,0.0
2023-09-10 22:00:00,SWM10B,4.1,41.808364733,0.015
2023-09-10 22:00:00,SWM10C,4.1,41.808364733,0.0
2023-09-10 22:00:00,SWM11,5.4,55.06467550200001,0.003
2023-09-10 22:00:00,SWM12,5.1,52.005526863,0.0
2023-09-10 22:00:00,SWM13,5.2,53.025243076,0.0
2023-09-10 22:00:00,SWM14,5.6,57.104107928,0.056
2023-09-10 22:00:00,SWM15,5.0,50.985810650000005,0.0
2023-09-10 22:00:00,SWM2,5.3,54.044959289000005,0.034
2023-09-10 22:00:00,SWM3,5.3,54.044959289000005,0.0
2023-09-10 22:00:00,SWM4,5.2,53.025243076,0.003
2023-09-10 22:00:00,SWM6,5.1,52.005526863,0.025
2023-09-10 22:00:00,SWM7,5.4,55.06467550200001,0.006
2023-09-10 22:00:00,SWM8,5.2,53.025243076,0.027
2023-09-10 22:00:00,SWM9,4.95,50.47595254350001,0.0
2023-09-10 23:00:00,SWM10,4.2,42.82808094600001,0.024
2023-09-10 23:00:00,SWM10B,4.05,41.2985066265,0.0
2023-09-10 23:00:00,SWM10C,4.1,41.808364733,0.0
2023-09-10 23:00:00,SWM11,5.4,55.06467550200001,0.01
2023-09-10 23:00:00,SWM12,5.1,52.005526863,0.0
2023-09-10 23:00:00,SWM13,5.3,54.044959289000005,0.002
2023-09-10 23:00:00,SWM14,5.6,57.104107928,0.007
2023-09-10 23:00:00,SWM15,5.1,52.005526863,0.006
2023-09-10 23:00:00,SWM2,5.3,54.044959289000005,0.0
2023-09-10 23:00:00,SWM3,5.4,55.06467550200001,0.0
2023-09-10 23:00:00,SWM4,5.3,54.044959289000005,0.005
2023-09-10 23:00:00,SWM6,5.2,53.025243076,0.005
2023-09-10 23:00:00,SWM7,5.4,55.06467550200001,0.004
2023-09-10 23:00:00,SWM8,5.2,53.025243076,0.026
2023-09-10 23:00:00,SWM9,6.0,61.18297278,0.0
2023-09-11 00:00:00,SWM10,4.2,42.82808094600001,0.0
2023-09-11 00:00:00,SWM10B,4.0,40.78864852,0.0
2023-09-11 00:00:00,SWM10C,4.1,41.808364733,0.0
2023-09-11 00:00:00,SWM11,5.4,55.06467550200001,0.004
2023-09-11 00:00:00,SWM12,5.1,52.005526863,0.0
2023-09-11 00:00:00,SWM13,5.25,53.5351011825,0.004
2023-09-11 00:00:00,SWM14,5.6,57.104107928,0.0
2023-09-11 00:00:00,SWM15,5.1,52.005526863,0.0
2023-09-11 00:00:00,SWM2,5.3,54.044959289000005,0.0
2023-09-11 00:00:00,SWM3,5.3,54.044959289000005,0.0
2023-09-11 00:00:00,SWM4,5.3,54.044959289000005,0.0
2023-09-11 00:00:00,SWM6,5.2,53.025243076,0.023
2023-09-11 00:00:00,SWM7,5.4,55.06467550200001,0.033
2023-09-11 00:00:00,SWM8,5.2,53.025243076,0.018
2023-09-11 00:00:00,SWM9,5.7,58.12382414100001,0.0
2023-09-11 01:00:00,SWM10,4.5,45.887229585,0.001
2023-09-11 01:00:00,SWM10B,4.3,43.847797159,0.003
2023-09-11 01:00:00,SWM10C,4.3,43.847797159,0.0
2023-09-11 01:00:00,SWM11,5.4,55.06467550200001,0.0
2023-09-11 01:00:00,SWM12,5.2,53.025243076,0.017
2023-09-11 01:00:00,SWM13,5.2,53.025243076,0.0
2023-09-11 01:00:00,SWM14,5.6,57.104107928,0.003
2023-09-11 01:00:00,SWM15,5.0,50.985810650000005,0.0
2023-09-11 01:00:00,SWM2,5.2,53.025243076,0.0
2023-09-11 01:00:00,SWM3,5.3,54.044959289000005,0.0
2023-09-11 01:00:00,SWM4,5.3,54.044959289000005,0.0
2023-09-11 01:00:00,SWM6,5.2,53.025243076,0.0
2023-09-11 01:00:00,SWM7,5.4,55.06467550200001,0.016
2023-09-11 01:00:00,SWM8,5.2,53.025243076,0.0
2023-09-11 01:00:00,SWM9,5.4,55.06467550200001,0.0
2023-09-11 02:00:00,SWM10,4.35,44.3576552655,0.0
2023-09-11 02:00:00,SWM10B,4.2,42.82808094600001,0.004
2023-09-11 02:00:00,SWM10C,4.2,42.82808094600001,0.0
2023-09-11 02:00:00,SWM11,5.4,55.06467550200001,0.01
2023-09-11 02:00:00,SWM12,5.1,52.005526863,0.0
2023-09-11 02:00:00,SWM13,5.2,53.025243076,0.0
2023-09-11 02:00:00,SWM14,5.5,56.084391715,0.0
2023-09-11 02:00:00,SWM15,5.0,50.985810650000005,0.0
2023-09-11 02:00:00,SWM2,5.2,53.025243076,0.0
2023-09-11 02:00:00,SWM3,5.3,54.044959289000005,0.0
2023-09-11 02:00:00,SWM4,5.2,53.025243076,0.005
2023-09-11 02:00:00,SWM6,5.1,52.005526863,0.0
2023-09-11 02:00:00,SWM7,5.4,55.06467550200001,0.037
2023-09-11 02:00:00,SWM8,5.1,52.005526863,0.0
2023-09-11 02:00:00,SWM9,5.2,53.025243076,0.0
2023-09-11 03:00:00,SWM10,4.3,43.847797159,0.0
2023-09-11 03:00:00,SWM10B,4.3,43.847797159,0.008
2023-09-11 03:00:00,SWM10C,4.2,42.82808094600001,0.0
2023-09-11 03:00:00,SWM11,5.3,54.044959289000005,0.0
2023-09-11 03:00:00,SWM12,5.1,52.005526863,0.0
2023-09-11 03:00:00,SWM13,5.2,53.025243076,0.0
2023-09-11 03:00:00,SWM14,5.5,56.084391715,0.0
2023-09-11 03:00:00,SWM15,5.0,50.985810650000005,0.0
2023-09-11 03:00:00,SWM2,5.2,53.025243076,0.0
2023-09-11 03:00:00,SWM3,5.3,54.044959289000005,0.0
2023-09-11 03:00:00,SWM4,5.2,53.025243076,0.004
2023-09-11 03:00:00,SWM6,5.1,52.005526863,0.006
2023-09-11 03:00:00,SWM7,5.4,55.06467550200001,0.05
2023-09-11 03:00:00,SWM8,5.1,52.005526863,0.0
2023-09-11 03:00:00,SWM9,4.9,49.96609443700001,0.0
2023-09-11 04:00:00,SWM10,4.3,43.847797159,0.0
2023-09-11 04:00:00,SWM10B,4.2,42.82808094600001,0.0
2023-09-11 04:00:00,SWM10C,4.2,42.82808094600001,0.0
2023-09-11 04:00:00,SWM11,5.3,54.044959289000005,0.038
2023-09-11 04:00:00,SWM12,5.1,52.005526863,0.0
2023-09-11 04:00:00,SWM13,5.2,53.025243076,0.038
2023-09-11 04:00:00,SWM14,5.5,56.084391715,0.0
2023-09-11 04:00:00,SWM15,5.0,50.985810650000005,0.01
2023-09-11 04:00:00,SWM2,5.2,53.025243076,0.0
2023-09-11 04:00:00,SWM3,5.3,54.044959289000005,0.0
2023-09-11 04:00:00,SWM4,5.2,53.025243076,0.0
2023-09-11 04:00:00,SWM6,5.1,52.005526863,0.008
2023-09-11 04:00:00,SWM7,5.3,54.044959289000005,0.093
2023-09-11 04:00:00,SWM8,5.1,52.005526863,0.008
2023-09-11 04:00:00,SWM9,4.7,47.926662011000005,0.0
2023-09-11 05:00:00,SWM10,4.3,43.847797159,0.012
2023-09-11 05:00:00,SWM10B,4.2,42.82808094600001,0.001
2023-09-11 05:00:00,SWM10C,4.2,42.82808094600001,0.009
2023-09-11 05:00:00,SWM11,5.1,52.005526863,0.016
2023-09-11 05:00:00,SWM12,4.9,49.96609443700001,0.0
2023-09-11 05:00:00,SWM13,5.0,50.985810650000005,0.0
2023-09-11 05:00:00,SWM14,5.3,54.044959289000005,0.034
2023-09-11 05:00:00,SWM15,4.8,48.946378224,0.004
2023-09-11 05:00:00,SWM2,5.1,52.005526863,0.06
2023-09-11 05:00:00,SWM3,5.1,52.005526863,0.045
2023-09-11 05:00:00,SWM4,5.0,50.985810650000005,0.0
2023-09-11 05:00:00,SWM6,4.9,49.96609443700001,0.01
2023-09-11 05:00:00,SWM7,5.1,52.005526863,0.014
2023-09-11 05:00:00,SWM8,4.9,49.96609443700001,0.0
2023-09-11 05:00:00,SWM9,4.5,45.887229585,0.004
2023-09-11 06:00:00,SWM10,4.3,43.847797159,0.004
2023-09-11 06:00:00,SWM10B,4.2,42.82808094600001,0.042
2023-09-11 06:00:00,SWM10C,4.2,42.82808094600001,0.001
2023-09-11 06:00:00,SWM11,5.2,53.025243076,0.025
2023-09-11 06:00:00,SWM12,5.0,50.985810650000005,0.09
2023-09-11 06:00:00,SWM13,5.1,52.005526863,0.016
2023-09-11 06:00:00,SWM14,5.4,55.06467550200001,0.005
2023-09-11 06:00:00,SWM15,4.9,49.96609443700001,0.0
2023-09-11 06:00:00,SWM2,5.1,52.005526863,0.0
2023-09-11 06:00:00,SWM3,5.2,53.025243076,0.013
2023-09-11 06:00:00,SWM4,5.1,52.005526863,0.05
2023-09-11 06:00:00,SWM6,5.0,50.985810650000005,0.167
2023-09-11 06:00:00,SWM7,5.2,53.025243076,0.0
2023-09-11 06:00:00,SWM8,5.0,50.985810650000005,0.101
2023-09-11 06:00:00,SWM9,5.95,60.6731146735,0.0
2023-09-11 07:00:00,SWM10,4.3,43.847797159,0.002
2023-09-11 07:00:00,SWM10B,4.2,42.82808094600001,0.029
2023-09-11 07:00:00,SWM10C,4.2,42.82808094600001,0.012
2023-09-11 07:00:00,SWM11,5.2,53.025243076,0.055
2023-09-11 07:00:00,SWM12,5.0,50.985810650000005,0.016
2023-09-11 07:00:00,SWM13,5.1,52.005526863,0.014
2023-09-11 07:00:00,SWM14,5.4,55.06467550200001,0.0
2023-09-11 07:00:00,SWM15,4.9,49.96609443700001,0.0
2023-09-11 07:00:00,SWM2,5.1,52.005526863,0.008
2023-09-11 07:00:00,SWM3,5.2,53.025243076,0.0
2023-09-11 07:00:00,SWM4,5.1,52.005526863,0.013
2023-09-11 07:00:00,SWM6,5.0,50.985810650000005,0.022
2023-09-11 07:00:00,SWM7,5.2,53.025243076,0.001
2023-09-11 07:00:00,SWM8,5.0,50.985810650000005,0.078
2023-09-11 07:00:00,SWM9,4.6,46.906945798,0.019
2023-09-11 08:00:00,SWM10,4.4,44.867513372000005,0.003
2023-09-11 08:00:00,SWM10B,4.2,42.82808094600001,0.002
2023-09-11 08:00:00,SWM10C,4.3,43.847797159,0.004
2023-09-11 08:00:00,SWM11,5.2,53.025243076,0.013
2023-09-11 08:00:00,SWM12,5.0,50.985810650000005,0.009
2023-09-11 08:00:00,SWM13,5.1,52.005526863,0.012
2023-09-11 08:00:00,SWM14,5.4,55.06467550200001,0.0
2023-09-11 08:00:00,SWM15,4.9,49.96609443700001,0.015
2023-09-11 08:00:00,SWM2,5.1,52.005526863,0.008
2023-09-11 08:00:00,SWM3,5.1,52.005526863,0.0
2023-09-11 08:00:00,SWM4,5.1,52.005526863,0.015
2023-09-11 08:00:00,SWM6,5.0,50.985810650000005,0.047
2023-09-11 08:00:00,SWM7,5.2,53.025243076,0.0
2023-09-11 08:00:00,SWM8,5.0,50.985810650000005,0.004
2023-09-11 08:00:00,SWM9,4.5,45.887229585,0.02
2023-09-11 09:00:00,SWM10,4.4,44.867513372000005,0.063
2023-09-11 09:00:00,SWM10B,4.2,42.82808094600001,0.0
2023-09-11 09:00:00,SWM10C,4.3,43.847797159,0.025
2023-09-11 09:00:00,SWM11,5.3,54.044959289000005,0.011
2023-09-11 09:00:00,SWM12,5.0,50.985810650000005,0.02
2023-09-11 09:00:00,SWM13,5.2,53.025243076,0.013
2023-09-11 09:00:00,SWM14,5.4,55.06467550200001,0.0
2023-09-11 09:00:00,SWM15,5.0,50.985810650000005,0.048
2023-09-11 09:00:00,SWM2,5.1,52.005526863,0.0
2023-09-11 09:00:00,SWM3,5.2,53.025243076,0.0
2023-09-11 09:00:00,SWM4,5.2,53.025243076,0.0
2023-09-11 09:00:00,SWM6,5.0,50.985810650000005,0.053
2023-09-11 09:00:00,SWM7,5.2,53.025243076,0.0
2023-09-11 09:00:00,SWM8,5.0,50.985810650000005,0.018
2023-09-11 09:00:00,SWM9,4.5,45.887229585,0.036
2023-09-11 10:00:00,SWM10,4.3,43.847797159,0.022
2023-09-11 10:00:00,SWM10B,4.2,42.82808094600001,0.0
2023-09-11 10:00:00,SWM10C,4.3,43.847797159,0.01
2023-09-11 10:00:00,SWM11,5.3,54.044959289000005,0.011
2023-09-11 10:00:00,SWM12,5.1,52.005526863,0.098
2023-09-11 10:00:00,SWM13,5.2,53.025243076,0.026
2023-09-11 10:00:00,SWM14,5.4,55.06467550200001,0.0
2023-09-11 10:00:00,SWM15,5.0,50.985810650000005,0.006
2023-09-11 10:00:00,SWM2,5.1,52.005526863,0.0
2023-09-11 10:00:00,SWM3,5.2,53.025243076,0.0
2023-09-11 10:00:00,SWM4,5.2,53.025243076,0.014
2023-09-11 10:00:00,SWM6,5.1,52.005526863,0.01
2023-09-11 10:00:00,SWM7,5.3,54.044959289000005,0.0
2023-09-11 10:00:00,SWM8,5.0,50.985810650000005,0.0
2023-09-11 10:00:00,SWM9,5.5,56.084391715,0.014
2023-09-11 11:00:00,SWM10,4.4,44.867513372000005,0.085
2023-09-11 11:00:00,SWM10B,4.25,43.337939052500005,0.001
2023-09-11 11:00:00,SWM10C,4.3,43.847797159,0.012
2023-09-11 11:00:00,SWM11,5.2,53.025243076,0.012
2023-09-11 11:00:00,SWM12,5.0,50.985810650000005,0.139
2023-09-11 11:00:00,SWM13,5.1,52.005526863,0.133
2023-09-11 11:00:00,SWM14,5.4,55.06467550200001,0.009
2023-09-11 11:00:00,SWM15,4.9,49.96609443700001,0.0
2023-09-11 11:00:00,SWM2,5.1,52.005526863,0.0
2023-09-11 11:00:00,SWM3,5.1,52.005526863,0.0
2023-09-11 11:00:00,SWM4,5.1,52.005526863,0.003
2023-09-11 11:00:00,SWM6,5.0,50.985810650000005,0.036
2023-09-11 11:00:00,SWM7,5.2,53.025243076,0.019
2023-09-11 11:00:00,SWM8,5.0,50.985810650000005,0.008
2023-09-11 11:00:00,SWM9,4.55,46.3970876915,0.035
2023-09-11 12:00:00,SWM10,4.4,44.867513372000005,0.0
2023-09-11 12:00:00,SWM10B,4.3,43.847797159,0.03
2023-09-11 12:00:00,SWM10C,4.3,43.847797159,0.008
2023-09-11 12:00:00,SWM11,5.1,52.005526863,0.003
2023-09-11 12:00:00,SWM12,5.0,50.985810650000005,0.145
2023-09-11 12:00:00,SWM13,5.0,50.985810650000005,0.0
2023-09-11 12:00:00,SWM14,5.4,55.06467550200001,0.015
2023-09-11 12:00:00,SWM15,4.9,49.96609443700001,0.009
2023-09-11 12:00:00,SWM2,5.0,50.985810650000005,0.0
2023-09-11 12:00:00,SWM3,5.1,52.005526863,0.0
2023-09-11 12:00:00,SWM4,5.1,52.005526863,0.005
2023-09-11 12:00:00,SWM6,5.0,50.985810650000005,0.048
2023-09-11 12:00:00,SWM7,5.1,52.005526863,0.0
2023-09-11 12:00:00,SWM8,4.95,50.47595254350001,0.007
2023-09-11 12:00:00,SWM9,4.5,45.887229585,0.007
2023-09-11 13:00:00,SWM10,4.3,43.847797159,0.005
2023-09-11 13:00:00,SWM10B,4.1,41.808364733,0.001
2023-09-11 13:00:00,SWM10C,4.2,42.82808094600001,0.031
2023-09-11 13:00:00,SWM11,5.3,54.044959289000005,0.013
2023-09-11 13:00:00,SWM12,5.6,57.104107928,0.0
2023-09-11 13:00:00,SWM13,5.1,52.005526863,0.001
2023-09-11 13:00:00,SWM14,5.5,56.084391715,0.055
2023-09-11 13:00:00,SWM15,5.0,50.985810650000005,0.003
2023-09-11 13:00:00,SWM2,5.2,53.025243076,0.008
2023-09-11 13:00:00,SWM3,5.2,53.025243076,0.0
2023-09-11 13:00:00,SWM4,5.2,53.025243076,0.026
2023-09-11 13:00:00,SWM6,5.1,52.005526863,0.037
2023-09-11 13:00:00,SWM7,5.2,53.025243076,0.0
2023-09-11 13:00:00,SWM8,5.1,52.005526863,0.004
2023-09-11 13:00:00,SWM9,4.5,45.887229585,0.013
2023-09-11 14:00:00,SWM10,4.3,43.847797159,0.033
2023-09-11 14:00:00,SWM10B,4.2,42.82808094600001,0.0
2023-09-11 14:00:00,SWM10C,4.2,42.82808094600001,0.003
2023-09-11 14:00:00,SWM11,5.3,54.044959289000005,0.009
2023-09-11 14:00:00,SWM12,6.6,67.301270058,0.0
2023-09-11 14:00:00,SWM13,5.2,53.025243076,0.003
2023-09-11 14:00:00,SWM14,5.5,56.084391715,0.0
2023-09-11 14:00:00,SWM15,5.0,50.985810650000005,0.003
2023-09-11 14:00:00,SWM2,5.2,53.025243076,0.0
2023-09-11 14:00:00,SWM3,5.3,54.044959289000005,0.012
2023-09-11 14:00:00,SWM4,5.2,53.025243076,0.001
2023-09-11 14:00:00,SWM6,5.1,52.005526863,0.017
2023-09-11 14:00:00,SWM7,5.2,53.025243076,0.0
2023-09-11 14:00:00,SWM8,5.1,52.005526863,0.031
2023-09-11 14:00:00,SWM9,6.3,64.242121419,0.0
2023-09-11 15:00:00,SWM10,4.3,43.847797159,0.009
2023-09-11 15:00:00,SWM10B,4.1,41.808364733,0.0
2023-09-11 15:00:00,SWM10C,4.2,42.82808094600001,0.004
2023-09-11 15:00:00,SWM11,5.3,54.044959289000005,0.011
2023-09-11 15:00:00,SWM12,7.3,74.43928354900001,0.0
2023-09-11 15:00:00,SWM13,5.2,53.025243076,0.023
2023-09-11 15:00:00,SWM14,5.5,56.084391715,0.032
2023-09-11 15:00:00,SWM15,5.0,50.985810650000005,0.002
2023-09-11 15:00:00,SWM2,5.2,53.025243076,0.022
2023-09-11 15:00:00,SWM3,5.3,54.044959289000005,0.01
2023-09-11 15:00:00,SWM4,5.2,53.025243076,0.004
2023-09-11 15:00:00,SWM6,5.1,52.005526863,0.124
2023-09-11 15:00:00,SWM7,5.3,54.044959289000005,0.021
2023-09-11 15:00:00,SWM8,5.1,52.005526863,0.04
2023-09-11 15:00:00,SWM9,6.0,61.18297278,0.0
2023-09-11 16:00:00,SWM10,4.3,43.847797159,0.005
2023-09-11 16:00:00,SWM10B,4.15,42.31822283950001,0.007
2023-09-11 16:00:00,SWM10C,4.2,42.82808094600001,0.001
2023-09-11 16:00:00,SWM11,5.3,54.044959289000005,0.016
2023-09-11 16:00:00,SWM12,5.0,50.985810650000005,0.004
2023-09-11 16:00:00,SWM13,5.1,52.005526863,0.009
2023-09-11 16:00:00,SWM14,5.5,56.084391715,0.026
2023-09-11 16:00:00,SWM15,5.0,50.985810650000005,0.02
2023-09-11 16:00:00,SWM2,5.2,53.025243076,0.042
2023-09-11 16:00:00,SWM3,5.2,53.025243076,0.006
2023-09-11 16:00:00,SWM4,5.2,53.025243076,0.006
2023-09-11 16:00:00,SWM6,5.1,52.005526863,0.043
2023-09-11 16:00:00,SWM7,5.3,54.044959289000005,0.137
2023-09-11 16:00:00,SWM8,5.1,52.005526863,0.034
2023-09-11 16:00:00,SWM9,4.5,45.887229585,0.01
2023-09-11 17:00:00,SWM10,4.3,43.847797159,0.01
2023-09-11 17:00:00,SWM10B,4.2,42.82808094600001,0.006
2023-09-11 17:00:00,SWM10C,4.2,42.82808094600001,0.005
2023-09-11 17:00:00,SWM11,5.3,54.044959289000005,0.011
2023-09-11 17:00:00,SWM12,5.0,50.985810650000005,0.0
2023-09-11 17:00:00,SWM13,5.2,53.025243076,0.018
2023-09-11 17:00:00,SWM14,5.5,56.084391715,0.005
2023-09-11 17:00:00,SWM15,5.0,50.985810650000005,0.029
2023-09-11 17:00:00,SWM2,5.2,53.025243076,0.099
2023-09-11 17:00:00,SWM3,5.3,54.044959289000005,0.007
2023-09-11 17:00:00,SWM4,5.2,53.025243076,0.0
2023-09-11 17:00:00,SWM6,5.1,52.005526863,0.029
2023-09-11 17:00:00,SWM7,5.3,54.044959289000005,0.209
2023-09-11 17:00:00,SWM8,5.1,52.005526863,0.048
2023-09-11 17:00:00,SWM9,4.4,44.867513372000005,0.0
2023-09-11 18:00:00,SWM10,4.4,44.867513372000005,0.0
2023-09-11 18:00:00,SWM10B,4.2,42.82808094600001,0.014
2023-09-11 18:00:00,SWM10C,4.3,43.847797159,0.021
2023-09-11 18:00:00,SWM11,5.3,54.044959289000005,0.013
2023-09-11 18:00:00,SWM12,5.0,50.985810650000005,0.0
2023-09-11 18:00:00,SWM13,5.2,53.025243076,0.017
2023-09-11 18:00:00,SWM14,5.5,56.084391715,0.006
2023-09-11 18:00:00,SWM15,5.0,50.985810650000005,0.049
2023-09-11 18:00:00,SWM2,5.3,54.044959289000005,0.039
2023-09-11 18:00:00,SWM3,5.3,54.044959289000005,0.009
2023-09-11 18:00:00,SWM4,5.2,53.025243076,0.0
2023-09-11 18:00:00,SWM6,5.1,52.005526863,0.018
2023-09-11 18:00:00,SWM7,5.3,54.044959289000005,0.168
2023-09-11 18:00:00,SWM8,5.1,52.005526863,0.021
2023-09-11 18:00:00,SWM9,4.4,44.867513372000005,0.0
2023-09-11 19:00:00,SWM10,4.4,44.867513372000005,0.013
2023-09-11 19:00:00,SWM10B,4.2,42.82808094600001,0.033
2023-09-11 19:00:00,SWM10C,4.3,43.847797159,0.027
2023-09-11 19:00:00,SWM11,5.3,54.044959289000005,0.02
2023-09-11 19:00:00,SWM12,5.0,50.985810650000005,0.0
2023-09-11 19:00:00,SWM13,5.2,53.025243076,0.022
2023-09-11 19:00:00,SWM14,5.5,56.084391715,0.012
2023-09-11 19:00:00,SWM15,5.1,52.005526863,0.036
2023-09-11 19:00:00,SWM2,5.3,54.044959289000005,0.021
2023-09-11 19:00:00,SWM3,5.3,54.044959289000005,0.011
2023-09-11 19:00:00,SWM4,5.2,53.025243076,0.011
2023-09-11 19:00:00,SWM6,5.1,52.005526863,0.017
2023-09-11 19:00:00,SWM7,5.4,55.06467550200001,0.019
2023-09-11 19:00:00,SWM8,5.1,52.005526863,0.005
2023-09-11 19:00:00,SWM9,4.4,44.867513372000005,0.0
2023-09-11 20:00:00,SWM10,4.3,43.847797159,0.0
2023-09-11 20:00:00,SWM10B,4.1,41.808364733,0.01
2023-09-11 20:00:00,SWM10C,4.2,42.82808094600001,0.026
2023-09-11 20:00:00,SWM11,5.1,52.005526863,0.012
2023-09-11 20:00:00,SWM12,4.8,48.946378224,0.0
2023-09-11 20:00:00,SWM13,5.0,50.985810650000005,0.067
2023-09-11 20:00:00,SWM14,5.3,54.044959289000005,0.016
2023-09-11 20:00:00,SWM15,4.8,48.946378224,0.021
2023-09-11 20:00:00,SWM2,5.0,50.985810650000005,0.0
2023-09-11 20:00:00,SWM3,5.1,52.005526863,0.023
2023-09-11 20:00:00,SWM4,5.0,50.985810650000005,0.0
2023-09-11 20:00:00,SWM6,4.9,49.96609443700001,0.05
2023-09-11 20:00:00,SWM7,5.1,52.005526863,0.026
2023-09-11 20:00:00,SWM8,4.9,49.96609443700001,0.015
2023-09-11 20:00:00,SWM9,4.4,44.867513372000005,0.0
2023-09-11 21:00:00,SWM10,4.3,43.847797159,0.009
2023-09-11 21:00:00,SWM10B,4.2,42.82808094600001,0.0
2023-09-11 21:00:00,SWM10C,4.2,42.82808094600001,0.015
2023-09-11 21:00:00,SWM11,5.1,52.005526863,0.01
2023-09-11 21:00:00,SWM12,4.9,49.96609443700001,0.0
2023-09-11 21:00:00,SWM13,5.1,52.005526863,0.02
2023-09-11 21:00:00,SWM14,5.3,54.044959289000005,0.0
2023-09-11 21:00:00,SWM15,4.9,49.96609443700001,0.093
2023-09-11 21:00:00,SWM2,5.1,52.005526863,0.013
2023-09-11 21:00:00,SWM3,5.1,52.005526863,0.039
2023-09-11 21:00:00,SWM4,5.1,52.005526863,0.007
2023-09-11 21:00:00,SWM6,5.0,50.985810650000005,0.045
2023-09-11 21:00:00,SWM7,5.1,52.005526863,0.004
2023-09-11 21:00:00,SWM8,5.0,50.985810650000005,0.034
2023-09-11 21:00:00,SWM9,5.8,59.143540354,0.0
2023-09-11 22:00:00,SWM10,4.4,44.867513372000005,0.001
2023-09-11 22:00:00,SWM10B,4.2,42.82808094600001,0.062
2023-09-11 22:00:00,SWM10C,4.2,42.82808094600001,0.0
2023-09-11 22:00:00,SWM11,5.3,54.044959289000005,0.021
2023-09-11 22:00:00,SWM12,5.0,50.985810650000005,0.0
2023-09-11 22:00:00,SWM13,5.2,53.025243076,0.002
2023-09-11 22:00:00,SWM14,5.5,56.084391715,0.0
2023-09-11 22:00:00,SWM15,5.0,50.985810650000005,0.004
2023-09-11 22:00:00,SWM2,5.3,54.044959289000005,0.029
2023-09-11 22:00:00,SWM3,5.3,54.044959289000005,0.0
2023-09-11 22:00:00,SWM4,5.2,53.025243076,0.003
2023-09-11 22:00:00,SWM6,5.1,52.005526863,0.037
2023-09-11 22:00:00,SWM7,5.3,54.044959289000005,0.0
2023-09-11 22:00:00,SWM8,5.1,52.005526863,0.018
2023-09-11 22:00:00,SWM9,5.5,56.084391715,0.0
2023-09-11 23:00:00,SWM10,4.3,43.847797159,0.035
2023-09-11 23:00:00,SWM10B,4.2,42.82808094600001,0.0
2023-09-11 23:00:00,SWM10C,4.2,42.82808094600001,0.0
2023-09-11 23:00:00,SWM11,5.4,55.06467550200001,0.011
2023-09-11 23:00:00,SWM12,5.1,52.005526863,0.0
2023-09-11 23:00:00,SWM13,5.3,54.044959289000005,0.0
2023-09-11 23:00:00,SWM14,5.6,57.104107928,0.0
2023-09-11 23:00:00,SWM15,5.1,52.005526863,0.0
2023-09-11 23:00:00,SWM2,5.3,54.044959289000005,0.0
2023-09-11 23:00:00,SWM3,5.4,55.06467550200001,0.0
2023-09-11 23:00:00,SWM4,5.3,54.044959289000005,0.005
2023-09-11 23:00:00,SWM6,5.2,53.025243076,0.008
2023-09-11 23:00:00,SWM7,5.4,55.06467550200001,0.0
2023-09-11 23:00:00,SWM8,5.2,53.025243076,0.0
2023-09-11 23:00:00,SWM9,5.2,53.025243076,0.0
2023-09-12 00:00:00,SWM10,4.2,42.82808094600001,0.0
2023-09-12 00:00:00,SWM10B,4.1,41.808364733,0.0
2023-09-12 00:00:00,SWM10C,4.1,41.808364733,0.0
2023-09-12 00:00:00,SWM11,5.4,55.06467550200001,0.017
2023-09-12 00:00:00,SWM12,5.1,52.005526863,0.01
2023-09-12 00:00:00,SWM13,5.2,53.025243076,0.0
2023-09-12 00:00:00,SWM14,5.6,57.104107928,0.0
2023-09-12 00:00:00,SWM15,5.1,52.005526863,0.0
2023-09-12 00:00:00,SWM2,5.3,54.044959289000005,0.0
2023-09-12 00:00:00,SWM3,5.3,54.044959289000005,0.0
2023-09-12 00:00:00,SWM4,5.3,54.044959289000005,0.0
2023-09-12 00:00:00,SWM6,5.2,53.025243076,0.0
2023-09-12 00:00:00,SWM7,5.4,55.06467550200001,0.0
2023-09-12 00:00:00,SWM8,5.2,53.025243076,0.007
2023-09-12 00:00:00,SWM9,5.0,50.985810650000005,0.0
2023-09-12 01:00:00,SWM10,4.2,42.82808094600001,0.0
2023-09-12 01:00:00,SWM10B,4.1,41.808364733,0.0
2023-09-12 01:00:00,SWM10C,4.1,41.808364733,0.0
2023-09-12 01:00:00,SWM11,5.4,55.06467550200001,0.013
2023-09-12 01:00:00,SWM12,5.2,53.025243076,0.005
2023-09-12 01:00:00,SWM13,5.3,54.044959289000005,0.0
2023-09-12 01:00:00,SWM14,5.6,57.104107928,0.0
2023-09-12 01:00:00,SWM15,5.1,52.005526863,0.0
2023-09-12 01:00:00,SWM2,5.3,54.044959289000005,0.0
2023-09-12 01:00:00,SWM3,5.4,55.06467550200001,0.0
2023-09-12 01:00:00,SWM4,5.3,54.044959289000005,0.0
2023-09-12 01:00:00,SWM6,5.2,53.025243076,0.025
2023-09-12 01:00:00,SWM7,5.4,55.06467550200001,0.01
2023-09-12 01:00:00,SWM8,5.2,53.025243076,0.0
2023-09-12 01:00:00,SWM9,4.8,48.946378224,0.0
2023-09-12 02:00:00,SWM10,4.3,43.847797159,0.0
2023-09-12 02:00:00,SWM10B,4.25,43.337939052500005,0.006
2023-09-12 02:00:00,SWM10C,4.3,43.847797159,0.001
2023-09-12 02:00:00,SWM11,5.4,55.06467550200001,0.013
2023-09-12 02:00:00,SWM12,5.1,52.005526863,0.0
2023-09-12 02:00:00,SWM13,5.2,53.025243076,0.003
2023-09-12 02:00:00,SWM14,5.6,57.104107928,0.003
2023-09-12 02:00:00,SWM15,5.1,52.005526863,0.0
2023-09-12 02:00:00,SWM2,5.2,53.025243076,0.0
2023-09-12 02:00:00,SWM3,5.3,54.044959289000005,0.0
2023-09-12 02:00:00,SWM4,5.3,54.044959289000005,0.0
2023-09-12 02:00:00,SWM6,5.2,53.025243076,0.0
2023-09-12 02:00:00,SWM7,5.4,55.06467550200001,0.007
2023-09-12 02:00:00,SWM8,5.2,53.025243076,0.014
2023-09-12 02:00:00,SWM9,4.6,46.906945798,0.0
2023-09-12 03:00:00,SWM10,4.1,41.808364733,0.0
2023-09-12 03:00:00,SWM10B,4.0,40.78864852,0.002
2023-09-12 03:00:00,SWM10C,4.1,41.808364733,0.0
2023-09-12 03:00:00,SWM11,5.3,54.044959289000005,0.012
2023-09-12 03:00:00,SWM12,5.1,52.005526863,0.0
2023-09-12 03:00:00,SWM13,5.2,53.025243076,0.0
2023-09-12 03:00:00,SWM14,5.5,56.084391715,0.0
2023-09-12 03:00:00,SWM15,5.0,50.985810650000005,0.002
2023-09-12 03:00:00,SWM2,5.2,53.025243076,0.0
2023-09-12 03:00:00,SWM3,5.3,54.044959289000005,0.0
2023-09-12 03:00:00,SWM4,5.3,54.044959289000005,0.009
2023-09-12 03:00:00,SWM6,5.2,53.025243076,0.037
2023-09-12 03:00:00,SWM7,5.4,55.06467550200001,0.057
2023-09-12 03:00:00,SWM8,5.1,52.005526863,0.012
2023-09-12 03:00:00,SWM9,4.5,45.887229585,0.0
2023-09-12 04:00:00,SWM10,4.2,42.82808094600001,0.0
2023-09-12 04:00:00,SWM10B,4.1,41.808364733,0.0
2023-09-12 04:00:00,SWM10C,4.1,41.808364733,0.0
2023-09-12 04:00:00,SWM11,5.4,55.06467550200001,0.029
2023-09-12 04:00:00,SWM12,5.1,52.005526863,0.0
2023-09-12 04:00:00,SWM13,5.2,53.025243076,0.0
2023-09-12 04:00:00,SWM14,5.6,57.104107928,0.0
2023-09-12 04:00:00,SWM15,5.1,52.005526863,0.007
2023-09-12 04:00:00,SWM2,5.3,54.044959289000005,0.0
2023-09-12 04:00:00,SWM3,5.4,55.06467550200001,0.011
2023-09-12 04:00:00,SWM4,5.3,54.044959289000005,0.0
2023-09-12 04:00:00,SWM6,5.2,53.025243076,0.008
2023-09-12 04:00:00,SWM7,5.4,55.06467550200001,0.154
2023-09-12 04:00:00,SWM8,5.2,53.025243076,0.0
2023-09-12 04:00:00,SWM9,5.8,59.143540354,0.0
2023-09-12 05:00:00,SWM10,4.4,44.867513372000005,0.081
2023-09-12 05:00:00,SWM10B,4.3,43.847797159,0.005
2023-09-12 05:00:00,SWM10C,4.3,43.847797159,0.042
2023-09-12 05:00:00,SWM11,5.2,53.025243076,0.01
2023-09-12 05:00:00,SWM12,5.0,50.985810650000005,0.0
2023-09-12 05:00:00,SWM13,5.1,52.005526863,0.076
2023-09-12 05:00:00,SWM14,5.5,56.084391715,0.032
2023-09-12 05:00:00,SWM15,4.9,49.96609443700001,0.006
2023-09-12 05:00:00,SWM2,5.2,53.025243076,0.035
2023-09-12 05:00:00,SWM3,5.2,53.025243076,0.013
2023-09-12 05:00:00,SWM4,5.1,52.005526863,0.0
2023-09-12 05:00:00,SWM6,5.0,50.985810650000005,0.01
2023-09-12 05:00:00,SWM7,5.3,54.044959289000005,0.048
2023-09-12 05:00:00,SWM8,5.0,50.985810650000005,0.011
2023-09-12 05:00:00,SWM9,5.5,56.084391715,0.005
2023-09-12 06:00:00,SWM10,4.7,47.926662011000005,0.0
2023-09-12 06:00:00,SWM10B,4.7,47.926662011000005,0.015
2023-09-12 06:00:00,SWM10C,4.7,47.926662011000005,0.001
2023-09-12 06:00:00,SWM11,5.3,54.044959289000005,0.006
2023-09-12 06:00:00,SWM12,5.1,52.005526863,0.09
2023-09-12 06:00:00,SWM13,5.2,53.025243076,0.038
2023-09-12 06:00:00,SWM14,5.5,56.084391715,0.016
2023-09-12 06:00:00,SWM15,5.0,50.985810650000005,0.0
2023-09-12 06:00:00,SWM2,5.2,53.025243076,0.036
2023-09-12 06:00:00,SWM3,5.3,54.044959289000005,0.048
2023-09-12 06:00:00,SWM4,5.2,53.025243076,0.0
2023-09-12 06:00:00,SWM6,5.1,52.005526863,0.004
2023-09-12 06:00:00,SWM7,5.3,54.044959289000005,0.018
2023-09-12 06:00:00,SWM8,5.1,52.005526863,0.13
2023-09-12 06:00:00,SWM9,4.6,46.906945798,0.067
2023-09-12 07:00:00,SWM10,4.2,42.82808094600001,0.0
2023-09-12 07:00:00,SWM10B,4.1,41.808364733,0.001
2023-09-12 07:00:00,SWM10C,4.2,42.82808094600001,0.009
2023-09-12 07:00:00,SWM11,5.2,53.025243076,0.029
2023-09-12 07:00:00,SWM12,5.0,50.985810650000005,0.001
2023-09-12 07:00:00,SWM13,5.1,52.005526863,0.113
2023-09-12 07:00:00,SWM14,5.4,55.06467550200001,0.021
2023-09-12 07:00:00,SWM15,4.9,49.96609443700001,0.038
2023-09-12 07:00:00,SWM2,5.1,52.005526863,0.001
2023-09-12 07:00:00,SWM3,5.2,53.025243076,0.0
2023-09-12 07:00:00,SWM4,5.1,52.005526863,0.015
2023-09-12 07:00:00,SWM6,5.0,50.985810650000005,0.032
2023-09-12 07:00:00,SWM7,5.2,53.025243076,0.009
2023-09-12 07:00:00,SWM8,5.0,50.985810650000005,0.0
2023-09-12 07:00:00,SWM9,4.5,45.887229585,0.003
2023-09-12 08:00:00,SWM10,4.3,43.847797159,0.0
2023-09-12 08:00:00,SWM10B,4.2,42.82808094600001,0.004
2023-09-12 08:00:00,SWM10C,4.2,42.82808094600001,0.023
2023-09-12 08:00:00,SWM11,5.2,53.025243076,0.028
2023-09-12 08:00:00,SWM12,5.0,50.985810650000005,0.0
2023-09-12 08:00:00,SWM13,5.1,52.005526863,0.006
2023-09-12 08:00:00,SWM14,5.4,55.06467550200001,0.0
2023-09-12 08:00:00,SWM15,4.9,49.96609443700001,0.0
2023-09-12 08:00:00,SWM2,5.1,52.005526863,0.0
2023-09-12 08:00:00,SWM3,5.2,53.025243076,0.0
2023-09-12 08:00:00,SWM4,5.1,52.005526863,0.011
2023-09-12 08:00:00,SWM6,5.0,50.985810650000005,0.0
2023-09-12 08:00:00,SWM7,5.2,53.025243076,0.032
2023-09-12 08:00:00,SWM8,5.0,50.985810650000005,0.003
2023-09-12 08:00:00,SWM9,4.5,45.887229585,0.027
2023-09-12 09:00:00,SWM10,4.3,43.847797159,0.013
2023-09-12 09:00:00,SWM10B,4.2,42.82808094600001,0.022
2023-09-12 09:00:00,SWM10C,4.2,42.82808094600001,0.005
2023-09-12 09:00:00,SWM11,5.2,53.025243076,0.026
2023-09-12 09:00:00,SWM12,5.0,50.985810650000005,0.009
2023-09-12 09:00:00,SWM13,5.1,52.005526863,0.021
2023-09-12 09:00:00,SWM14,5.4,55.06467550200001,0.0
2023-09-12 09:00:00,SWM15,4.9,49.96609443700001,0.0
2023-09-12 09:00:00,SWM2,5.1,52.005526863,0.0
2023-09-12 09:00:00,SWM3,5.2,53.025243076,0.0
2023-09-12 09:00:00,SWM4,5.1,52.005526863,0.013
2023-09-12 09:00:00,SWM6,5.0,50.985810650000005,0.091
2023-09-12 09:00:00,SWM7,5.2,53.025243076,0.0
2023-09-12 09:00:00,SWM8,5.0,50.985810650000005,0.0
2023-09-12 09:00:00,SWM9,4.5,45.887229585,0.032
2023-09-12 10:00:00,SWM10,4.3,43.847797159,0.0
2023-09-12 10:00:00,SWM10B,4.2,42.82808094600001,0.004
2023-09-12 10:00:00,SWM10C,4.2,42.82808094600001,0.001
2023-09-12 10:00:00,SWM11,5.2,53.025243076,0.037
2023-09-12 10:00:00,SWM12,5.0,50.985810650000005,0.003
2023-09-12 10:00:00,SWM13,5.1,52.005526863,0.0
2023-09-12 10:00:00,SWM14,5.5,56.084391715,0.012
2023-09-12 10:00:00,SWM15,5.0,50.985810650000005,0.026
2023-09-12 10:00:00,SWM2,5.1,52.005526863,0.002
2023-09-12 10:00:00,SWM3,5.2,53.025243076,0.0
2023-09-12 10:00:00,SWM4,5.2,53.025243076,0.039
2023-09-12 10:00:00,SWM6,5.0,50.985810650000005,0.016
2023-09-12 10:00:00,SWM7,5.2,53.025243076,0.0
2023-09-12 10:00:00,SWM8,5.0,50.985810650000005,0.018
2023-09-12 10:00:00,SWM9,4.6,46.906945798,0.027
2023-09-12 11:00:00,SWM10,4.4,44.867513372000005,0.005
2023-09-12 11:00:00,SWM10B,4.3,43.847797159,0.02
2023-09-12 11:00:00,SWM10C,4.3,43.847797159,0.006
2023-09-12 11:00:00,SWM11,5.2,53.025243076,0.032
2023-09-12 11:00:00,SWM12,5.0,50.985810650000005,0.025
2023-09-12 11:00:00,SWM13,5.1,52.005526863,0.018
2023-09-12 11:00:00,SWM14,5.4,55.06467550200001,0.059
2023-09-12 11:00:00,SWM15,4.9,49.96609443700001,0.051
2023-09-12 11:00:00,SWM2,5.1,52.005526863,0.0
2023-09-12 11:00:00,SWM3,5.2,53.025243076,0.0
2023-09-12 11:00:00,SWM4,5.1,52.005526863,0.0
2023-09-12 11:00:00,SWM6,5.0,50.985810650000005,0.015
2023-09-12 11:00:00,SWM7,5.2,53.025243076,0.0
2023-09-12 11:00:00,SWM8,5.0,50.985810650000005,0.01
2023-09-12 11:00:00,SWM9,4.5,45.887229585,0.014
2023-09-12 12:00:00,SWM10,4.3,43.847797159,0.008
2023-09-12 12:00:00,SWM10B,4.2,42.82808094600001,0.003
2023-09-12 12:00:00,SWM10C,4.2,42.82808094600001,0.0
2023-09-12 12:00:00,SWM11,5.3,54.044959289000005,0.073
2023-09-12 12:00:00,SWM12,5.1,52.005526863,0.005
2023-09-12 12:00:00,SWM13,5.15,52.515384969500005,0.001
2023-09-12 12:00:00,SWM14,5.5,56.084391715,0.017
2023-09-12 12:00:00,SWM15,5.0,50.985810650000005,0.004
2023-09-12 12:00:00,SWM2,5.2,53.025243076,0.0
2023-09-12 12:00:00,SWM3,5.2,53.025243076,0.0
2023-09-12 12:00:00,SWM4,5.2,53.025243076,0.034
2023-09-12 12:00:00,SWM6,5.1,52.005526863,0.113
2023-09-12 12:00:00,SWM7,5.2,53.025243076,0.0
2023-09-12 12:00:00,SWM8,5.1,52.005526863,0.0
2023-09-12 12:00:00,SWM9,4.5,45.887229585,0.012
2023-09-12 13:00:00,SWM10,4.3,43.847797159,0.011
2023-09-12 13:00:00,SWM10B,4.2,42.82808094600001,0.009
2023-09-12 13:00:00,SWM10C,4.2,42.82808094600001,0.0
2023-09-12 13:00:00,SWM11,5.3,54.044959289000005,0.032
2023-09-12 13:00:00,SWM12,5.0,50.985810650000005,0.0
2023-09-12 13:00:00,SWM13,5.2,53.025243076,0.032
2023-09-12 13:00:00,SWM14,5.5,56.084391715,0.009
2023-09-12 13:00:00,SWM15,5.0,50.985810650000005,0.005
2023-09-12 13:00:00,SWM2,5.2,53.025243076,0.011
2023-09-12 13:00:00,SWM3,5.2,53.025243076,0.0
2023-09-12 13:00:00,SWM4,5.2,53.025243076,0.004
2023-09-12 13:00:00,SWM6,5.1,52.005526863,0.052
2023-09-12 13:00:00,SWM7,5.2,53.025243076,0.0
2023-09-12 13:00:00,SWM8,5.1,52.005526863,0.023
2023-09-12 13:00:00,SWM9,4.6,46.906945798,0.054
2023-09-12 14:00:00,SWM10,4.4,44.867513372000005,0.017
2023-09-12 14:00:00,SWM10B,4.2,42.82808094600001,0.0
2023-09-12 14:00:00,SWM10C,4.2,42.82808094600001,0.008
2023-09-12 14:00:00,SWM11,5.3,54.044959289000005,0.02
2023-09-12 14:00:00,SWM12,5.0,50.985810650000005,0.0
2023-09-12 14:00:00,SWM13,5.2,53.025243076,0.008
2023-09-12 14:00:00,SWM14,5.5,56.084391715,0.0
2023-09-12 14:00:00,SWM15,5.0,50.985810650000005,0.0
2023-09-12 14:00:00,SWM2,5.2,53.025243076,0.013
2023-09-12 14:00:00,SWM3,5.2,53.025243076,0.011
2023-09-12 14:00:00,SWM4,5.2,53.025243076,0.0
2023-09-12 14:00:00,SWM6,5.1,52.005526863,0.02
2023-09-12 14:00:00,SWM7,5.2,53.025243076,0.0
2023-09-12 14:00:00,SWM8,5.1,52.005526863,0.048
2023-09-12 14:00:00,SWM9,4.5,45.887229585,0.003
2023-09-12 15:00:00,SWM10,4.3,43.847797159,0.034
2023-09-12 15:00:00,SWM10B,4.2,42.82808094600001,0.003
2023-09-12 15:00:00,SWM10C,4.3,43.847797159,0.009
2023-09-12 15:00:00,SWM11,5.3,54.044959289000005,0.018
2023-09-12 15:00:00,SWM12,5.0,50.985810650000005,0.0
2023-09-12 15:00:00,SWM13,5.2,53.025243076,0.009
2023-09-12 15:00:00,SWM14,5.5,56.084391715,0.024
2023-09-12 15:00:00,SWM15,5.0,50.985810650000005,0.0
2023-09-12 15:00:00,SWM2,5.25,53.5351011825,0.082
2023-09-12 15:00:00,SWM3,5.3,54.044959289000005,0.005
2023-09-12 15:00:00,SWM4,5.2,53.025243076,0.0
2023-09-12 15:00:00,SWM6,5.1,52.005526863,0.043
2023-09-12 15:00:00,SWM7,5.3,54.044959289000005,0.137
2023-09-12 15:00:00,SWM8,5.1,52.005526863,0.0
2023-09-12 15:00:00,SWM9,4.5,45.887229585,0.027
2023-09-12 16:00:00,SWM10,4.4,44.867513372000005,0.012
2023-09-12 16:00:00,SWM10B,4.2,42.82808094600001,0.021
2023-09-12 16:00:00,SWM10C,4.3,43.847797159,0.012
2023-09-12 16:00:00,SWM11,5.2,53.025243076,0.019
2023-09-12 16:00:00,SWM12,5.0,50.985810650000005,0.0
2023-09-12 16:00:00,SWM13,5.1,52.005526863,0.005
2023-09-12 16:00:00,SWM14,5.5,56.084391715,0.016
2023-09-12 16:00:00,SWM15,4.9,49.96609443700001,0.003
2023-09-12 16:00:00,SWM2,5.2,53.025243076,0.04
2023-09-12 16:00:00,SWM3,5.2,53.025243076,0.01
2023-09-12 16:00:00,SWM4,5.2,53.025243076,0.021
2023-09-12 16:00:00,SWM6,5.1,52.005526863,0.14
2023-09-12 16:00:00,SWM7,5.3,54.044959289000005,0.043
2023-09-12 16:00:00,SWM8,5.1,52.005526863,0.034
2023-09-12 16:00:00,SWM9,4.5,45.887229585,0.0
2023-09-12 17:00:00,SWM10,4.3,43.847797159,0.028
2023-09-12 17:00:00,SWM10B,4.2,42.82808094600001,0.001
2023-09-12 17:00:00,SWM10C,4.2,42.82808094600001,0.0
2023-09-12 17:00:00,SWM11,5.3,54.044959289000005,0.018
2023-09-12 17:00:00,SWM12,5.0,50.985810650000005,0.008
2023-09-12 17:00:00,SWM13,5.2,53.025243076,0.08
2023-09-12 17:00:00,SWM14,5.5,56.084391715,0.004
2023-09-12 17:00:00,SWM15,5.0,50.985810650000005,0.0
2023-09-12 17:00:00,SWM2,5.2,53.025243076,0.0
2023-09-12 17:00:00,SWM3,5.25,53.5351011825,0.0
2023-09-12 17:00:00,SWM4,5.2,53.025243076,0.016
2023-09-12 17:00:00,SWM6,5.1,52.005526863,0.034
2023-09-12 17:00:00,SWM7,5.3,54.044959289000005,0.095
2023-09-12 17:00:00,SWM8,5.1,52.005526863,0.067
2023-09-12 17:00:00,SWM9,4.5,45.887229585,0.007
2023-09-12 18:00:00,SWM10,4.3,43.847797159,0.0
2023-09-12 18:00:00,SWM10B,4.2,42.82808094600001,0.003
2023-09-12 18:00:00,SWM10C,4.2,42.82808094600001,0.007
2023-09-12 18:00:00,SWM11,5.3,54.044959289000005,0.022
2023-09-12 18:00:00,SWM12,5.0,50.985810650000005,0.0
2023-09-12 18:00:00,SWM13,5.2,53.025243076,0.033
2023-09-12 18:00:00,SWM14,5.5,56.084391715,0.169
2023-09-12 18:00:00,SWM15,5.0,50.985810650000005,0.0
2023-09-12 18:00:00,SWM2,5.3,54.044959289000005,0.054
2023-09-12 18:00:00,SWM3,5.3,54.044959289000005,0.009
2023-09-12 18:00:00,SWM4,5.2,53.025243076,0.0
2023-09-12 18:00:00,SWM6,5.1,52.005526863,0.017
2023-09-12 18:00:00,SWM7,5.3,54.044959289000005,0.121
2023-09-12 18:00:00,SWM8,5.1,52.005526863,0.019
2023-09-12 18:00:00,SWM9,6.1,62.202688993,0.0
2023-09-12 19:00:00,SWM10,4.3,43.847797159,0.0
2023-09-12 19:00:00,SWM10B,4.2,42.82808094600001,0.012
2023-09-12 19:00:00,SWM10C,4.2,42.82808094600001,0.01
2023-09-12 19:00:00,SWM11,5.3,54.044959289000005,0.021
2023-09-12 19:00:00,SWM12,5.0,50.985810650000005,0.0
2023-09-12 19:00:00,SWM13,5.2,53.025243076,0.007
2023-09-12 19:00:00,SWM14,5.5,56.084391715,0.032
2023-09-12 19:00:00,SWM15,5.0,50.985810650000005,0.029
2023-09-12 19:00:00,SWM2,5.3,54.044959289000005,0.147
2023-09-12 19:00:00,SWM3,5.3,54.044959289000005,0.017
2023-09-12 19:00:00,SWM4,5.2,53.025243076,0.004
2023-09-12 19:00:00,SWM6,5.1,52.005526863,0.006
2023-09-12 19:00:00,SWM7,5.3,54.044959289000005,0.017
2023-09-12 19:00:00,SWM8,5.1,52.005526863,0.015
2023-09-12 19:00:00,SWM9,5.75,58.633682247500005,0.0
2023-09-12 20:00:00,SWM10,4.5,45.887229585,0.0
2023-09-12 20:00:00,SWM10B,4.3,43.847797159,0.03
2023-09-12 20:00:00,SWM10C,4.4,44.867513372000005,0.003
2023-09-12 20:00:00,SWM11,5.1,52.005526863,0.016
2023-09-12 20:00:00,SWM12,4.9,49.96609443700001,0.003
2023-09-12 20:00:00,SWM13,5.0,50.985810650000005,0.003
2023-09-12 20:00:00,SWM14,5.3,54.044959289000005,0.065
2023-09-12 20:00:00,SWM15,4.9,49.96609443700001,0.049
2023-09-12 20:00:00,SWM2,5.1,52.005526863,0.024
2023-09-12 20:00:00,SWM3,5.1,52.005526863,0.012
2023-09-12 20:00:00,SWM4,5.0,50.985810650000005,0.0
2023-09-12 20:00:00,SWM6,4.9,49.96609443700001,0.035
2023-09-12 20:00:00,SWM7,5.1,52.005526863,0.019
2023-09-12 20:00:00,SWM8,4.9,49.96609443700001,0.019
2023-09-12 20:00:00,SWM9,5.3,54.044959289000005,0.0
2023-09-12 21:00:00,SWM10,4.35,44.3576552655,0.027
2023-09-12 21:00:00,SWM10B,4.1,41.808364733,0.004
2023-09-12 21:00:00,SWM10C,4.2,42.82808094600001,0.008
2023-09-12 21:00:00,SWM11,5.2,53.025243076,0.002
2023-09-12 21:00:00,SWM12,4.9,49.96609443700001,0.006
2023-09-12 21:00:00,SWM13,5.1,52.005526863,0.096
2023-09-12 21:00:00,SWM14,5.4,55.06467550200001,0.019
2023-09-12 21:00:00,SWM15,4.9,49.96609443700001,0.015
2023-09-12 21:00:00,SWM2,5.1,52.005526863,0.037
2023-09-12 21:00:00,SWM3,5.2,53.025243076,0.019
2023-09-12 21:00:00,SWM4,5.1,52.005526863,0.0
2023-09-12 21:00:00,SWM6,5.0,50.985810650000005,0.038
2023-09-12 21:00:00,SWM7,5.2,53.025243076,0.007
2023-09-12 21:00:00,SWM8,5.0,50.985810650000005,0.011
2023-09-12 21:00:00,SWM9,5.0,50.985810650000005,0.0
2023-09-12 22:00:00,SWM10,4.4,44.867513372000005,0.101
2023-09-12 22:00:00,SWM10B,4.3,43.847797159,0.007
2023-09-12 22:00:00,SWM10C,4.3,43.847797159,0.01
2023-09-12 22:00:00,SWM11,5.3,54.044959289000005,0.011
2023-09-12 22:00:00,SWM12,5.1,52.005526863,0.0
2023-09-12 22:00:00,SWM13,5.2,53.025243076,0.0
2023-09-12 22:00:00,SWM14,5.6,57.104107928,0.009
2023-09-12 22:00:00,SWM15,5.0,50.985810650000005,0.003
2023-09-12 22:00:00,SWM2,5.3,54.044959289000005,0.034
2023-09-12 22:00:00,SWM3,5.3,54.044959289000005,0.0
2023-09-12 22:00:00,SWM4,5.2,53.025243076,0.003
2023-09-12 22:00:00,SWM6,5.1,52.005526863,0.043
2023-09-12 22:00:00,SWM7,5.4,55.06467550200001,0.022
2023-09-12 22:00:00,SWM8,5.1,52.005526863,0.037
2023-09-12 22:00:00,SWM9,4.7,47.926662011000005,0.0
2023-09-12 23:00:00,SWM10,4.3,43.847797159,0.022
2023-09-12 23:00:00,SWM10B,4.2,42.82808094600001,0.001
2023-09-12 23:00:00,SWM10C,4.2,42.82808094600001,0.01
2023-09-12 23:00:00,SWM11,5.4,55.06467550200001,0.015
2023-09-12 23:00:00,SWM12,5.1,52.005526863,0.0
2023-09-12 23:00:00,SWM13,5.25,53.5351011825,0.0
2023-09-12 23:00:00,SWM14,5.6,57.104107928,0.0
2023-09-12 23:00:00,SWM15,5.1,52.005526863,0.003
2023-09-12 23:00:00,SWM2,5.3,54.044959289000005,0.0
2023-09-12 23:00:00,SWM3,5.3,54.044959289000005,0.0
2023-09-12 23:00:00,SWM4,5.3,54.044959289000005,0.005
2023-09-12 23:00:00,SWM6,5.2,53.025243076,0.027
2023-09-12 23:00:00,SWM7,5.4,55.06467550200001,0.006
2023-09-12 23:00:00,SWM8,5.2,53.025243076,0.0
2023-09-12 23:00:00,SWM9,4.5,45.887229585,0.0
2023-09-13 00:00:00,SWM10,4.2,42.82808094600001,0.001
2023-09-13 00:00:00,SWM10B,4.0,40.78864852,0.0
2023-09-13 00:00:00,SWM10C,4.1,41.808364733,0.0
2023-09-13 00:00:00,SWM11,5.3,54.044959289000005,0.009
2023-09-13 00:00:00,SWM12,5.0,50.985810650000005,0.0
2023-09-13 00:00:00,SWM13,5.2,53.025243076,0.0
2023-09-13 00:00:00,SWM14,5.5,56.084391715,0.0
2023-09-13 00:00:00,SWM15,5.0,50.985810650000005,0.0
2023-09-13 00:00:00,SWM2,5.2,53.025243076,0.0
2023-09-13 00:00:00,SWM3,5.3,54.044959289000005,0.0
2023-09-13 00:00:00,SWM4,5.2,53.025243076,0.0
2023-09-13 00:00:00,SWM6,5.1,52.005526863,0.009
2023-09-13 00:00:00,SWM7,5.3,54.044959289000005,0.009
2023-09-13 00:00:00,SWM8,5.1,52.005526863,0.0
2023-09-13 00:00:00,SWM9,4.4,44.867513372000005,0.0
2023-09-13 01:00:00,SWM10,4.2,42.82808094600001,0.008
2023-09-13 01:00:00,SWM10B,4.05,41.2985066265,0.0
2023-09-13 01:00:00,SWM10C,4.15,42.31822283950001,0.008
2023-09-13 01:00:00,SWM11,5.4,55.06467550200001,0.03
2023-09-13 01:00:00,SWM12,5.1,52.005526863,0.0
2023-09-13 01:00:00,SWM13,5.2,53.025243076,0.0
2023-09-13 01:00:00,SWM14,5.5,56.084391715,0.0
2023-09-13 01:00:00,SWM15,5.0,50.985810650000005,0.0
2023-09-13 01:00:00,SWM2,5.2,53.025243076,0.0
2023-09-13 01:00:00,SWM3,5.3,54.044959289000005,0.0
2023-09-13 01:00:00,SWM4,5.3,54.044959289000005,0.003
2023-09-13 01:00:00,SWM6,5.2,53.025243076,0.015
2023-09-13 01:00:00,SWM7,5.4,55.06467550200001,0.007
2023-09-13 01:00:00,SWM8,5.1,52.005526863,0.008
2023-09-13 01:00:00,SWM9,5.8,59.143540354,0.0
2023-09-13 02:00:00,SWM10,4.2,42.82808094600001,0.003
2023-09-13 02:00:00,SWM10B,4.1,41.808364733,0.003
2023-09-13 02:00:00,SWM10C,4.1,41.808364733,0.001
2023-09-13 02:00:00,SWM11,5.3,54.044959289000005,0.018
2023-09-13 02:00:00,SWM12,5.1,52.005526863,0.0
2023-09-13 02:00:00,SWM13,5.2,53.025243076,0.0
2023-09-13 02:00:00,SWM14,5.5,56.084391715,0.0
2023-09-13 02:00:00,SWM15,5.0,50.985810650000005,0.0
2023-09-13 02:00:00,SWM2,5.3,54.044959289000005,0.008
2023-09-13 02:00:00,SWM3,5.3,54.044959289000005,0.0
2023-09-13 02:00:00,SWM4,5.3,54.044959289000005,0.006
2023-09-13 02:00:00,SWM6,5.2,53.025243076,0.015
2023-09-13 02:00:00,SWM7,5.4,55.06467550200001,0.006
2023-09-13 02:00:00,SWM8,5.2,53.025243076,0.01
2023-09-13 02:00:00,SWM9,5.5,56.084391715,0.0
2023-09-13 03:00:00,SWM10,4.25,43.337939052500005,0.0
2023-09-13 03:00:00,SWM10B,4.1,41.808364733,0.002
2023-09-13 03:00:00,SWM10C,4.2,42.82808094600001,0.0
2023-09-13 03:00:00,SWM11,5.4,55.06467550200001,0.016
2023-09-13 03:00:00,SWM12,5.1,52.005526863,0.0
2023-09-13 03:00:00,SWM13,5.2,53.025243076,0.0
2023-09-13 03:00:00,SWM14,5.55,56.5942498215,0.003
2023-09-13 03:00:00,SWM15,5.0,50.985810650000005,0.002
2023-09-13 03:00:00,SWM2,5.3,54.044959289000005,0.0
2023-09-13 03:00:00,SWM3,5.3,54.044959289000005,0.0
2023-09-13 03:00:00,SWM4,5.3,54.044959289000005,0.0
2023-09-13 03:00:00,SWM6,5.2,53.025243076,0.031
2023-09-13 03:00:00,SWM7,5.4,55.06467550200001,0.024
2023-09-13 03:00:00,SWM8,5.1,52.005526863,0.0
2023-09-13 03:00:00,SWM9,5.3,54.044959289000005,0.0
2023-09-13 04:00:00,SWM10,4.3,43.847797159,0.0
2023-09-13 04:00:00,SWM10B,4.2,42.82808094600001,0.0
2023-09-13 04:00:00,SWM10C,4.2,42.82808094600001,0.0
2023-09-13 04:00:00,SWM11,5.4,55.06467550200001,0.026
2023-09-13 04:00:00,SWM12,5.1,52.005526863,0.0
2023-09-13 04:00:00,SWM13,5.25,53.5351011825,0.0
2023-09-13 04:00:00,SWM14,5.6,57.104107928,0.0
2023-09-13 04:00:00,SWM15,5.1,52.005526863,0.0
2023-09-13 04:00:00,SWM2,5.3,54.044959289000005,0.0
2023-09-13 04:00:00,SWM3,5.35,54.5548173955,0.0
2023-09-13 04:00:00,SWM4,5.3,54.044959289000005,0.012
2023-09-13 04:00:00,SWM6,5.2,53.025243076,0.008
2023-09-13 04:00:00,SWM7,5.4,55.06467550200001,0.246
2023-09-13 04:00:00,SWM8,5.2,53.025243076,0.0
2023-09-13 04:00:00,SWM9,5.0,50.985810650000005,0.0
2023-09-13 05:00:00,SWM10,4.2,42.82808094600001,0.0
2023-09-13 05:00:00,SWM10B,4.1,41.808364733,0.005
2023-09-13 05:00:00,SWM10C,4.1,41.808364733,0.0
2023-09-13 05:00:00,SWM11,5.3,54.044959289000005,0.038
2023-09-13 05:00:00,SWM12,5.0,50.985810650000005,0.0
2023-09-13 05:00:00,SWM13,5.1,52.005526863,0.146
2023-09-13 05:00:00,SWM14,5.5,56.084391715,0.041
2023-09-13 05:00:00,SWM15,5.0,50.985810650000005,0.017
2023-09-13 05:00:00,SWM2,5.2,53.025243076,0.033
2023-09-13 05:00:00,SWM3,5.2,53.025243076,0.02
2023-09-13 05:00:00,SWM4,5.2,53.025243076,0.0
2023-09-13 05:00:00,SWM6,5.0,50.985810650000005,0.0
2023-09-13 05:00:00,SWM7,5.3,54.044959289000005,0.045
2023-09-13 05:00:00,SWM8,5.1,52.005526863,0.051
2023-09-13 05:00:00,SWM9,4.5,45.887229585,0.019
2023-09-13 06:00:00,SWM10,4.3,43.847797159,0.013
2023-09-13 06:00:00,SWM10B,4.1,41.808364733,0.012
2023-09-13 06:00:00,SWM10C,4.2,42.82808094600001,0.003
2023-09-13 06:00:00,SWM11,5.3,54.044959289000005,0.018
2023-09-13 06:00:00,SWM12,5.15,52.515384969500005,0.131
2023-09-13 06:00:00,SWM13,5.3,54.044959289000005,0.031
2023-09-13 06:00:00,SWM14,5.6,57.104107928,0.046
2023-09-13 06:00:00,SWM15,5.0,50.985810650000005,0.0
2023-09-13 06:00:00,SWM2,5.3,54.044959289000005,0.017
2023-09-13 06:00:00,SWM3,5.3,54.044959289000005,0.049
2023-09-13 06:00:00,SWM4,5.2,53.025243076,0.0
2023-09-13 06:00:00,SWM6,5.2,53.025243076,0.035
2023-09-13 06:00:00,SWM7,5.4,55.06467550200001,0.01
2023-09-13 06:00:00,SWM8,5.2,53.025243076,0.062
2023-09-13 06:00:00,SWM9,5.8,59.143540354,0.013
2023-09-13 07:00:00,SWM10,4.3,43.847797159,0.001
2023-09-13 07:00:00,SWM10B,4.2,42.82808094600001,0.004
2023-09-13 07:00:00,SWM10C,4.2,42.82808094600001,0.001
2023-09-13 07:00:00,SWM11,5.3,54.044959289000005,0.029
2023-09-13 07:00:00,SWM12,5.1,52.005526863,0.013
2023-09-13 07:00:00,SWM13,5.2,53.025243076,0.004
2023-09-13 07:00:00,SWM14,5.5,56.084391715,0.028
2023-09-13 07:00:00,SWM15,5.0,50.985810650000005,0.005
2023-09-13 07:00:00,SWM2,5.3,54.044959289000005,0.013
2023-09-13 07:00:00,SWM3,5.3,54.044959289000005,0.0
2023-09-13 07:00:00,SWM4,5.2,53.025243076,0.0
2023-09-13 07:00:00,SWM6,5.1,52.005526863,0.037
2023-09-13 07:00:00,SWM7,5.3,54.044959289000005,0.013
2023-09-13 07:00:00,SWM8,5.2,53.025243076,0.076
2023-09-13 07:00:00,SWM9,4.5,45.887229585,0.02
2023-09-13 08:00:00,SWM10,4.3,43.847797159,0.0
2023-09-13 08:00:00,SWM10B,4.15,42.31822283950001,0.0
2023-09-13 08:00:00,SWM10C,4.2,42.82808094600001,0.01
2023-09-13 08:00:00,SWM11,5.3,54.044959289000005,0.04
2023-09-13 08:00:00,SWM12,5.1,52.005526863,0.021
2023-09-13 08:00:00,SWM13,5.2,53.025243076,0.0
2023-09-13 08:00:00,SWM14,5.5,56.084391715,0.0
2023-09-13 08:00:00,SWM15,5.1,52.005526863,0.021
2023-09-13 08:00:00,SWM2,5.3,54.044959289000005,0.016
2023-09-13 08:00:00,SWM3,5.3,54.044959289000005,0.0
2023-09-13 08:00:00,SWM4,5.3,54.044959289000005,0.044
2023-09-13 08:00:00,SWM6,5.1,52.005526863,0.0
2023-09-13 08:00:00,SWM7,5.4,55.06467550200001,0.019
2023-09-13 08:00:00,SWM8,5.2,53.025243076,0.039
2023-09-13 08:00:00,SWM9,4.5,45.887229585,0.013
2023-09-13 09:00:00,SWM10,4.6,46.906945798,0.01
2023-09-13 09:00:00,SWM10B,4.5,45.887229585,0.034
2023-09-13 09:00:00,SWM10C,4.5,45.887229585,0.004
2023-09-13 09:00:00,SWM11,5.3,54.044959289000005,0.051
2023-09-13 09:00:00,SWM12,5.1,52.005526863,0.028
2023-09-13 09:00:00,SWM13,5.1,52.005526863,0.001
2023-09-13 09:00:00,SWM14,5.5,56.084391715,0.0
2023-09-13 09:00:00,SWM15,5.0,50.985810650000005,0.0
2023-09-13 09:00:00,SWM2,5.2,53.025243076,0.0
2023-09-13 09:00:00,SWM3,5.3,54.044959289000005,0.01
2023-09-13 09:00:00,SWM4,5.2,53.025243076,0.045
2023-09-13 09:00:00,SWM6,5.1,52.005526863,0.053
2023-09-13 09:00:00,SWM7,5.3,54.044959289000005,0.0
2023-09-13 09:00:00,SWM8,5.1,52.005526863,0.011
2023-09-13 09:00:00,SWM9,4.5,45.887229585,0.017
2023-09-13 10:00:00,SWM10,4.7,47.926662011000005,0.0
2023-09-13 10:00:00,SWM10B,4.6,46.906945798,0.0
2023-09-13 10:00:00,SWM10C,4.6,46.906945798,0.0
2023-09-13 10:00:00,SWM11,5.2,53.025243076,0.048
2023-09-13 10:00:00,SWM12,5.1,52.005526863,0.009
2023-09-13 10:00:00,SWM13,5.1,52.005526863,0.0
2023-09-13 10:00:00,SWM14,5.5,56.084391715,0.0
2023-09-13 10:00:00,SWM15,5.0,50.985810650000005,0.0
2023-09-13 10:00:00,SWM2,5.2,53.025243076,0.0
2023-09-13 10:00:00,SWM3,5.3,54.044959289000005,0.058
2023-09-13 10:00:00,SWM4,5.2,53.025243076,0.004
2023-09-13 10:00:00,SWM6,5.1,52.005526863,0.012
2023-09-13 10:00:00,SWM7,5.3,54.044959289000005,0.0
2023-09-13 10:00:00,SWM8,5.1,52.005526863,0.023
2023-09-13 10:00:00,SWM9,4.6,46.906945798,0.015
2023-09-13 11:00:00,SWM10,4.2,42.82808094600001,0.0
2023-09-13 11:00:00,SWM10B,4.1,41.808364733,0.003
2023-09-13 11:00:00,SWM10C,4.1,41.808364733,0.0
2023-09-13 11:00:00,SWM11,5.1,52.005526863,0.014
2023-09-13 11:00:00,SWM12,5.0,50.985810650000005,0.086
2023-09-13 11:00:00,SWM13,5.0,50.985810650000005,0.0
2023-09-13 11:00:00,SWM14,5.3,54.044959289000005,0.0
2023-09-13 11:00:00,SWM15,4.8,48.946378224,0.0
2023-09-13 11:00:00,SWM2,5.0,50.985810650000005,0.0
2023-09-13 11:00:00,SWM3,5.1,52.005526863,0.013
2023-09-13 11:00:00,SWM4,5.0,50.985810650000005,0.0
2023-09-13 11:00:00,SWM6,4.9,49.96609443700001,0.014
2023-09-13 11:00:00,SWM7,5.1,52.005526863,0.0
2023-09-13 11:00:00,SWM8,4.95,50.47595254350001,0.016
2023-09-13 11:00:00,SWM9,4.65,47.41680390450001,0.004
2023-09-13 12:00:00,SWM10,4.3,43.847797159,0.0
2023-09-13 12:00:00,SWM10B,4.3,43.847797159,0.015
2023-09-13 12:00:00,SWM10C,4.3,43.847797159,0.008
2023-09-13 12:00:00,SWM11,5.2,53.025243076,0.011
2023-09-13 12:00:00,SWM12,5.05,51.4956687565,0.0
2023-09-13 12:00:00,SWM13,5.0,50.985810650000005,0.003
2023-09-13 12:00:00,SWM14,5.4,55.06467550200001,0.004
2023-09-13 12:00:00,SWM15,4.8,48.946378224,0.0
2023-09-13 12:00:00,SWM2,5.0,50.985810650000005,0.0
2023-09-13 12:00:00,SWM3,5.1,52.005526863,0.0
2023-09-13 12:00:00,SWM4,5.1,52.005526863,0.0
2023-09-13 12:00:00,SWM6,5.0,50.985810650000005,0.301
2023-09-13 12:00:00,SWM7,5.1,52.005526863,0.0
2023-09-13 12:00:00,SWM8,5.0,50.985810650000005,0.005
2023-09-13 12:00:00,SWM9,4.6,46.906945798,0.004
2023-09-13 13:00:00,SWM10,4.3,43.847797159,0.006
2023-09-13 13:00:00,SWM10B,4.15,42.31822283950001,0.005
2023-09-13 13:00:00,SWM10C,4.2,42.82808094600001,0.001
2023-09-13 13:00:00,SWM11,5.3,54.044959289000005,0.014
2023-09-13 13:00:00,SWM12,5.5,56.084391715,0.0
2023-09-13 13:00:00,SWM13,5.2,53.025243076,0.045
2023-09-13 13:00:00,SWM14,5.5,56.084391715,0.004
2023-09-13 13:00:00,SWM15,5.0,50.985810650000005,0.0
2023-09-13 13:00:00,SWM2,5.2,53.025243076,0.007
2023-09-13 13:00:00,SWM3,5.3,54.044959289000005,0.0
2023-09-13 13:00:00,SWM4,5.2,53.025243076,0.009
2023-09-13 13:00:00,SWM6,5.1,52.005526863,0.02
2023-09-13 13:00:00,SWM7,5.3,54.044959289000005,0.0
2023-09-13 13:00:00,SWM8,5.1,52.005526863,0.106
2023-09-13 13:00:00,SWM9,4.5,45.887229585,0.005
2023-09-13 14:00:00,SWM10,4.4,44.867513372000005,0.004
2023-09-13 14:00:00,SWM10B,4.2,42.82808094600001,0.004
2023-09-13 14:00:00,SWM10C,4.3,43.847797159,0.02
2023-09-13 14:00:00,SWM11,5.1,52.005526863,0.029
2023-09-13 14:00:00,SWM12,5.5,56.084391715,0.0
2023-09-13 14:00:00,SWM13,5.1,52.005526863,0.045
2023-09-13 14:00:00,SWM14,5.4,55.06467550200001,0.007
2023-09-13 14:00:00,SWM15,4.9,49.96609443700001,0.008
2023-09-13 14:00:00,SWM2,5.1,52.005526863,0.029
2023-09-13 14:00:00,SWM3,5.2,53.025243076,0.003
2023-09-13 14:00:00,SWM4,5.1,52.005526863,0.005
2023-09-13 14:00:00,SWM6,5.0,50.985810650000005,0.029
2023-09-13 14:00:00,SWM7,5.1,52.005526863,0.0
2023-09-13 14:00:00,SWM8,4.9,49.96609443700001,0.0
2023-09-13 14:00:00,SWM9,4.4,44.867513372000005,0.0
2023-09-13 15:00:00,SWM10,4.3,43.847797159,0.005
2023-09-13 15:00:00,SWM10B,4.2,42.82808094600001,0.001
2023-09-13 15:00:00,SWM10C,4.3,43.847797159,0.013
2023-09-13 15:00:00,SWM11,5.2,53.025243076,0.022
2023-09-13 15:00:00,SWM12,5.4,55.06467550200001,0.0
2023-09-13 15:00:00,SWM13,5.2,53.025243076,0.016
2023-09-13 15:00:00,SWM14,5.5,56.084391715,0.04
2023-09-13 15:00:00,SWM15,5.0,50.985810650000005,0.004
2023-09-13 15:00:00,SWM2,5.2,53.025243076,0.055
2023-09-13 15:00:00,SWM3,5.25,53.5351011825,0.015
2023-09-13 15:00:00,SWM4,5.2,53.025243076,0.0
2023-09-13 15:00:00,SWM6,5.1,52.005526863,0.018
2023-09-13 15:00:00,SWM7,5.2,53.025243076,0.059
2023-09-13 15:00:00,SWM8,5.1,52.005526863,0.033
2023-09-13 15:00:00,SWM9,4.5,45.887229585,0.0
2023-09-13 16:00:00,SWM10,4.3,43.847797159,0.003
2023-09-13 16:00:00,SWM10B,4.2,42.82808094600001,0.015
2023-09-13 16:00:00,SWM10C,4.2,42.82808094600001,0.024
2023-09-13 16:00:00,SWM11,5.2,53.025243076,0.016
2023-09-13 16:00:00,SWM12,5.3,54.044959289000005,0.0
2023-09-13 16:00:00,SWM13,5.2,53.025243076,0.04
2023-09-13 16:00:00,SWM14,5.5,56.084391715,0.043
2023-09-13 16:00:00,SWM15,5.0,50.985810650000005,0.021
2023-09-13 16:00:00,SWM2,5.2,53.025243076,0.073
2023-09-13 16:00:00,SWM3,5.3,54.044959289000005,0.048
2023-09-13 16:00:00,SWM4,5.2,53.025243076,0.011
2023-09-13 16:00:00,SWM6,5.1,52.005526863,0.013
2023-09-13 16:00:00,SWM7,5.3,54.044959289000005,0.101
2023-09-13 16:00:00,SWM8,5.1,52.005526863,0.083
2023-09-13 16:00:00,SWM9,4.4,44.867513372000005,0.0
2023-09-13 17:00:00,SWM10,4.4,44.867513372000005,0.126
2023-09-13 17:00:00,SWM10B,4.2,42.82808094600001,0.025
2023-09-13 17:00:00,SWM10C,4.3,43.847797159,0.001
2023-09-13 17:00:00,SWM11,5.2,53.025243076,0.017
2023-09-13 17:00:00,SWM12,5.2,53.025243076,0.0
2023-09-13 17:00:00,SWM13,5.2,53.025243076,0.031
2023-09-13 17:00:00,SWM14,5.5,56.084391715,0.0
2023-09-13 17:00:00,SWM15,5.0,50.985810650000005,0.006
2023-09-13 17:00:00,SWM2,5.2,53.025243076,0.045
2023-09-13 17:00:00,SWM3,5.3,54.044959289000005,0.02
2023-09-13 17:00:00,SWM4,5.2,53.025243076,0.003
2023-09-13 17:00:00,SWM6,5.1,52.005526863,0.051
2023-09-13 17:00:00,SWM7,5.3,54.044959289000005,0.117
2023-09-13 17:00:00,SWM8,5.1,52.005526863,0.034
2023-09-13 17:00:00,SWM9,4.4,44.867513372000005,0.0
2023-09-13 18:00:00,SWM10,4.5,45.887229585,0.011
2023-09-13 18:00:00,SWM10B,4.4,44.867513372000005,0.001
2023-09-13 18:00:00,SWM10C,4.5,45.887229585,0.023
2023-09-13 18:00:00,SWM11,5.2,53.025243076,0.018
2023-09-13 18:00:00,SWM12,5.0,50.985810650000005,0.008
2023-09-13 18:00:00,SWM13,5.2,53.025243076,0.008
2023-09-13 18:00:00,SWM14,5.5,56.084391715,0.079
2023-09-13 18:00:00,SWM15,5.0,50.985810650000005,0.001
2023-09-13 18:00:00,SWM2,5.2,53.025243076,0.108
2023-09-13 18:00:00,SWM3,5.3,54.044959289000005,0.005
2023-09-13 18:00:00,SWM4,5.2,53.025243076,0.003
2023-09-13 18:00:00,SWM6,5.1,52.005526863,0.014
2023-09-13 18:00:00,SWM7,5.3,54.044959289000005,0.213
2023-09-13 18:00:00,SWM8,5.1,52.005526863,0.007
2023-09-13 18:00:00,SWM9,4.4,44.867513372000005,0.0
2023-09-13 19:00:00,SWM10,4.3,43.847797159,0.001
2023-09-13 19:00:00,SWM10B,4.2,42.82808094600001,0.016
2023-09-13 19:00:00,SWM10C,4.2,42.82808094600001,0.0
2023-09-13 19:00:00,SWM11,5.3,54.044959289000005,0.017
2023-09-13 19:00:00,SWM12,5.0,50.985810650000005,0.0
2023-09-13 19:00:00,SWM13,5.2,53.025243076,0.035
2023-09-13 19:00:00,SWM14,5.5,56.084391715,0.011
2023-09-13 19:00:00,SWM15,5.0,50.985810650000005,0.009
2023-09-13 19:00:00,SWM2,5.2,53.025243076,0.088
2023-09-13 19:00:00,SWM3,5.3,54.044959289000005,0.072
2023-09-13 19:00:00,SWM4,5.2,53.025243076,0.0
2023-09-13 19:00:00,SWM6,5.1,52.005526863,0.042
2023-09-13 19:00:00,SWM7,5.3,54.044959289000005,0.051
2023-09-13 19:00:00,SWM8,5.1,52.005526863,0.033
2023-09-13 19:00:00,SWM9,6.1,62.202688993,0.0
2023-09-13 20:00:00,SWM10,4.2,42.82808094600001,0.0
2023-09-13 20:00:00,SWM10B,4.2,42.82808094600001,0.002
2023-09-13 20:00:00,SWM10C,4.2,42.82808094600001,0.003
2023-09-13 20:00:00,SWM11,5.05,51.4956687565,0.016
2023-09-13 20:00:00,SWM12,4.8,48.946378224,0.007
2023-09-13 20:00:00,SWM13,5.0,50.985810650000005,0.066
2023-09-13 20:00:00,SWM14,5.3,54.044959289000005,0.0
2023-09-13 20:00:00,SWM15,4.8,48.946378224,0.005
2023-09-13 20:00:00,SWM2,5.0,50.985810650000005,0.105
2023-09-13 20:00:00,SWM3,5.1,52.005526863,0.001
2023-09-13 20:00:00,SWM4,5.0,50.985810650000005,0.012
2023-09-13 20:00:00,SWM6,4.9,49.96609443700001,0.003
2023-09-13 20:00:00,SWM7,5.1,52.005526863,0.025
2023-09-13 20:00:00,SWM8,4.9,49.96609443700001,0.008
2023-09-13 20:00:00,SWM9,5.9,60.163256567000005,0.0
2023-09-13 21:00:00,SWM10,4.4,44.867513372000005,0.016
2023-09-13 21:00:00,SWM10B,4.3,43.847797159,0.004
2023-09-13 21:00:00,SWM10C,4.3,43.847797159,0.016
2023-09-13 21:00:00,SWM11,5.2,53.025243076,0.018
2023-09-13 21:00:00,SWM12,5.0,50.985810650000005,0.0
2023-09-13 21:00:00,SWM13,5.1,52.005526863,0.024
2023-09-13 21:00:00,SWM14,5.4,55.06467550200001,0.006
2023-09-13 21:00:00,SWM15,4.9,49.96609443700001,0.0
2023-09-13 21:00:00,SWM2,5.2,53.025243076,0.046
2023-09-13 21:00:00,SWM3,5.2,53.025243076,0.027
2023-09-13 21:00:00,SWM4,5.1,52.005526863,0.0
2023-09-13 21:00:00,SWM6,5.0,50.985810650000005,0.052
2023-09-13 21:00:00,SWM7,5.2,53.025243076,0.007
2023-09-13 21:00:00,SWM8,5.0,50.985810650000005,0.137
2023-09-13 21:00:00,SWM9,5.5,56.084391715,0.0
2023-09-13 22:00:00,SWM10,4.5,45.887229585,0.031
2023-09-13 22:00:00,SWM10B,4.3,43.847797159,0.0
2023-09-13 22:00:00,SWM10C,4.3,43.847797159,0.0
2023-09-13 22:00:00,SWM11,5.3,54.044959289000005,0.016
2023-09-13 22:00:00,SWM12,5.1,52.005526863,0.0
2023-09-13 22:00:00,SWM13,5.2,53.025243076,0.0
2023-09-13 22:00:00,SWM14,5.6,57.104107928,0.026
2023-09-13 22:00:00,SWM15,5.0,50.985810650000005,0.004
2023-09-13 22:00:00,SWM2,5.2,53.025243076,0.0
2023-09-13 22:00:00,SWM3,5.3,54.044959289000005,0.0
2023-09-13 22:00:00,SWM4,5.3,54.044959289000005,0.011
2023-09-13 22:00:00,SWM6,5.2,53.025243076,0.016
2023-09-13 22:00:00,SWM7,5.4,55.06467550200001,0.009
2023-09-13 22:00:00,SWM8,5.2,53.025243076,0.029
2023-09-13 22:00:00,SWM9,5.3,54.044959289000005,0.0
2023-09-13 23:00:00,SWM10,4.4,44.867513372000005,0.013
2023-09-13 23:00:00,SWM10B,4.2,42.82808094600001,0.0
2023-09-13 23:00:00,SWM10C,4.2,42.82808094600001,0.0
2023-09-13 23:00:00,SWM11,5.3,54.044959289000005,0.028
2023-09-13 23:00:00,SWM12,5.1,52.005526863,0.0
2023-09-13 23:00:00,SWM13,5.2,53.025243076,0.0
2023-09-13 23:00:00,SWM14,5.6,57.104107928,0.004
2023-09-13 23:00:00,SWM15,5.1,52.005526863,0.001
2023-09-13 23:00:00,SWM2,5.3,54.044959289000005,0.0
2023-09-13 23:00:00,SWM3,5.4,55.06467550200001,0.008
2023-09-13 23:00:00,SWM4,5.3,54.044959289000005,0.0
2023-09-13 23:00:00,SWM6,5.2,53.025243076,0.022
2023-09-13 23:00:00,SWM7,5.4,55.06467550200001,0.0
2023-09-13 23:00:00,SWM8,5.2,53.025243076,0.003
2023-09-13 23:00:00,SWM9,5.0,50.985810650000005,0.0
2023-09-14 00:00:00,SWM10,4.4,44.867513372000005,0.0
2023-09-14 00:00:00,SWM10B,4.2,42.82808094600001,0.0
2023-09-14 00:00:00,SWM10C,4.3,43.847797159,0.0
2023-09-14 00:00:00,SWM11,5.3,54.044959289000005,0.018
2023-09-14 00:00:00,SWM12,5.1,52.005526863,0.0
2023-09-14 00:00:00,SWM13,5.2,53.025243076,0.0
2023-09-14 00:00:00,SWM14,5.5,56.084391715,0.0
2023-09-14 00:00:00,SWM15,5.0,50.985810650000005,0.0
2023-09-14 00:00:00,SWM2,5.2,53.025243076,0.0
2023-09-14 00:00:00,SWM3,5.3,54.044959289000005,0.0
2023-09-14 00:00:00,SWM4,5.3,54.044959289000005,0.0
2023-09-14 00:00:00,SWM6,5.2,53.025243076,0.008
2023-09-14 00:00:00,SWM7,5.4,55.06467550200001,0.0
2023-09-14 00:00:00,SWM8,5.2,53.025243076,0.008
2023-09-14 00:00:00,SWM9,4.8,48.946378224,0.0
2023-09-14 01:00:00,SWM10,4.3,43.847797159,0.0
2023-09-14 01:00:00,SWM10B,4.2,42.82808094600001,0.0
2023-09-14 01:00:00,SWM10C,4.2,42.82808094600001,0.0
2023-09-14 01:00:00,SWM11,5.3,54.044959289000005,0.017
2023-09-14 01:00:00,SWM12,5.1,52.005526863,0.0
2023-09-14 01:00:00,SWM13,5.2,53.025243076,0.0
2023-09-14 01:00:00,SWM14,5.6,57.104107928,0.002
2023-09-14 01:00:00,SWM15,5.1,52.005526863,0.003
2023-09-14 01:00:00,SWM2,5.25,53.5351011825,0.0
2023-09-14 01:00:00,SWM3,5.3,54.044959289000005,0.0
2023-09-14 01:00:00,SWM4,5.3,54.044959289000005,0.0
2023-09-14 01:00:00,SWM6,5.2,53.025243076,0.0
2023-09-14 01:00:00,SWM7,5.4,55.06467550200001,0.003
2023-09-14 01:00:00,SWM8,5.2,53.025243076,0.007
2023-09-14 01:00:00,SWM9,4.6,46.906945798,0.0
2023-09-14 02:00:00,SWM10,4.15,42.31822283950001,0.0
2023-09-14 02:00:00,SWM10B,4.0,40.78864852,0.0
2023-09-14 02:00:00,SWM10C,4.0,40.78864852,0.0
2023-09-14 02:00:00,SWM11,5.3,54.044959289000005,0.016
2023-09-14 02:00:00,SWM12,5.0,50.985810650000005,0.0
2023-09-14 02:00:00,SWM13,5.2,53.025243076,0.0
2023-09-14 02:00:00,SWM14,5.5,56.084391715,0.0
2023-09-14 02:00:00,SWM15,5.0,50.985810650000005,0.0
2023-09-14 02:00:00,SWM2,5.2,53.025243076,0.0
2023-09-14 02:00:00,SWM3,5.3,54.044959289000005,0.0
2023-09-14 02:00:00,SWM4,5.2,53.025243076,0.0
2023-09-14 02:00:00,SWM6,5.1,52.005526863,0.007
2023-09-14 02:00:00,SWM7,5.3,54.044959289000005,0.0
2023-09-14 02:00:00,SWM8,5.1,52.005526863,0.0
2023-09-14 02:00:00,SWM9,4.4,44.867513372000005,0.0
2023-09-14 03:00:00,SWM10,4.5,45.887229585,0.0
2023-09-14 03:00:00,SWM10B,4.3,43.847797159,0.0
2023-09-14 03:00:00,SWM10C,4.4,44.867513372000005,0.0
2023-09-14 03:00:00,SWM11,5.3,54.044959289000005,0.016
2023-09-14 03:00:00,SWM12,5.0,50.985810650000005,0.0
2023-09-14 03:00:00,SWM13,5.2,53.025243076,0.0
2023-09-14 03:00:00,SWM14,5.5,56.084391715,0.0
2023-09-14 03:00:00,SWM15,5.0,50.985810650000005,0.0
2023-09-14 03:00:00,SWM2,5.2,53.025243076,0.0
2023-09-14 03:00:00,SWM3,5.3,54.044959289000005,0.0
2023-09-14 03:00:00,SWM4,5.2,53.025243076,0.005
2023-09-14 03:00:00,SWM6,5.1,52.005526863,0.002
2023-09-14 03:00:00,SWM7,5.3,54.044959289000005,0.019
2023-09-14 03:00:00,SWM8,5.1,52.005526863,0.0
2023-09-14 03:00:00,SWM9,6.1,62.202688993,0.0
2023-09-14 04:00:00,SWM10,4.4,44.867513372000005,0.0
2023-09-14 04:00:00,SWM10B,4.2,42.82808094600001,0.0
2023-09-14 04:00:00,SWM10C,4.3,43.847797159,0.006
2023-09-14 04:00:00,SWM11,5.3,54.044959289000005,0.017
2023-09-14 04:00:00,SWM12,5.05,51.4956687565,0.0
2023-09-14 04:00:00,SWM13,5.2,53.025243076,0.0
2023-09-14 04:00:00,SWM14,5.5,56.084391715,0.0
2023-09-14 04:00:00,SWM15,5.0,50.985810650000005,0.0
2023-09-14 04:00:00,SWM2,5.2,53.025243076,0.0
2023-09-14 04:00:00,SWM3,5.3,54.044959289000005,0.0
2023-09-14 04:00:00,SWM4,5.2,53.025243076,0.0
2023-09-14 04:00:00,SWM6,5.1,52.005526863,0.006
2023-09-14 04:00:00,SWM7,5.3,54.044959289000005,0.133
2023-09-14 04:00:00,SWM8,5.15,52.515384969500005,0.008
2023-09-14 04:00:00,SWM9,5.9,60.163256567000005,0.0
2023-09-14 05:00:00,SWM10,4.3,43.847797159,0.007
2023-09-14 05:00:00,SWM10B,4.2,42.82808094600001,0.001
2023-09-14 05:00:00,SWM10C,4.2,42.82808094600001,0.002
2023-09-14 05:00:00,SWM11,5.0,50.985810650000005,0.007
2023-09-14 05:00:00,SWM12,4.8,48.946378224,0.0
2023-09-14 05:00:00,SWM13,5.0,50.985810650000005,0.049
2023-09-14 05:00:00,SWM14,5.3,54.044959289000005,0.057
2023-09-14 05:00:00,SWM15,4.8,48.946378224,0.006
2023-09-14 05:00:00,SWM2,5.1,52.005526863,0.031
2023-09-14 05:00:00,SWM3,5.1,52.005526863,0.011
2023-09-14 05:00:00,SWM4,5.0,50.985810650000005,0.0
2023-09-14 05:00:00,SWM6,4.9,49.96609443700001,0.008
2023-09-14 05:00:00,SWM7,5.1,52.005526863,0.011
2023-09-14 05:00:00,SWM8,4.9,49.96609443700001,0.008
2023-09-14 05:00:00,SWM9,5.6,57.104107928,0.0
2023-09-14 06:00:00,SWM10,4.45,45.3773714785,0.035
2023-09-14 06:00:00,SWM10B,4.3,43.847797159,0.12
2023-09-14 06:00:00,SWM10C,4.3,43.847797159,0.013
2023-09-14 06:00:00,SWM11,5.2,53.025243076,0.001
2023-09-14 06:00:00,SWM12,5.0,50.985810650000005,0.07
2023-09-14 06:00:00,SWM13,5.1,52.005526863,0.049
2023-09-14 06:00:00,SWM14,5.4,55.06467550200001,0.015
2023-09-14 06:00:00,SWM15,4.9,49.96609443700001,0.007
2023-09-14 06:00:00,SWM2,5.2,53.025243076,0.048
2023-09-14 06:00:00,SWM3,5.2,53.025243076,0.066
2023-09-14 06:00:00,SWM4,5.1,52.005526863,0.005
2023-09-14 06:00:00,SWM6,5.0,50.985810650000005,0.008
2023-09-14 06:00:00,SWM7,5.2,53.025243076,0.0
2023-09-14 06:00:00,SWM8,5.0,50.985810650000005,0.13
2023-09-14 06:00:00,SWM9,4.6,46.906945798,0.024
2023-09-14 07:00:00,SWM10,4.3,43.847797159,0.031
2023-09-14 07:00:00,SWM10B,4.2,42.82808094600001,0.006
2023-09-14 07:00:00,SWM10C,4.3,43.847797159,0.005
2023-09-14 07:00:00,SWM11,5.2,53.025243076,0.015
2023-09-14 07:00:00,SWM12,5.0,50.985810650000005,0.013
2023-09-14 07:00:00,SWM13,5.1,52.005526863,0.127
2023-09-14 07:00:00,SWM14,5.4,55.06467550200001,0.0
2023-09-14 07:00:00,SWM15,4.9,49.96609443700001,0.014
2023-09-14 07:00:00,SWM2,5.2,53.025243076,0.01
2023-09-14 07:00:00,SWM3,5.2,53.025243076,0.0
2023-09-14 07:00:00,SWM4,5.1,52.005526863,0.0
2023-09-14 07:00:00,SWM6,5.0,50.985810650000005,0.019
2023-09-14 07:00:00,SWM7,5.2,53.025243076,0.0
2023-09-14 07:00:00,SWM8,5.0,50.985810650000005,0.047
2023-09-14 07:00:00,SWM9,4.5,45.887229585,0.009
2023-09-14 08:00:00,SWM10,4.4,44.867513372000005,0.0
2023-09-14 08:00:00,SWM10B,4.3,43.847797159,0.011
2023-09-14 08:00:00,SWM10C,4.3,43.847797159,0.049
2023-09-14 08:00:00,SWM11,5.2,53.025243076,0.002
2023-09-14 08:00:00,SWM12,5.0,50.985810650000005,0.0
2023-09-14 08:00:00,SWM13,5.1,52.005526863,0.0
2023-09-14 08:00:00,SWM14,5.4,55.06467550200001,0.0
2023-09-14 08:00:00,SWM15,4.9,49.96609443700001,0.007
2023-09-14 08:00:00,SWM2,5.1,52.005526863,0.0
2023-09-14 08:00:00,SWM3,5.2,53.025243076,0.0
2023-09-14 08:00:00,SWM4,5.1,52.005526863,0.028
2023-09-14 08:00:00,SWM6,5.0,50.985810650000005,0.055
2023-09-14 08:00:00,SWM7,5.2,53.025243076,0.0
2023-09-14 08:00:00,SWM8,5.0,50.985810650000005,0.0
2023-09-14 08:00:00,SWM9,4.5,45.887229585,0.01
2023-09-14 09:00:00,SWM10,4.5,45.887229585,0.011
2023-09-14 09:00:00,SWM10B,4.4,44.867513372000005,0.034
2023-09-14 09:00:00,SWM10C,4.4,44.867513372000005,0.002
2023-09-14 09:00:00,SWM11,5.2,53.025243076,0.009
2023-09-14 09:00:00,SWM12,5.0,50.985810650000005,0.013
2023-09-14 09:00:00,SWM13,5.1,52.005526863,0.001
2023-09-14 09:00:00,SWM14,5.4,55.06467550200001,0.0
2023-09-14 09:00:00,SWM15,5.0,50.985810650000005,0.021
2023-09-14 09:00:00,SWM2,5.2,53.025243076,0.008
2023-09-14 09:00:00,SWM3,5.2,53.025243076,0.0
2023-09-14 09:00:00,SWM4,5.2,53.025243076,0.005
2023-09-14 09:00:00,SWM6,5.1,52.005526863,0.054
2023-09-14 09:00:00,SWM7,5.2,53.025243076,0.0
2023-09-14 09:00:00,SWM8,5.1,52.005526863,0.011
2023-09-14 09:00:00,SWM9,4.5,45.887229585,0.005
2023-09-14 10:00:00,SWM10,4.3,43.847797159,0.0
2023-09-14 10:00:00,SWM10B,4.2,42.82808094600001,0.013
2023-09-14 10:00:00,SWM10C,4.3,43.847797159,0.004
2023-09-14 10:00:00,SWM11,5.3,54.044959289000005,0.031
2023-09-14 10:00:00,SWM12,5.1,52.005526863,0.037
2023-09-14 10:00:00,SWM13,5.2,53.025243076,0.0
2023-09-14 10:00:00,SWM14,5.5,56.084391715,0.0
2023-09-14 10:00:00,SWM15,5.1,52.005526863,0.038
2023-09-14 10:00:00,SWM2,5.3,54.044959289000005,0.028
2023-09-14 10:00:00,SWM3,5.3,54.044959289000005,0.0
2023-09-14 10:00:00,SWM4,5.3,54.044959289000005,0.009
2023-09-14 10:00:00,SWM6,5.1,52.005526863,0.026
2023-09-14 10:00:00,SWM7,5.3,54.044959289000005,0.0
2023-09-14 10:00:00,SWM8,5.1,52.005526863,0.004
2023-09-14 10:00:00,SWM9,4.75,48.4365201175,0.01
2023-09-14 11:00:00,SWM10,4.4,44.867513372000005,0.003
2023-09-14 11:00:00,SWM10B,4.2,42.82808094600001,0.005
2023-09-14 11:00:00,SWM10C,4.2,42.82808094600001,0.0
2023-09-14 11:00:00,SWM11,5.2,53.025243076,0.011
2023-09-14 11:00:00,SWM12,5.0,50.985810650000005,0.029
2023-09-14 11:00:00,SWM13,5.0,50.985810650000005,0.0
2023-09-14 11:00:00,SWM14,5.4,55.06467550200001,0.0
2023-09-14 11:00:00,SWM15,4.9,49.96609443700001,0.004
2023-09-14 11:00:00,SWM2,5.2,53.025243076,0.024
2023-09-14 11:00:00,SWM3,5.1,52.005526863,0.001
2023-09-14 11:00:00,SWM4,5.1,52.005526863,0.051
2023-09-14 11:00:00,SWM6,5.0,50.985810650000005,0.013
2023-09-14 11:00:00,SWM7,5.1,52.005526863,0.0
2023-09-14 11:00:00,SWM8,5.0,50.985810650000005,0.002
2023-09-14 11:00:00,SWM9,4.5,45.887229585,0.018
2023-09-14 12:00:00,SWM10,4.3,43.847797159,0.005
2023-09-14 12:00:00,SWM10B,4.2,42.82808094600001,0.006
2023-09-14 12:00:00,SWM10C,4.2,42.82808094600001,0.0
2023-09-14 12:00:00,SWM11,5.2,53.025243076,0.019
2023-09-14 12:00:00,SWM12,5.1,52.005526863,0.0
2023-09-14 12:00:00,SWM13,5.15,52.515384969500005,0.011
2023-09-14 12:00:00,SWM14,5.45,55.574533608500005,0.0
2023-09-14 12:00:00,SWM15,5.0,50.985810650000005,0.001
2023-09-14 12:00:00,SWM2,5.2,53.025243076,0.058
2023-09-14 12:00:00,SWM3,5.2,53.025243076,0.0
2023-09-14 12:00:00,SWM4,5.2,53.025243076,0.0
2023-09-14 12:00:00,SWM6,5.0,50.985810650000005,0.022
2023-09-14 12:00:00,SWM7,5.2,53.025243076,0.0
2023-09-14 12:00:00,SWM8,5.1,52.005526863,0.005
2023-09-14 12:00:00,SWM9,4.6,46.906945798,0.012
2023-09-14 13:00:00,SWM10,4.3,43.847797159,0.003
2023-09-14 13:00:00,SWM10B,4.1,41.808364733,0.004
2023-09-14 13:00:00,SWM10C,4.1,41.808364733,0.0
2023-09-14 13:00:00,SWM11,5.4,55.06467550200001,0.012
2023-09-14 13:00:00,SWM12,5.2,53.025243076,0.0
2023-09-14 13:00:00,SWM13,5.3,54.044959289000005,0.015
2023-09-14 13:00:00,SWM14,5.6,57.104107928,0.005
2023-09-14 13:00:00,SWM15,5.1,52.005526863,0.0
2023-09-14 13:00:00,SWM2,5.4,55.06467550200001,0.047
2023-09-14 13:00:00,SWM3,5.3,54.044959289000005,0.0
2023-09-14 13:00:00,SWM4,5.3,54.044959289000005,0.005
2023-09-14 13:00:00,SWM6,5.2,53.025243076,0.063
2023-09-14 13:00:00,SWM7,5.4,55.06467550200001,0.0
2023-09-14 13:00:00,SWM8,5.2,53.025243076,0.015
2023-09-14 13:00:00,SWM9,4.5,45.887229585,0.004
2023-09-14 14:00:00,SWM10,4.4,44.867513372000005,0.0
2023-09-14 14:00:00,SWM10B,4.2,42.82808094600001,0.0
2023-09-14 14:00:00,SWM10C,4.2,42.82808094600001,0.0
2023-09-14 14:00:00,SWM11,5.4,55.06467550200001,0.016
2023-09-14 14:00:00,SWM12,5.1,52.005526863,0.0
2023-09-14 14:00:00,SWM13,5.3,54.044959289000005,0.01
2023-09-14 14:00:00,SWM14,5.6,57.104107928,0.015
2023-09-14 14:00:00,SWM15,5.1,52.005526863,0.006
2023-09-14 14:00:00,SWM2,5.4,55.06467550200001,0.029
2023-09-14 14:00:00,SWM3,5.4,55.06467550200001,0.008
2023-09-14 14:00:00,SWM4,5.3,54.044959289000005,0.0
2023-09-14 14:00:00,SWM6,5.2,53.025243076,0.104
2023-09-14 14:00:00,SWM7,5.4,55.06467550200001,0.017
2023-09-14 14:00:00,SWM8,5.2,53.025243076,0.011
2023-09-14 14:00:00,SWM9,4.5,45.887229585,0.003
2023-09-14 15:00:00,SWM10,4.3,43.847797159,0.005
2023-09-14 15:00:00,SWM10B,4.1,41.808364733,0.0
2023-09-14 15:00:00,SWM10C,4.15,42.31822283950001,0.0
2023-09-14 15:00:00,SWM11,5.4,55.06467550200001,0.03
2023-09-14 15:00:00,SWM12,5.2,53.025243076,0.01
2023-09-14 15:00:00,SWM13,5.3,54.044959289000005,0.019
2023-09-14 15:00:00,SWM14,5.6,57.104107928,0.023
2023-09-14 15:00:00,SWM15,5.1,52.005526863,0.012
2023-09-14 15:00:00,SWM2,5.4,55.06467550200001,0.059
2023-09-14 15:00:00,SWM3,5.4,55.06467550200001,0.007
2023-09-14 15:00:00,SWM4,5.3,54.044959289000005,0.025
2023-09-14 15:00:00,SWM6,5.2,53.025243076,0.086
2023-09-14 15:00:00,SWM7,5.4,55.06467550200001,0.11
2023-09-14 15:00:00,SWM8,5.2,53.025243076,0.04
2023-09-14 15:00:00,SWM9,6.3,64.242121419,0.0
2023-09-14 16:00:00,SWM10,4.3,43.847797159,0.016
2023-09-14 16:00:00,SWM10B,4.2,42.82808094600001,0.004
2023-09-14 16:00:00,SWM10C,4.2,42.82808094600001,0.0
2023-09-14 16:00:00,SWM11,5.4,55.06467550200001,0.017
2023-09-14 16:00:00,SWM12,5.2,53.025243076,0.0
2023-09-14 16:00:00,SWM13,5.3,54.044959289000005,0.008
2023-09-14 16:00:00,SWM14,5.6,57.104107928,0.083
2023-09-14 16:00:00,SWM15,5.1,52.005526863,0.0
2023-09-14 16:00:00,SWM2,5.4,55.06467550200001,0.013
2023-09-14 16:00:00,SWM3,5.4,55.06467550200001,0.009
2023-09-14 16:00:00,SWM4,5.3,54.044959289000005,0.0
2023-09-14 16:00:00,SWM6,5.2,53.025243076,0.007
2023-09-14 16:00:00,SWM7,5.4,55.06467550200001,0.075
2023-09-14 16:00:00,SWM8,5.2,53.025243076,0.0
2023-09-14 16:00:00,SWM9,5.9,60.163256567000005,0.0
2023-09-14 17:00:00,SWM10,4.2,42.82808094600001,0.001
2023-09-14 17:00:00,SWM10B,4.1,41.808364733,0.0
2023-09-14 17:00:00,SWM10C,4.1,41.808364733,0.0
2023-09-14 17:00:00,SWM11,5.4,55.06467550200001,0.068
2023-09-14 17:00:00,SWM12,5.2,53.025243076,0.0
2023-09-14 17:00:00,SWM13,5.3,54.044959289000005,0.045
2023-09-14 17:00:00,SWM14,5.6,57.104107928,0.0
2023-09-14 17:00:00,SWM15,5.1,52.005526863,0.026
2023-09-14 17:00:00,SWM2,5.4,55.06467550200001,0.171
2023-09-14 17:00:00,SWM3,5.4,55.06467550200001,0.0
2023-09-14 17:00:00,SWM4,5.3,54.044959289000005,0.013
2023-09-14 17:00:00,SWM6,5.2,53.025243076,0.071
2023-09-14 17:00:00,SWM7,5.4,55.06467550200001,0.329
2023-09-14 17:00:00,SWM8,5.2,53.025243076,0.041
2023-09-14 17:00:00,SWM9,5.5,56.084391715,0.0
2023-09-14 18:00:00,SWM10,4.5,45.887229585,0.007
2023-09-14 18:00:00,SWM10B,4.3,43.847797159,0.0
2023-09-14 18:00:00,SWM10C,4.4,44.867513372000005,0.0
2023-09-14 18:00:00,SWM11,5.3,54.044959289000005,0.052
2023-09-14 18:00:00,SWM12,5.1,52.005526863,0.0
2023-09-14 18:00:00,SWM13,5.25,53.5351011825,0.075
2023-09-14 18:00:00,SWM14,5.6,57.104107928,0.027
2023-09-14 18:00:00,SWM15,5.1,52.005526863,0.097
2023-09-14 18:00:00,SWM2,5.3,54.044959289000005,0.06
2023-09-14 18:00:00,SWM3,5.3,54.044959289000005,0.0
2023-09-14 18:00:00,SWM4,5.3,54.044959289000005,0.0
2023-09-14 18:00:00,SWM6,5.2,53.025243076,0.114
2023-09-14 18:00:00,SWM7,5.4,55.06467550200001,0.08
2023-09-14 18:00:00,SWM8,5.2,53.025243076,0.009
2023-09-14 18:00:00,SWM9,5.2,53.025243076,0.0
2023-09-14 19:00:00,SWM10,4.3,43.847797159,0.013
2023-09-14 19:00:00,SWM10B,4.2,42.82808094600001,0.016
2023-09-14 19:00:00,SWM10C,4.2,42.82808094600001,0.0
2023-09-14 19:00:00,SWM11,5.2,53.025243076,0.008
2023-09-14 19:00:00,SWM12,5.0,50.985810650000005,0.0
2023-09-14 19:00:00,SWM13,5.2,53.025243076,0.005
2023-09-14 19:00:00,SWM14,5.5,56.084391715,0.011
2023-09-14 19:00:00,SWM15,5.0,50.985810650000005,0.002
2023-09-14 19:00:00,SWM2,5.2,53.025243076,0.037
2023-09-14 19:00:00,SWM3,5.2,53.025243076,0.006
2023-09-14 19:00:00,SWM4,5.2,53.025243076,0.0
2023-09-14 19:00:00,SWM6,5.1,52.005526863,0.001
2023-09-14 19:00:00,SWM7,5.3,54.044959289000005,0.03
2023-09-14 19:00:00,SWM8,5.1,52.005526863,0.074
2023-09-14 19:00:00,SWM9,4.9,49.96609443700001,0.0
2023-09-14 20:00:00,SWM10,4.2,42.82808094600001,0.006
2023-09-14 20:00:00,SWM10B,4.1,41.808364733,0.007
2023-09-14 20:00:00,SWM10C,4.1,41.808364733,0.0
2023-09-14 20:00:00,SWM11,5.1,52.005526863,0.002
2023-09-14 20:00:00,SWM12,4.8,48.946378224,0.0
2023-09-14 20:00:00,SWM13,5.0,50.985810650000005,0.01
2023-09-14 20:00:00,SWM14,5.3,54.044959289000005,0.0
2023-09-14 20:00:00,SWM15,4.8,48.946378224,0.0
2023-09-14 20:00:00,SWM2,5.1,52.005526863,0.039
2023-09-14 20:00:00,SWM3,5.1,52.005526863,0.008
2023-09-14 20:00:00,SWM4,5.0,50.985810650000005,0.012
2023-09-14 20:00:00,SWM6,4.9,49.96609443700001,0.035
2023-09-14 20:00:00,SWM7,5.1,52.005526863,0.053
2023-09-14 20:00:00,SWM8,4.9,49.96609443700001,0.064
2023-09-14 20:00:00,SWM9,4.6,46.906945798,0.0
2023-09-14 21:00:00,SWM10,4.25,43.337939052500005,0.0
2023-09-14 21:00:00,SWM10B,4.1,41.808364733,0.0
2023-09-14 21:00:00,SWM10C,4.1,41.808364733,0.0
2023-09-14 21:00:00,SWM11,5.1,52.005526863,0.0
2023-09-14 21:00:00,SWM12,4.9,49.96609443700001,0.0
2023-09-14 21:00:00,SWM13,5.1,52.005526863,0.062
2023-09-14 21:00:00,SWM14,5.4,55.06467550200001,0.015
2023-09-14 21:00:00,SWM15,4.9,49.96609443700001,0.0
2023-09-14 21:00:00,SWM2,5.1,52.005526863,0.026
2023-09-14 21:00:00,SWM3,5.2,53.025243076,0.025
2023-09-14 21:00:00,SWM4,5.1,52.005526863,0.001
2023-09-14 21:00:00,SWM6,5.0,50.985810650000005,0.061
2023-09-14 21:00:00,SWM7,5.2,53.025243076,0.009
2023-09-14 21:00:00,SWM8,5.0,50.985810650000005,0.142
2023-09-14 21:00:00,SWM9,4.4,44.867513372000005,0.0
2023-09-14 22:00:00,SWM10,4.4,44.867513372000005,0.0
2023-09-14 22:00:00,SWM10B,4.2,42.82808094600001,0.0
2023-09-14 22:00:00,SWM10C,4.3,43.847797159,0.0
2023-09-14 22:00:00,SWM11,5.3,54.044959289000005,0.0
2023-09-14 22:00:00,SWM12,5.0,50.985810650000005,0.004
2023-09-14 22:00:00,SWM13,5.2,53.025243076,0.013
2023-09-14 22:00:00,SWM14,5.5,56.084391715,0.0
2023-09-14 22:00:00,SWM15,5.0,50.985810650000005,0.001
2023-09-14 22:00:00,SWM2,5.2,53.025243076,0.0
2023-09-14 22:00:00,SWM3,5.3,54.044959289000005,0.052
2023-09-14 22:00:00,SWM4,5.2,53.025243076,0.001
2023-09-14 22:00:00,SWM6,5.1,52.005526863,0.014
2023-09-14 22:00:00,SWM7,5.3,54.044959289000005,0.0
2023-09-14 22:00:00,SWM8,5.1,52.005526863,0.037
2023-09-14 22:00:00,SWM9,5.05,51.4956687565,0.0
2023-09-14 23:00:00,SWM10,4.3,43.847797159,0.014
2023-09-14 23:00:00,SWM10B,4.1,41.808364733,0.0
2023-09-14 23:00:00,SWM10C,4.2,42.82808094600001,0.0
2023-09-14 23:00:00,SWM11,5.3,54.044959289000005,0.0
2023-09-14 23:00:00,SWM12,5.1,52.005526863,0.006
2023-09-14 23:00:00,SWM13,5.3,54.044959289000005,0.002
2023-09-14 23:00:00,SWM14,5.6,57.104107928,0.0
2023-09-14 23:00:00,SWM15,5.1,52.005526863,0.001
2023-09-14 23:00:00,SWM2,5.3,54.044959289000005,0.0
2023-09-14 23:00:00,SWM3,5.4,55.06467550200001,0.008
2023-09-14 23:00:00,SWM4,5.3,54.044959289000005,0.001
2023-09-14 23:00:00,SWM6,5.2,53.025243076,0.016
2023-09-14 23:00:00,SWM7,5.4,55.06467550200001,0.007
2023-09-14 23:00:00,SWM8,5.1,52.005526863,0.006
2023-09-14 23:00:00,SWM9,5.8,59.143540354,0.0
2023-09-15 00:00:00,SWM10,4.3,43.847797159,0.021
2023-09-15 00:00:00,SWM10B,4.1,41.808364733,0.0
2023-09-15 00:00:00,SWM10C,4.2,42.82808094600001,0.0
2023-09-15 00:00:00,SWM11,5.3,54.044959289000005,0.021
2023-09-15 00:00:00,SWM12,5.1,52.005526863,0.0
2023-09-15 00:00:00,SWM13,5.2,53.025243076,0.0
2023-09-15 00:00:00,SWM14,5.5,56.084391715,0.0
2023-09-15 00:00:00,SWM15,5.1,52.005526863,0.002
2023-09-15 00:00:00,SWM2,5.3,54.044959289000005,0.0
2023-09-15 00:00:00,SWM3,5.3,54.044959289000005,0.0
2023-09-15 00:00:00,SWM4,5.3,54.044959289000005,0.0
2023-09-15 00:00:00,SWM6,5.2,53.025243076,0.024
2023-09-15 00:00:00,SWM7,5.3,54.044959289000005,0.0
2023-09-15 00:00:00,SWM8,5.1,52.005526863,0.0
2023-09-15 00:00:00,SWM9,5.5,56.084391715,0.0
2023-09-15 01:00:00,SWM10,4.3,43.847797159,0.0
2023-09-15 01:00:00,SWM10B,4.2,42.82808094600001,0.0
2023-09-15 01:00:00,SWM10C,4.2,42.82808094600001,0.0
2023-09-15 01:00:00,SWM11,5.4,55.06467550200001,0.008
2023-09-15 01:00:00,SWM12,5.1,52.005526863,0.0
2023-09-15 01:00:00,SWM13,5.3,54.044959289000005,0.004
2023-09-15 01:00:00,SWM14,5.6,57.104107928,0.0
2023-09-15 01:00:00,SWM15,5.1,52.005526863,0.008
2023-09-15 01:00:00,SWM2,5.3,54.044959289000005,0.0
2023-09-15 01:00:00,SWM3,5.4,55.06467550200001,0.0
2023-09-15 01:00:00,SWM4,5.3,54.044959289000005,0.0
2023-09-15 01:00:00,SWM6,5.2,53.025243076,0.008
2023-09-15 01:00:00,SWM7,5.4,55.06467550200001,0.0
2023-09-15 01:00:00,SWM8,5.2,53.025243076,0.0
2023-09-15 01:00:00,SWM9,5.3,54.044959289000005,0.0
2023-09-15 02:00:00,SWM10,4.4,44.867513372000005,0.0
2023-09-15 02:00:00,SWM10B,4.3,43.847797159,0.0
2023-09-15 02:00:00,SWM10C,4.3,43.847797159,0.0
2023-09-15 02:00:00,SWM11,5.3,54.044959289000005,0.0
2023-09-15 02:00:00,SWM12,5.1,52.005526863,0.0
2023-09-15 02:00:00,SWM13,5.2,53.025243076,0.0
2023-09-15 02:00:00,SWM14,5.5,56.084391715,0.0
2023-09-15 02:00:00,SWM15,5.05,51.4956687565,0.0
2023-09-15 02:00:00,SWM2,5.2,53.025243076,0.0
2023-09-15 02:00:00,SWM3,5.3,54.044959289000005,0.0
2023-09-15 02:00:00,SWM4,5.3,54.044959289000005,0.004
2023-09-15 02:00:00,SWM6,5.2,53.025243076,0.014
2023-09-15 02:00:00,SWM7,5.4,55.06467550200001,0.004
2023-09-15 02:00:00,SWM8,5.1,52.005526863,0.0
2023-09-15 02:00:00,SWM9,5.0,50.985810650000005,0.0
2023-09-15 03:00:00,SWM10,4.3,43.847797159,0.0
2023-09-15 03:00:00,SWM10B,4.1,41.808364733,0.0
2023-09-15 03:00:00,SWM10C,4.2,42.82808094600001,0.0
2023-09-15 03:00:00,SWM11,5.3,54.044959289000005,0.009
2023-09-15 03:00:00,SWM12,5.05,51.4956687565,0.0
2023-09-15 03:00:00,SWM13,5.2,53.025243076,0.0
2023-09-15 03:00:00,SWM14,5.5,56.084391715,0.0
2023-09-15 03:00:00,SWM15,5.0,50.985810650000005,0.0
2023-09-15 03:00:00,SWM2,5.2,53.025243076,0.001
2023-09-15 03:00:00,SWM3,5.3,54.044959289000005,0.008
2023-09-15 03:00:00,SWM4,5.2,53.025243076,0.005
2023-09-15 03:00:00,SWM6,5.1,52.005526863,0.0
2023-09-15 03:00:00,SWM7,5.3,54.044959289000005,0.01
2023-09-15 03:00:00,SWM8,5.1,52.005526863,0.0
2023-09-15 03:00:00,SWM9,4.8,48.946378224,0.0
2023-09-15 04:00:00,SWM10,4.3,43.847797159,0.0
2023-09-15 04:00:00,SWM10B,4.1,41.808364733,0.0
2023-09-15 04:00:00,SWM10C,4.2,42.82808094600001,0.0
2023-09-15 04:00:00,SWM11,5.3,54.044959289000005,0.013
2023-09-15 04:00:00,SWM12,5.1,52.005526863,0.0
2023-09-15 04:00:00,SWM13,5.2,53.025243076,0.0
2023-09-15 04:00:00,SWM14,5.5,56.084391715,0.0
2023-09-15 04:00:00,SWM15,5.0,50.985810650000005,0.0
2023-09-15 04:00:00,SWM2,5.2,53.025243076,0.0
2023-09-15 04:00:00,SWM3,5.3,54.044959289000005,0.0
2023-09-15 04:00:00,SWM4,5.25,53.5351011825,0.0
2023-09-15 04:00:00,SWM6,5.1,52.005526863,0.0
2023-09-15 04:00:00,SWM7,5.3,54.044959289000005,0.236
2023-09-15 04:00:00,SWM8,5.15,52.515384969500005,0.008
2023-09-15 04:00:00,SWM9,4.6,46.906945798,0.0
2023-09-15 05:00:00,SWM10,4.2,42.82808094600001,0.0
2023-09-15 05:00:00,SWM10B,4.1,41.808364733,0.011
2023-09-15 05:00:00,SWM10C,4.15,42.31822283950001,0.0
2023-09-15 05:00:00,SWM11,5.0,50.985810650000005,0.011
2023-09-15 05:00:00,SWM12,4.8,48.946378224,0.0
2023-09-15 05:00:00,SWM13,5.0,50.985810650000005,0.084
2023-09-15 05:00:00,SWM14,5.3,54.044959289000005,0.033
2023-09-15 05:00:00,SWM15,4.8,48.946378224,0.0
2023-09-15 05:00:00,SWM2,5.1,52.005526863,0.032
2023-09-15 05:00:00,SWM3,5.1,52.005526863,0.01
2023-09-15 05:00:00,SWM4,5.0,50.985810650000005,0.0
2023-09-15 05:00:00,SWM6,4.9,49.96609443700001,0.0
2023-09-15 05:00:00,SWM7,5.1,52.005526863,0.031
2023-09-15 05:00:00,SWM8,4.9,49.96609443700001,0.029
2023-09-15 05:00:00,SWM9,4.4,44.867513372000005,0.003
2023-09-15 06:00:00,SWM10,4.3,43.847797159,0.0
2023-09-15 06:00:00,SWM10B,4.2,42.82808094600001,0.005
2023-09-15 06:00:00,SWM10C,4.2,42.82808094600001,0.0
2023-09-15 06:00:00,SWM11,5.1,52.005526863,0.014
2023-09-15 06:00:00,SWM12,4.9,49.96609443700001,0.112
2023-09-15 06:00:00,SWM13,5.1,52.005526863,0.059
2023-09-15 06:00:00,SWM14,5.4,55.06467550200001,0.001
2023-09-15 06:00:00,SWM15,4.9,49.96609443700001,0.0
2023-09-15 06:00:00,SWM2,5.1,52.005526863,0.021
2023-09-15 06:00:00,SWM3,5.2,53.025243076,0.049
2023-09-15 06:00:00,SWM4,5.1,52.005526863,0.0
2023-09-15 06:00:00,SWM6,5.0,50.985810650000005,0.031
2023-09-15 06:00:00,SWM7,5.2,53.025243076,0.0
2023-09-15 06:00:00,SWM8,5.0,50.985810650000005,0.122
2023-09-15 06:00:00,SWM9,4.5,45.887229585,0.047
2023-09-15 07:00:00,SWM10,4.3,43.847797159,0.014
2023-09-15 07:00:00,SWM10B,4.1,41.808364733,0.007
2023-09-15 07:00:00,SWM10C,4.1,41.808364733,0.0
2023-09-15 07:00:00,SWM11,5.15,52.515384969500005,0.011
2023-09-15 07:00:00,SWM12,5.0,50.985810650000005,0.033
2023-09-15 07:00:00,SWM13,5.1,52.005526863,0.111
2023-09-15 07:00:00,SWM14,5.4,55.06467550200001,0.0
2023-09-15 07:00:00,SWM15,4.9,49.96609443700001,0.0
2023-09-15 07:00:00,SWM2,5.1,52.005526863,0.009
2023-09-15 07:00:00,SWM3,5.2,53.025243076,0.0
2023-09-15 07:00:00,SWM4,5.1,52.005526863,0.047
2023-09-15 07:00:00,SWM6,5.0,50.985810650000005,0.011
2023-09-15 07:00:00,SWM7,5.2,53.025243076,0.001
2023-09-15 07:00:00,SWM8,5.0,50.985810650000005,0.014
2023-09-15 07:00:00,SWM9,4.5,45.887229585,0.0
2023-09-15 08:00:00,SWM10,4.3,43.847797159,0.0
2023-09-15 08:00:00,SWM10B,4.2,42.82808094600001,0.007
2023-09-15 08:00:00,SWM10C,4.2,42.82808094600001,0.0
2023-09-15 08:00:00,SWM11,5.2,53.025243076,0.012
2023-09-15 08:00:00,SWM12,5.0,50.985810650000005,0.122
2023-09-15 08:00:00,SWM13,5.1,52.005526863,0.008
2023-09-15 08:00:00,SWM14,5.4,55.06467550200001,0.001
2023-09-15 08:00:00,SWM15,4.9,49.96609443700001,0.006
2023-09-15 08:00:00,SWM2,5.1,52.005526863,0.0
2023-09-15 08:00:00,SWM3,5.2,53.025243076,0.012
2023-09-15 08:00:00,SWM4,5.1,52.005526863,0.009
2023-09-15 08:00:00,SWM6,5.0,50.985810650000005,0.043
2023-09-15 08:00:00,SWM7,5.2,53.025243076,0.0
2023-09-15 08:00:00,SWM8,5.0,50.985810650000005,0.002
2023-09-15 08:00:00,SWM9,4.5,45.887229585,0.01
2023-09-15 09:00:00,SWM10,4.3,43.847797159,0.048
2023-09-15 09:00:00,SWM10B,4.2,42.82808094600001,0.018
2023-09-15 09:00:00,SWM10C,4.2,42.82808094600001,0.001
2023-09-15 09:00:00,SWM11,5.2,53.025243076,0.021
2023-09-15 09:00:00,SWM12,5.1,52.005526863,0.157
2023-09-15 09:00:00,SWM13,5.15,52.515384969500005,0.007
2023-09-15 09:00:00,SWM14,5.4,55.06467550200001,0.0
2023-09-15 09:00:00,SWM15,4.9,49.96609443700001,0.0
2023-09-15 09:00:00,SWM2,5.2,53.025243076,0.0
2023-09-15 09:00:00,SWM3,5.25,53.5351011825,0.009
2023-09-15 09:00:00,SWM4,5.2,53.025243076,0.002
2023-09-15 09:00:00,SWM6,5.1,52.005526863,0.117
2023-09-15 09:00:00,SWM7,5.2,53.025243076,0.0
2023-09-15 09:00:00,SWM8,5.1,52.005526863,0.018
2023-09-15 09:00:00,SWM9,4.5,45.887229585,0.006
2023-09-15 10:00:00,SWM10,4.4,44.867513372000005,0.061
2023-09-15 10:00:00,SWM10B,4.3,43.847797159,0.01
2023-09-15 10:00:00,SWM10C,4.3,43.847797159,0.0
2023-09-15 10:00:00,SWM11,5.2,53.025243076,0.083
2023-09-15 10:00:00,SWM12,5.1,52.005526863,0.067
2023-09-15 10:00:00,SWM13,5.2,53.025243076,0.036
2023-09-15 10:00:00,SWM14,5.5,56.084391715,0.01
2023-09-15 10:00:00,SWM15,5.0,50.985810650000005,0.0
2023-09-15 10:00:00,SWM2,5.1,52.005526863,0.0
2023-09-15 10:00:00,SWM3,5.2,53.025243076,0.0
2023-09-15 10:00:00,SWM4,5.2,53.025243076,0.005
2023-09-15 10:00:00,SWM6,5.1,52.005526863,0.016
2023-09-15 10:00:00,SWM7,5.25,53.5351011825,0.012
2023-09-15 10:00:00,SWM8,5.1,52.005526863,0.007
2023-09-15 10:00:00,SWM9,4.5,45.887229585,0.015
2023-09-15 11:00:00,SWM10,4.4,44.867513372000005,0.0
2023-09-15 11:00:00,SWM10B,4.4,44.867513372000005,0.017
2023-09-15 11:00:00,SWM10C,4.3,43.847797159,0.0
2023-09-15 11:00:00,SWM11,5.1,52.005526863,0.073
2023-09-15 11:00:00,SWM12,5.0,50.985810650000005,0.023
2023-09-15 11:00:00,SWM13,5.0,50.985810650000005,0.0
2023-09-15 11:00:00,SWM14,5.3,54.044959289000005,0.0
2023-09-15 11:00:00,SWM15,4.8,48.946378224,0.006
2023-09-15 11:00:00,SWM2,5.0,50.985810650000005,0.0
2023-09-15 11:00:00,SWM3,5.1,52.005526863,0.01
2023-09-15 11:00:00,SWM4,5.0,50.985810650000005,0.026
2023-09-15 11:00:00,SWM6,4.9,49.96609443700001,0.023
2023-09-15 11:00:00,SWM7,5.1,52.005526863,0.001
2023-09-15 11:00:00,SWM8,4.9,49.96609443700001,0.001
2023-09-15 11:00:00,SWM9,4.5,45.887229585,0.003
2023-09-15 12:00:00,SWM10,4.4,44.867513372000005,0.023
2023-09-15 12:00:00,SWM10B,4.2,42.82808094600001,0.004
2023-09-15 12:00:00,SWM10C,4.2,42.82808094600001,0.0
2023-09-15 12:00:00,SWM11,5.1,52.005526863,0.021
2023-09-15 12:00:00,SWM12,5.0,50.985810650000005,0.09
2023-09-15 12:00:00,SWM13,5.0,50.985810650000005,0.001
2023-09-15 12:00:00,SWM14,5.4,55.06467550200001,0.0
2023-09-15 12:00:00,SWM15,4.9,49.96609443700001,0.013
2023-09-15 12:00:00,SWM2,5.1,52.005526863,0.008
2023-09-15 12:00:00,SWM3,5.2,53.025243076,0.002
2023-09-15 12:00:00,SWM4,5.1,52.005526863,0.01
2023-09-15 12:00:00,SWM6,5.0,50.985810650000005,0.012
2023-09-15 12:00:00,SWM7,5.2,53.025243076,0.049
2023-09-15 12:00:00,SWM8,5.0,50.985810650000005,0.002
2023-09-15 12:00:00,SWM9,6.1,62.202688993,0.0
2023-09-15 13:00:00,SWM10,4.4,44.867513372000005,0.0
2023-09-15 13:00:00,SWM10B,4.3,43.847797159,0.0
2023-09-15 13:00:00,SWM10C,4.3,43.847797159,0.0
2023-09-15 13:00:00,SWM11,5.4,55.06467550200001,0.011
2023-09-15 13:00:00,SWM12,5.3,54.044959289000005,0.0
2023-09-15 13:00:00,SWM13,5.3,54.044959289000005,0.027
2023-09-15 13:00:00,SWM14,5.6,57.104107928,0.003
2023-09-15 13:00:00,SWM15,5.1,52.005526863,0.003
2023-09-15 13:00:00,SWM2,5.3,54.044959289000005,0.008
2023-09-15 13:00:00,SWM3,5.4,55.06467550200001,0.012
2023-09-15 13:00:00,SWM4,5.3,54.044959289000005,0.022
2023-09-15 13:00:00,SWM6,5.2,53.025243076,0.11
2023-09-15 13:00:00,SWM7,5.4,55.06467550200001,0.007
2023-09-15 13:00:00,SWM8,5.2,53.025243076,0.014
2023-09-15 13:00:00,SWM9,4.5,45.887229585,0.004
2023-09-15 14:00:00,SWM10,4.4,44.867513372000005,0.031
2023-09-15 14:00:00,SWM10B,4.2,42.82808094600001,0.0
2023-09-15 14:00:00,SWM10C,4.3,43.847797159,0.0
2023-09-15 14:00:00,SWM11,5.4,55.06467550200001,0.0
2023-09-15 14:00:00,SWM12,5.9,60.163256567000005,0.0
2023-09-15 14:00:00,SWM13,5.3,54.044959289000005,0.0
2023-09-15 14:00:00,SWM14,5.6,57.104107928,0.006
2023-09-15 14:00:00,SWM15,5.1,52.005526863,0.005
2023-09-15 14:00:00,SWM2,5.4,55.06467550200001,0.057
2023-09-15 14:00:00,SWM3,5.4,55.06467550200001,0.012
2023-09-15 14:00:00,SWM4,5.3,54.044959289000005,0.0
2023-09-15 14:00:00,SWM6,5.2,53.025243076,0.235
2023-09-15 14:00:00,SWM7,5.4,55.06467550200001,0.007
2023-09-15 14:00:00,SWM8,5.2,53.025243076,0.015
2023-09-15 14:00:00,SWM9,4.4,44.867513372000005,0.0
2023-09-15 15:00:00,SWM10,4.35,44.3576552655,0.0
2023-09-15 15:00:00,SWM10B,4.2,42.82808094600001,0.0
2023-09-15 15:00:00,SWM10C,4.2,42.82808094600001,0.0
2023-09-15 15:00:00,SWM11,5.3,54.044959289000005,0.032
2023-09-15 15:00:00,SWM12,6.9,70.36041869700001,0.0
2023-09-15 15:00:00,SWM13,5.3,54.044959289000005,0.0
2023-09-15 15:00:00,SWM14,5.6,57.104107928,0.008
2023-09-15 15:00:00,SWM15,5.1,52.005526863,0.001
2023-09-15 15:00:00,SWM2,5.3,54.044959289000005,0.023
2023-09-15 15:00:00,SWM3,5.4,55.06467550200001,0.007
2023-09-15 15:00:00,SWM4,5.3,54.044959289000005,0.0
2023-09-15 15:00:00,SWM6,5.2,53.025243076,0.058
2023-09-15 15:00:00,SWM7,5.4,55.06467550200001,0.084
2023-09-15 15:00:00,SWM8,5.2,53.025243076,0.0
2023-09-15 15:00:00,SWM9,4.4,44.867513372000005,0.0
2023-09-15 16:00:00,SWM10,4.4,44.867513372000005,0.0
2023-09-15 16:00:00,SWM10B,4.2,42.82808094600001,0.007
2023-09-15 16:00:00,SWM10C,4.2,42.82808094600001,0.0
2023-09-15 16:00:00,SWM11,5.4,55.06467550200001,0.003
2023-09-15 16:00:00,SWM12,7.5,76.478715975,0.0
2023-09-15 16:00:00,SWM13,5.3,54.044959289000005,0.0
2023-09-15 16:00:00,SWM14,5.7,58.12382414100001,0.039
2023-09-15 16:00:00,SWM15,5.1,52.005526863,0.019
2023-09-15 16:00:00,SWM2,5.3,54.044959289000005,0.0
2023-09-15 16:00:00,SWM3,5.4,55.06467550200001,0.008
2023-09-15 16:00:00,SWM4,5.3,54.044959289000005,0.01
2023-09-15 16:00:00,SWM6,5.2,53.025243076,0.03
2023-09-15 16:00:00,SWM7,5.4,55.06467550200001,0.295
2023-09-15 16:00:00,SWM8,5.2,53.025243076,0.103
2023-09-15 16:00:00,SWM9,4.4,44.867513372000005,0.0
2023-09-15 17:00:00,SWM10,4.3,43.847797159,0.039
2023-09-15 17:00:00,SWM10B,4.2,42.82808094600001,0.013
2023-09-15 17:00:00,SWM10C,4.2,42.82808094600001,0.0
2023-09-15 17:00:00,SWM11,5.4,55.06467550200001,0.029
2023-09-15 17:00:00,SWM12,7.6,77.498432188,0.006
2023-09-15 17:00:00,SWM13,5.3,54.044959289000005,0.0
2023-09-15 17:00:00,SWM14,5.7,58.12382414100001,0.028
2023-09-15 17:00:00,SWM15,5.1,52.005526863,0.0
2023-09-15 17:00:00,SWM2,5.3,54.044959289000005,0.0
2023-09-15 17:00:00,SWM3,5.4,55.06467550200001,0.015
2023-09-15 17:00:00,SWM4,5.4,55.06467550200001,0.012
2023-09-15 17:00:00,SWM6,5.3,54.044959289000005,0.059
2023-09-15 17:00:00,SWM7,5.5,56.084391715,0.051
2023-09-15 17:00:00,SWM8,5.2,53.025243076,0.0
2023-09-15 17:00:00,SWM9,4.4,44.867513372000005,0.0
2023-09-15 18:00:00,SWM10,4.4,44.867513372000005,0.058
2023-09-15 18:00:00,SWM10B,4.3,43.847797159,0.0
2023-09-15 18:00:00,SWM10C,4.3,43.847797159,0.0
2023-09-15 18:00:00,SWM11,5.4,55.06467550200001,0.035
2023-09-15 18:00:00,SWM12,5.2,53.025243076,0.0
2023-09-15 18:00:00,SWM13,5.3,54.044959289000005,0.0
2023-09-15 18:00:00,SWM14,5.7,58.12382414100001,0.0
2023-09-15 18:00:00,SWM15,5.2,53.025243076,0.002
2023-09-15 18:00:00,SWM2,5.4,55.06467550200001,0.0
2023-09-15 18:00:00,SWM3,5.5,56.084391715,0.148
2023-09-15 18:00:00,SWM4,5.4,55.06467550200001,0.0
2023-09-15 18:00:00,SWM6,5.3,54.044959289000005,0.016
2023-09-15 18:00:00,SWM7,5.5,56.084391715,0.106
2023-09-15 18:00:00,SWM8,5.3,54.044959289000005,0.068
2023-09-15 18:00:00,SWM9,4.4,44.867513372000005,0.0
2023-09-15 19:00:00,SWM10,4.85,49.4562363305,0.009
2023-09-15 19:00:00,SWM10B,4.75,48.4365201175,0.0
2023-09-15 19:00:00,SWM10C,4.7,47.926662011000005,0.0
2023-09-15 19:00:00,SWM11,5.4,55.06467550200001,0.016
2023-09-15 19:00:00,SWM12,5.2,53.025243076,0.0
2023-09-15 19:00:00,SWM13,5.3,54.044959289000005,0.0
2023-09-15 19:00:00,SWM14,5.6,57.104107928,0.0
2023-09-15 19:00:00,SWM15,5.2,53.025243076,0.01
2023-09-15 19:00:00,SWM2,5.3,54.044959289000005,0.0
2023-09-15 19:00:00,SWM3,5.4,55.06467550200001,0.027
2023-09-15 19:00:00,SWM4,5.4,55.06467550200001,0.012
2023-09-15 19:00:00,SWM6,5.3,54.044959289000005,0.017
2023-09-15 19:00:00,SWM7,5.5,56.084391715,0.029
2023-09-15 19:00:00,SWM8,5.2,53.025243076,0.005
2023-09-15 19:00:00,SWM9,6.1,62.202688993,0.0
2023-09-15 20:00:00,SWM10,4.8,48.946378224,0.0
2023-09-15 20:00:00,SWM10B,4.6,46.906945798,0.001
2023-09-15 20:00:00,SWM10C,4.7,47.926662011000005,0.0
2023-09-15 20:00:00,SWM11,5.1,52.005526863,0.023
2023-09-15 20:00:00,SWM12,4.9,49.96609443700001,0.0
2023-09-15 20:00:00,SWM13,5.0,50.985810650000005,0.0
2023-09-15 20:00:00,SWM14,5.4,55.06467550200001,0.007
2023-09-15 20:00:00,SWM15,4.9,49.96609443700001,0.011
2023-09-15 20:00:00,SWM2,5.1,52.005526863,0.0
2023-09-15 20:00:00,SWM3,5.2,53.025243076,0.0
2023-09-15 20:00:00,SWM4,5.1,52.005526863,0.017
2023-09-15 20:00:00,SWM6,5.0,50.985810650000005,0.01
2023-09-15 20:00:00,SWM7,5.2,53.025243076,0.027
2023-09-15 20:00:00,SWM8,5.0,50.985810650000005,0.009
2023-09-15 20:00:00,SWM9,5.8,59.143540354,0.0
2023-09-15 21:00:00,SWM10,4.6,46.906945798,0.0
2023-09-15 21:00:00,SWM10B,4.4,44.867513372000005,0.0
2023-09-15 21:00:00,SWM10C,4.5,45.887229585,0.0
2023-09-15 21:00:00,SWM11,5.1,52.005526863,0.058
2023-09-15 21:00:00,SWM12,4.9,49.96609443700001,0.0
2023-09-15 21:00:00,SWM13,5.0,50.985810650000005,0.0
2023-09-15 21:00:00,SWM14,5.4,55.06467550200001,0.036
2023-09-15 21:00:00,SWM15,4.9,49.96609443700001,0.003
2023-09-15 21:00:00,SWM2,5.1,52.005526863,0.0
2023-09-15 21:00:00,SWM3,5.1,52.005526863,0.0
2023-09-15 21:00:00,SWM4,5.1,52.005526863,0.004
2023-09-15 21:00:00,SWM6,5.0,50.985810650000005,0.033
2023-09-15 21:00:00,SWM7,5.2,53.025243076,0.031
2023-09-15 21:00:00,SWM8,5.0,50.985810650000005,0.065
2023-09-15 21:00:00,SWM9,5.55,56.5942498215,0.0
2023-09-15 22:00:00,SWM10,4.4,44.867513372000005,0.051
2023-09-15 22:00:00,SWM10B,4.2,42.82808094600001,0.0
2023-09-15 22:00:00,SWM10C,4.2,42.82808094600001,0.0
2023-09-15 22:00:00,SWM11,5.2,53.025243076,0.032
2023-09-15 22:00:00,SWM12,5.0,50.985810650000005,0.0
2023-09-15 22:00:00,SWM13,5.1,52.005526863,0.0
2023-09-15 22:00:00,SWM14,5.5,56.084391715,0.033
2023-09-15 22:00:00,SWM15,5.0,50.985810650000005,0.0
2023-09-15 22:00:00,SWM2,5.2,53.025243076,0.0
2023-09-15 22:00:00,SWM3,5.3,54.044959289000005,0.026
2023-09-15 22:00:00,SWM4,5.2,53.025243076,0.0
2023-09-15 22:00:00,SWM6,5.1,52.005526863,0.006
2023-09-15 22:00:00,SWM7,5.3,54.044959289000005,0.016
2023-09-15 22:00:00,SWM8,5.1,52.005526863,0.005
2023-09-15 22:00:00,SWM9,5.3,54.044959289000005,0.0
2023-09-15 23:00:00,SWM10,4.2,42.82808094600001,0.0
2023-09-15 23:00:00,SWM10B,4.0,40.78864852,0.0
2023-09-15 23:00:00,SWM10C,4.0,40.78864852,0.0
2023-09-15 23:00:00,SWM11,5.3,54.044959289000005,0.019
2023-09-15 23:00:00,SWM12,5.1,52.005526863,0.0
2023-09-15 23:00:00,SWM13,5.2,53.025243076,0.0
2023-09-15 23:00:00,SWM14,5.6,57.104107928,0.007
2023-09-15 23:00:00,SWM15,5.1,52.005526863,0.006
2023-09-15 23:00:00,SWM2,5.3,54.044959289000005,0.0
2023-09-15 23:00:00,SWM3,5.4,55.06467550200001,0.0
2023-09-15 23:00:00,SWM4,5.3,54.044959289000005,0.008
2023-09-15 23:00:00,SWM6,5.2,53.025243076,0.009
2023-09-15 23:00:00,SWM7,5.4,55.06467550200001,0.0
2023-09-15 23:00:00,SWM8,5.2,53.025243076,0.0
2023-09-15 23:00:00,SWM9,5.0,50.985810650000005,0.0
2023-09-16 00:00:00,SWM10,4.4,44.867513372000005,0.0
2023-09-16 00:00:00,SWM10B,4.2,42.82808094600001,0.0
2023-09-16 00:00:00,SWM10C,4.2,42.82808094600001,0.0
2023-09-16 00:00:00,SWM11,5.3,54.044959289000005,0.043
2023-09-16 00:00:00,SWM12,5.1,52.005526863,0.0
2023-09-16 00:00:00,SWM13,5.2,53.025243076,0.0
2023-09-16 00:00:00,SWM14,5.5,56.084391715,0.0
2023-09-16 00:00:00,SWM15,5.0,50.985810650000005,0.0
2023-09-16 00:00:00,SWM2,5.2,53.025243076,0.0
2023-09-16 00:00:00,SWM3,5.3,54.044959289000005,0.0
2023-09-16 00:00:00,SWM4,5.2,53.025243076,0.0
2023-09-16 00:00:00,SWM6,5.2,53.025243076,0.025
2023-09-16 00:00:00,SWM7,5.3,54.044959289000005,0.009
2023-09-16 00:00:00,SWM8,5.1,52.005526863,0.0
2023-09-16 00:00:00,SWM9,4.8,48.946378224,0.0
2023-09-16 01:00:00,SWM10,4.2,42.82808094600001,0.004
2023-09-16 01:00:00,SWM10B,4.0,40.78864852,0.0
2023-09-16 01:00:00,SWM10C,4.1,41.808364733,0.0
2023-09-16 01:00:00,SWM11,5.3,54.044959289000005,0.0
2023-09-16 01:00:00,SWM12,5.1,52.005526863,0.0
2023-09-16 01:00:00,SWM13,5.2,53.025243076,0.0
2023-09-16 01:00:00,SWM14,5.55,56.5942498215,0.001
2023-09-16 01:00:00,SWM15,5.0,50.985810650000005,0.0
2023-09-16 01:00:00,SWM2,5.3,54.044959289000005,0.0
2023-09-16 01:00:00,SWM3,5.4,55.06467550200001,0.008
2023-09-16 01:00:00,SWM4,5.3,54.044959289000005,0.0
2023-09-16 01:00:00,SWM6,5.2,53.025243076,0.025
2023-09-16 01:00:00,SWM7,5.4,55.06467550200001,0.0
2023-09-16 01:00:00,SWM8,5.1,52.005526863,0.0
2023-09-16 01:00:00,SWM9,4.6,46.906945798,0.0
2023-09-16 02:00:00,SWM10,4.4,44.867513372000005,0.0
2023-09-16 02:00:00,SWM10B,4.2,42.82808094600001,0.0
2023-09-16 02:00:00,SWM10C,4.3,43.847797159,0.0
2023-09-16 02:00:00,SWM11,5.3,54.044959289000005,0.0
2023-09-16 02:00:00,SWM12,5.1,52.005526863,0.009
2023-09-16 02:00:00,SWM13,5.2,53.025243076,0.0
2023-09-16 02:00:00,SWM14,5.6,57.104107928,0.0
2023-09-16 02:00:00,SWM15,5.1,52.005526863,0.0
2023-09-16 02:00:00,SWM2,5.3,54.044959289000005,0.0
2023-09-16 02:00:00,SWM3,5.4,55.06467550200001,0.0
2023-09-16 02:00:00,SWM4,5.3,54.044959289000005,0.004
2023-09-16 02:00:00,SWM6,5.2,53.025243076,0.0
2023-09-16 02:00:00,SWM7,5.4,55.06467550200001,0.0
2023-09-16 02:00:00,SWM8,5.2,53.025243076,0.015
2023-09-16 02:00:00,SWM9,4.65,47.41680390450001,0.0
2023-09-16 03:00:00,SWM10,4.3,43.847797159,0.0
2023-09-16 03:00:00,SWM10B,4.1,41.808364733,0.0
2023-09-16 03:00:00,SWM10C,4.2,42.82808094600001,0.0
2023-09-16 03:00:00,SWM11,5.3,54.044959289000005,0.0
2023-09-16 03:00:00,SWM12,5.1,52.005526863,0.0
2023-09-16 03:00:00,SWM13,5.2,53.025243076,0.0
2023-09-16 03:00:00,SWM14,5.5,56.084391715,0.0
2023-09-16 03:00:00,SWM15,5.0,50.985810650000005,0.0
2023-09-16 03:00:00,SWM2,5.2,53.025243076,0.0
2023-09-16 03:00:00,SWM3,5.3,54.044959289000005,0.0
2023-09-16 03:00:00,SWM4,5.3,54.044959289000005,0.0
2023-09-16 03:00:00,SWM6,5.2,53.025243076,0.008
2023-09-16 03:00:00,SWM7,5.4,55.06467550200001,0.04
2023-09-16 03:00:00,SWM8,5.1,52.005526863,0.0
2023-09-16 03:00:00,SWM9,6.0,61.18297278,0.0
2023-09-16 04:00:00,SWM10,4.3,43.847797159,0.0
2023-09-16 04:00:00,SWM10B,4.2,42.82808094600001,0.004
2023-09-16 04:00:00,SWM10C,4.2,42.82808094600001,0.0
2023-09-16 04:00:00,SWM11,5.5,56.084391715,0.0
2023-09-16 04:00:00,SWM12,5.3,54.044959289000005,0.0
2023-09-16 04:00:00,SWM13,5.4,55.06467550200001,0.0
2023-09-16 04:00:00,SWM14,5.8,59.143540354,0.0
2023-09-16 04:00:00,SWM15,5.2,53.025243076,0.0
2023-09-16 04:00:00,SWM2,5.5,56.084391715,0.0
2023-09-16 04:00:00,SWM3,5.6,57.104107928,0.0
2023-09-16 04:00:00,SWM4,5.5,56.084391715,0.005
2023-09-16 04:00:00,SWM6,5.4,55.06467550200001,0.01
2023-09-16 04:00:00,SWM7,5.6,57.104107928,0.094
2023-09-16 04:00:00,SWM8,5.4,55.06467550200001,0.0
2023-09-16 04:00:00,SWM9,5.7,58.12382414100001,0.0
2023-09-16 05:00:00,SWM10,4.2,42.82808094600001,0.0
2023-09-16 05:00:00,SWM10B,4.2,42.82808094600001,0.037
2023-09-16 05:00:00,SWM10C,4.1,41.808364733,0.0
2023-09-16 05:00:00,SWM11,5.4,55.06467550200001,0.078
2023-09-16 05:00:00,SWM12,5.2,53.025243076,0.0
2023-09-16 05:00:00,SWM13,5.3,54.044959289000005,0.0
2023-09-16 05:00:00,SWM14,5.6,57.104107928,0.0
2023-09-16 05:00:00,SWM15,5.1,52.005526863,0.0
2023-09-16 05:00:00,SWM2,5.3,54.044959289000005,0.0
2023-09-16 05:00:00,SWM3,5.4,55.06467550200001,0.0
2023-09-16 05:00:00,SWM4,5.3,54.044959289000005,0.0
2023-09-16 05:00:00,SWM6,5.2,53.025243076,0.008
2023-09-16 05:00:00,SWM7,5.5,56.084391715,0.058
2023-09-16 05:00:00,SWM8,5.2,53.025243076,0.074
2023-09-16 05:00:00,SWM9,5.4,55.06467550200001,0.0
2023-09-16 06:00:00,SWM10,4.3,43.847797159,0.0
2023-09-16 06:00:00,SWM10B,4.2,42.82808094600001,0.001
2023-09-16 06:00:00,SWM10C,4.2,42.82808094600001,0.0
2023-09-16 06:00:00,SWM11,5.2,53.025243076,0.106
2023-09-16 06:00:00,SWM12,5.1,52.005526863,0.008
2023-09-16 06:00:00,SWM13,5.2,53.025243076,0.0
2023-09-16 06:00:00,SWM14,5.5,56.084391715,0.0
2023-09-16 06:00:00,SWM15,5.0,50.985810650000005,0.0
2023-09-16 06:00:00,SWM2,5.2,53.025243076,0.0
2023-09-16 06:00:00,SWM3,5.3,54.044959289000005,0.0
2023-09-16 06:00:00,SWM4,5.2,53.025243076,0.0
2023-09-16 06:00:00,SWM6,5.1,52.005526863,0.029
2023-09-16 06:00:00,SWM7,5.3,54.044959289000005,0.052
2023-09-16 06:00:00,SWM8,5.1,52.005526863,0.027
2023-09-16 06:00:00,SWM9,5.1,52.005526863,0.0
2023-09-16 07:00:00,SWM10,4.5,45.887229585,0.014
2023-09-16 07:00:00,SWM10B,4.4,44.867513372000005,0.046
2023-09-16 07:00:00,SWM10C,4.3,43.847797159,0.0
2023-09-16 07:00:00,SWM11,5.2,53.025243076,0.104
2023-09-16 07:00:00,SWM12,5.0,50.985810650000005,0.0
2023-09-16 07:00:00,SWM13,5.1,52.005526863,0.0
2023-09-16 07:00:00,SWM14,5.4,55.06467550200001,0.002
2023-09-16 07:00:00,SWM15,4.95,50.47595254350001,0.011
2023-09-16 07:00:00,SWM2,5.1,52.005526863,0.0
2023-09-16 07:00:00,SWM3,5.2,53.025243076,0.009
2023-09-16 07:00:00,SWM4,5.1,52.005526863,0.0
2023-09-16 07:00:00,SWM6,5.0,50.985810650000005,0.007
2023-09-16 07:00:00,SWM7,5.2,53.025243076,0.0
2023-09-16 07:00:00,SWM8,5.1,52.005526863,0.034
2023-09-16 07:00:00,SWM9,4.9,49.96609443700001,0.0
2023-09-16 08:00:00,SWM10,4.5,45.887229585,0.07
2023-09-16 08:00:00,SWM10B,4.4,44.867513372000005,0.032
2023-09-16 08:00:00,SWM10C,4.3,43.847797159,0.001
2023-09-16 08:00:00,SWM11,5.1,52.005526863,0.078
2023-09-16 08:00:00,SWM12,4.9,49.96609443700001,0.0
2023-09-16 08:00:00,SWM13,5.0,50.985810650000005,0.0
2023-09-16 08:00:00,SWM14,5.4,55.06467550200001,0.0
2023-09-16 08:00:00,SWM15,4.9,49.96609443700001,0.01
2023-09-16 08:00:00,SWM2,5.1,52.005526863,0.0
2023-09-16 08:00:00,SWM3,5.2,53.025243076,0.02
2023-09-16 08:00:00,SWM4,5.1,52.005526863,0.031
2023-09-16 08:00:00,SWM6,5.0,50.985810650000005,0.081
2023-09-16 08:00:00,SWM7,5.2,53.025243076,0.079
2023-09-16 08:00:00,SWM8,5.0,50.985810650000005,0.089
2023-09-16 08:00:00,SWM9,4.7,47.926662011000005,0.0
2023-09-16 09:00:00,SWM10,4.4,44.867513372000005,0.007
2023-09-16 09:00:00,SWM10B,4.2,42.82808094600001,0.0
2023-09-16 09:00:00,SWM10C,4.3,43.847797159,0.0
2023-09-16 09:00:00,SWM11,5.2,53.025243076,0.025
2023-09-16 09:00:00,SWM12,5.0,50.985810650000005,0.0
2023-09-16 09:00:00,SWM13,5.1,52.005526863,0.0
2023-09-16 09:00:00,SWM14,5.4,55.06467550200001,0.055
2023-09-16 09:00:00,SWM15,4.9,49.96609443700001,0.0
2023-09-16 09:00:00,SWM2,5.1,52.005526863,0.0
2023-09-16 09:00:00,SWM3,5.2,53.025243076,0.027
2023-09-16 09:00:00,SWM4,5.1,52.005526863,0.0
2023-09-16 09:00:00,SWM6,5.1,52.005526863,0.031
2023-09-16 09:00:00,SWM7,5.2,53.025243076,0.005
2023-09-16 09:00:00,SWM8,5.0,50.985810650000005,0.006
2023-09-16 09:00:00,SWM9,4.5,45.887229585,0.0
2023-09-16 10:00:00,SWM10,4.3,43.847797159,0.035
2023-09-16 10:00:00,SWM10B,4.2,42.82808094600001,0.0
2023-09-16 10:00:00,SWM10C,4.2,42.82808094600001,0.0
2023-09-16 10:00:00,SWM11,5.2,53.025243076,0.021
2023-09-16 10:00:00,SWM12,5.0,50.985810650000005,0.0
2023-09-16 10:00:00,SWM13,5.1,52.005526863,0.0
2023-09-16 10:00:00,SWM14,5.5,56.084391715,0.039
2023-09-16 10:00:00,SWM15,5.0,50.985810650000005,0.0
2023-09-16 10:00:00,SWM2,5.1,52.005526863,0.0
2023-09-16 10:00:00,SWM3,5.3,54.044959289000005,0.066
2023-09-16 10:00:00,SWM4,5.2,53.025243076,0.0
2023-09-16 10:00:00,SWM6,5.1,52.005526863,0.008
2023-09-16 10:00:00,SWM7,5.3,54.044959289000005,0.038
2023-09-16 10:00:00,SWM8,5.1,52.005526863,0.0
2023-09-16 10:00:00,SWM9,5.8,59.143540354,0.0
2023-09-16 11:00:00,SWM10,4.3,43.847797159,0.006
2023-09-16 11:00:00,SWM10B,4.1,41.808364733,0.006
2023-09-16 11:00:00,SWM10C,4.1,41.808364733,0.0
2023-09-16 11:00:00,SWM11,5.2,53.025243076,0.017
2023-09-16 11:00:00,SWM12,5.0,50.985810650000005,0.0
2023-09-16 11:00:00,SWM13,5.2,53.025243076,0.008
2023-09-16 11:00:00,SWM14,5.5,56.084391715,0.044
2023-09-16 11:00:00,SWM15,5.0,50.985810650000005,0.0
2023-09-16 11:00:00,SWM2,5.2,53.025243076,0.0
2023-09-16 11:00:00,SWM3,5.3,54.044959289000005,0.0
2023-09-16 11:00:00,SWM4,5.2,53.025243076,0.006
2023-09-16 11:00:00,SWM6,5.1,52.005526863,0.008
2023-09-16 11:00:00,SWM7,5.3,54.044959289000005,0.063
2023-09-16 11:00:00,SWM8,5.1,52.005526863,0.069
2023-09-16 11:00:00,SWM9,5.7,58.12382414100001,0.0
2023-09-16 12:00:00,SWM10,4.4,44.867513372000005,0.007
2023-09-16 12:00:00,SWM10B,4.3,43.847797159,0.033
2023-09-16 12:00:00,SWM10C,4.2,42.82808094600001,0.0
2023-09-16 12:00:00,SWM11,5.2,53.025243076,0.013
2023-09-16 12:00:00,SWM12,5.0,50.985810650000005,0.0
2023-09-16 12:00:00,SWM13,5.2,53.025243076,0.024
2023-09-16 12:00:00,SWM14,5.5,56.084391715,0.051
2023-09-16 12:00:00,SWM15,4.9,49.96609443700001,0.004
2023-09-16 12:00:00,SWM2,5.1,52.005526863,0.0
2023-09-16 12:00:00,SWM3,5.2,53.025243076,0.0
2023-09-16 12:00:00,SWM4,5.2,53.025243076,0.002
2023-09-16 12:00:00,SWM6,5.0,50.985810650000005,0.006
2023-09-16 12:00:00,SWM7,5.3,54.044959289000005,0.067
2023-09-16 12:00:00,SWM8,5.05,51.4956687565,0.082
2023-09-16 12:00:00,SWM9,5.4,55.06467550200001,0.0
2023-09-16 13:00:00,SWM10,4.3,43.847797159,0.0
2023-09-16 13:00:00,SWM10B,4.2,42.82808094600001,0.009
2023-09-16 13:00:00,SWM10C,4.2,42.82808094600001,0.0
2023-09-16 13:00:00,SWM11,5.3,54.044959289000005,0.008
2023-09-16 13:00:00,SWM12,5.0,50.985810650000005,0.0
2023-09-16 13:00:00,SWM13,5.2,53.025243076,0.019
2023-09-16 13:00:00,SWM14,5.5,56.084391715,0.104
2023-09-16 13:00:00,SWM15,5.0,50.985810650000005,0.002
2023-09-16 13:00:00,SWM2,5.2,53.025243076,0.0
2023-09-16 13:00:00,SWM3,5.3,54.044959289000005,0.014
2023-09-16 13:00:00,SWM4,5.2,53.025243076,0.0
2023-09-16 13:00:00,SWM6,5.1,52.005526863,0.006
2023-09-16 13:00:00,SWM7,5.3,54.044959289000005,0.071
2023-09-16 13:00:00,SWM8,5.1,52.005526863,0.008
2023-09-16 13:00:00,SWM9,5.1,52.005526863,0.0
2023-09-16 14:00:00,SWM10,4.4,44.867513372000005,0.018
2023-09-16 14:00:00,SWM10B,4.2,42.82808094600001,0.0
2023-09-16 14:00:00,SWM10C,4.2,42.82808094600001,0.0
2023-09-16 14:00:00,SWM11,5.3,54.044959289000005,0.012
2023-09-16 14:00:00,SWM12,5.1,52.005526863,0.013
2023-09-16 14:00:00,SWM13,5.2,53.025243076,0.0
2023-09-16 14:00:00,SWM14,5.55,56.5942498215,0.021
2023-09-16 14:00:00,SWM15,5.0,50.985810650000005,0.0
2023-09-16 14:00:00,SWM2,5.2,53.025243076,0.0
2023-09-16 14:00:00,SWM3,5.3,54.044959289000005,0.006
2023-09-16 14:00:00,SWM4,5.2,53.025243076,0.015
2023-09-16 14:00:00,SWM6,5.1,52.005526863,0.004
2023-09-16 14:00:00,SWM7,5.4,55.06467550200001,0.134
2023-09-16 14:00:00,SWM8,5.1,52.005526863,0.028
2023-09-16 14:00:00,SWM9,4.9,49.96609443700001,0.0
2023-09-16 15:00:00,SWM10,4.3,43.847797159,0.004
2023-09-16 15:00:00,SWM10B,4.1,41.808364733,0.0
2023-09-16 15:00:00,SWM10C,4.2,42.82808094600001,0.0
2023-09-16 15:00:00,SWM11,5.3,54.044959289000005,0.001
2023-09-16 15:00:00,SWM12,5.1,52.005526863,0.006
2023-09-16 15:00:00,SWM13,5.2,53.025243076,0.0
2023-09-16 15:00:00,SWM14,5.5,56.084391715,0.005
2023-09-16 15:00:00,SWM15,5.0,50.985810650000005,0.0
2023-09-16 15:00:00,SWM2,5.2,53.025243076,0.0
2023-09-16 15:00:00,SWM3,5.3,54.044959289000005,0.037
2023-09-16 15:00:00,SWM4,5.3,54.044959289000005,0.004
2023-09-16 15:00:00,SWM6,5.1,52.005526863,0.001
2023-09-16 15:00:00,SWM7,5.4,55.06467550200001,0.058
2023-09-16 15:00:00,SWM8,5.1,52.005526863,0.003
2023-09-16 15:00:00,SWM9,4.7,47.926662011000005,0.0
2023-09-16 16:00:00,SWM10,4.3,43.847797159,0.008
2023-09-16 16:00:00,SWM10B,4.2,42.82808094600001,0.004
2023-09-16 16:00:00,SWM10C,4.2,42.82808094600001,0.0
2023-09-16 16:00:00,SWM11,5.3,54.044959289000005,0.005
2023-09-16 16:00:00,SWM12,5.1,52.005526863,0.0
2023-09-16 16:00:00,SWM13,5.2,53.025243076,0.0
2023-09-16 16:00:00,SWM14,5.5,56.084391715,0.014
2023-09-16 16:00:00,SWM15,5.0,50.985810650000005,0.003
2023-09-16 16:00:00,SWM2,5.2,53.025243076,0.0
2023-09-16 16:00:00,SWM3,5.3,54.044959289000005,0.012
2023-09-16 16:00:00,SWM4,5.2,53.025243076,0.014
2023-09-16 16:00:00,SWM6,5.1,52.005526863,0.011
2023-09-16 16:00:00,SWM7,5.4,55.06467550200001,0.186
2023-09-16 16:00:00,SWM8,5.1,52.005526863,0.033
2023-09-16 16:00:00,SWM9,4.5,45.887229585,0.0
2023-09-16 17:00:00,SWM10,4.3,43.847797159,0.008
2023-09-16 17:00:00,SWM10B,4.2,42.82808094600001,0.01
2023-09-16 17:00:00,SWM10C,4.1,41.808364733,0.0
2023-09-16 17:00:00,SWM11,5.3,54.044959289000005,0.031
2023-09-16 17:00:00,SWM12,5.1,52.005526863,0.0
2023-09-16 17:00:00,SWM13,5.2,53.025243076,0.0
2023-09-16 17:00:00,SWM14,5.6,57.104107928,0.001
2023-09-16 17:00:00,SWM15,5.1,52.005526863,0.002
2023-09-16 17:00:00,SWM2,5.2,53.025243076,0.0
2023-09-16 17:00:00,SWM3,5.3,54.044959289000005,0.0
2023-09-16 17:00:00,SWM4,5.3,54.044959289000005,0.01
2023-09-16 17:00:00,SWM6,5.2,53.025243076,0.006
2023-09-16 17:00:00,SWM7,5.4,55.06467550200001,0.023
2023-09-16 17:00:00,SWM8,5.2,53.025243076,0.006
2023-09-16 17:00:00,SWM9,5.45,55.574533608500005,0.0
2023-09-16 18:00:00,SWM10,4.3,43.847797159,0.012
2023-09-16 18:00:00,SWM10B,4.2,42.82808094600001,0.014
2023-09-16 18:00:00,SWM10C,4.1,41.808364733,0.0
2023-09-16 18:00:00,SWM11,5.4,55.06467550200001,0.001
2023-09-16 18:00:00,SWM12,5.1,52.005526863,0.0
2023-09-16 18:00:00,SWM13,5.3,54.044959289000005,0.0
2023-09-16 18:00:00,SWM14,5.6,57.104107928,0.006
2023-09-16 18:00:00,SWM15,5.1,52.005526863,0.006
2023-09-16 18:00:00,SWM2,5.3,54.044959289000005,0.0
2023-09-16 18:00:00,SWM3,5.4,55.06467550200001,0.0
2023-09-16 18:00:00,SWM4,5.3,54.044959289000005,0.039
2023-09-16 18:00:00,SWM6,5.2,53.025243076,0.014
2023-09-16 18:00:00,SWM7,5.4,55.06467550200001,0.093
2023-09-16 18:00:00,SWM8,5.2,53.025243076,0.007
2023-09-16 18:00:00,SWM9,5.8,59.143540354,0.0
2023-09-16 19:00:00,SWM10,4.3,43.847797159,0.001
2023-09-16 19:00:00,SWM10B,4.1,41.808364733,0.001
2023-09-16 19:00:00,SWM10C,4.15,42.31822283950001,0.0
2023-09-16 19:00:00,SWM11,5.4,55.06467550200001,0.0
2023-09-16 19:00:00,SWM12,5.2,53.025243076,0.0
2023-09-16 19:00:00,SWM13,5.3,54.044959289000005,0.0
2023-09-16 19:00:00,SWM14,5.7,58.12382414100001,0.009
2023-09-16 19:00:00,SWM15,5.2,53.025243076,0.011
2023-09-16 19:00:00,SWM2,5.3,54.044959289000005,0.0
2023-09-16 19:00:00,SWM3,5.4,55.06467550200001,0.0
2023-09-16 19:00:00,SWM4,5.4,55.06467550200001,0.007
2023-09-16 19:00:00,SWM6,5.3,54.044959289000005,0.006
2023-09-16 19:00:00,SWM7,5.5,56.084391715,0.074
2023-09-16 19:00:00,SWM8,5.3,54.044959289000005,0.022
2023-09-16 19:00:00,SWM9,5.55,56.5942498215,0.0
2023-09-16 20:00:00,SWM10,4.4,44.867513372000005,0.013
2023-09-16 20:00:00,SWM10B,4.2,42.82808094600001,0.039
2023-09-16 20:00:00,SWM10C,4.2,42.82808094600001,0.0
2023-09-16 20:00:00,SWM11,5.2,53.025243076,0.0
2023-09-16 20:00:00,SWM12,5.0,50.985810650000005,0.0
2023-09-16 20:00:00,SWM13,5.2,53.025243076,0.0
2023-09-16 20:00:00,SWM14,5.5,56.084391715,0.004
2023-09-16 20:00:00,SWM15,5.0,50.985810650000005,0.006
2023-09-16 20:00:00,SWM2,5.2,53.025243076,0.0
2023-09-16 20:00:00,SWM3,5.3,54.044959289000005,0.0
2023-09-16 20:00:00,SWM4,5.2,53.025243076,0.005
2023-09-16 20:00:00,SWM6,5.1,52.005526863,0.006
2023-09-16 20:00:00,SWM7,5.3,54.044959289000005,0.051
2023-09-16 20:00:00,SWM8,5.1,52.005526863,0.007
2023-09-16 20:00:00,SWM9,5.3,54.044959289000005,0.0
2023-09-16 21:00:00,SWM10,4.5,45.887229585,0.013
2023-09-16 21:00:00,SWM10B,4.3,43.847797159,0.064
2023-09-16 21:00:00,SWM10C,4.3,43.847797159,0.0
2023-09-16 21:00:00,SWM11,5.2,53.025243076,0.0
2023-09-16 21:00:00,SWM12,5.0,50.985810650000005,0.0
2023-09-16 21:00:00,SWM13,5.1,52.005526863,0.0
2023-09-16 21:00:00,SWM14,5.5,56.084391715,0.011
2023-09-16 21:00:00,SWM15,5.0,50.985810650000005,0.009
2023-09-16 21:00:00,SWM2,5.2,53.025243076,0.0
2023-09-16 21:00:00,SWM3,5.2,53.025243076,0.0
2023-09-16 21:00:00,SWM4,5.2,53.025243076,0.0
2023-09-16 21:00:00,SWM6,5.1,52.005526863,0.005
2023-09-16 21:00:00,SWM7,5.3,54.044959289000005,0.003
2023-09-16 21:00:00,SWM8,5.1,52.005526863,0.026
2023-09-16 21:00:00,SWM9,5.0,50.985810650000005,0.0
2023-09-16 22:00:00,SWM10,4.6,46.906945798,0.005
2023-09-16 22:00:00,SWM10B,4.3,43.847797159,0.0
2023-09-16 22:00:00,SWM10C,4.4,44.867513372000005,0.001
2023-09-16 22:00:00,SWM11,5.3,54.044959289000005,0.006
2023-09-16 22:00:00,SWM12,5.1,52.005526863,0.0
2023-09-16 22:00:00,SWM13,5.2,53.025243076,0.0
2023-09-16 22:00:00,SWM14,5.6,57.104107928,0.097
2023-09-16 22:00:00,SWM15,5.1,52.005526863,0.004
2023-09-16 22:00:00,SWM2,5.3,54.044959289000005,0.0
2023-09-16 22:00:00,SWM3,5.4,55.06467550200001,0.016
2023-09-16 22:00:00,SWM4,5.3,54.044959289000005,0.003
2023-09-16 22:00:00,SWM6,5.2,53.025243076,0.017
2023-09-16 22:00:00,SWM7,5.4,55.06467550200001,0.013
2023-09-16 22:00:00,SWM8,5.2,53.025243076,0.021
2023-09-16 22:00:00,SWM9,4.8,48.946378224,0.0
2023-09-16 23:00:00,SWM10,4.5,45.887229585,0.027
2023-09-16 23:00:00,SWM10B,4.3,43.847797159,0.0
2023-09-16 23:00:00,SWM10C,4.4,44.867513372000005,0.0
2023-09-16 23:00:00,SWM11,5.3,54.044959289000005,0.0
2023-09-16 23:00:00,SWM12,5.1,52.005526863,0.0
2023-09-16 23:00:00,SWM13,5.2,53.025243076,0.0
2023-09-16 23:00:00,SWM14,5.6,57.104107928,0.003
2023-09-16 23:00:00,SWM15,5.1,52.005526863,0.0
2023-09-16 23:00:00,SWM2,5.3,54.044959289000005,0.0
2023-09-16 23:00:00,SWM3,5.4,55.06467550200001,0.0
2023-09-16 23:00:00,SWM4,5.3,54.044959289000005,0.006
2023-09-16 23:00:00,SWM6,5.2,53.025243076,0.01
2023-09-16 23:00:00,SWM7,5.4,55.06467550200001,0.002
2023-09-16 23:00:00,SWM8,5.2,53.025243076,0.02
2023-09-16 23:00:00,SWM9,4.5,45.887229585,0.0
2023-09-17 00:00:00,SWM10,4.4,44.867513372000005,0.0
2023-09-17 00:00:00,SWM10B,4.2,42.82808094600001,0.0
2023-09-17 00:00:00,SWM10C,4.3,43.847797159,0.0
2023-09-17 00:00:00,SWM11,5.4,55.06467550200001,0.003
2023-09-17 00:00:00,SWM12,5.1,52.005526863,0.0
2023-09-17 00:00:00,SWM13,5.3,54.044959289000005,0.0
2023-09-17 00:00:00,SWM14,5.6,57.104107928,0.003
2023-09-17 00:00:00,SWM15,5.1,52.005526863,0.0
2023-09-17 00:00:00,SWM2,5.3,54.044959289000005,0.0
2023-09-17 00:00:00,SWM3,5.4,55.06467550200001,0.0
2023-09-17 00:00:00,SWM4,5.3,54.044959289000005,0.0
2023-09-17 00:00:00,SWM6,5.2,53.025243076,0.019
2023-09-17 00:00:00,SWM7,5.4,55.06467550200001,0.0
2023-09-17 00:00:00,SWM8,5.2,53.025243076,0.014
2023-09-17 00:00:00,SWM9,4.4,44.867513372000005,0.0
2023-09-17 01:00:00,SWM10,4.1,41.808364733,0.0
2023-09-17 01:00:00,SWM10B,3.9,39.768932307,0.0
2023-09-17 01:00:00,SWM10C,3.9,39.768932307,0.0
2023-09-17 01:00:00,SWM11,5.4,55.06467550200001,0.0
2023-09-17 01:00:00,SWM12,5.1,52.005526863,0.0
2023-09-17 01:00:00,SWM13,5.3,54.044959289000005,0.0
2023-09-17 01:00:00,SWM14,5.6,57.104107928,0.0
2023-09-17 01:00:00,SWM15,5.1,52.005526863,0.002
2023-09-17 01:00:00,SWM2,5.3,54.044959289000005,0.0
2023-09-17 01:00:00,SWM3,5.4,55.06467550200001,0.021
2023-09-17 01:00:00,SWM4,5.3,54.044959289000005,0.0
2023-09-17 01:00:00,SWM6,5.2,53.025243076,0.0
2023-09-17 01:00:00,SWM7,5.4,55.06467550200001,0.003
2023-09-17 01:00:00,SWM8,5.2,53.025243076,0.0
2023-09-17 01:00:00,SWM9,5.9,60.163256567000005,0.0
2023-09-17 02:00:00,SWM10,4.4,44.867513372000005,0.0
2023-09-17 02:00:00,SWM10B,4.3,43.847797159,0.0
2023-09-17 02:00:00,SWM10C,4.3,43.847797159,0.0
2023-09-17 02:00:00,SWM11,5.3,54.044959289000005,0.0
2023-09-17 02:00:00,SWM12,5.1,52.005526863,0.0
2023-09-17 02:00:00,SWM13,5.25,53.5351011825,0.0
2023-09-17 02:00:00,SWM14,5.6,57.104107928,0.0
2023-09-17 02:00:00,SWM15,5.1,52.005526863,0.0
2023-09-17 02:00:00,SWM2,5.3,54.044959289000005,0.0
2023-09-17 02:00:00,SWM3,5.4,55.06467550200001,0.0
2023-09-17 02:00:00,SWM4,5.3,54.044959289000005,0.0
2023-09-17 02:00:00,SWM6,5.2,53.025243076,0.006
2023-09-17 02:00:00,SWM7,5.4,55.06467550200001,0.003
2023-09-17 02:00:00,SWM8,5.2,53.025243076,0.0
2023-09-17 02:00:00,SWM9,5.6,57.104107928,0.0
2023-09-17 03:00:00,SWM10,4.3,43.847797159,0.0
2023-09-17 03:00:00,SWM10B,4.1,41.808364733,0.0
2023-09-17 03:00:00,SWM10C,4.2,42.82808094600001,0.0
2023-09-17 03:00:00,SWM11,5.3,54.044959289000005,0.0
2023-09-17 03:00:00,SWM12,5.2,53.025243076,0.009
2023-09-17 03:00:00,SWM13,5.2,53.025243076,0.0
2023-09-17 03:00:00,SWM14,5.6,57.104107928,0.002
2023-09-17 03:00:00,SWM15,5.1,52.005526863,0.0
2023-09-17 03:00:00,SWM2,5.3,54.044959289000005,0.0
2023-09-17 03:00:00,SWM3,5.4,55.06467550200001,0.0
2023-09-17 03:00:00,SWM4,5.3,54.044959289000005,0.005
2023-09-17 03:00:00,SWM6,5.2,53.025243076,0.0
2023-09-17 03:00:00,SWM7,5.4,55.06467550200001,0.016
2023-09-17 03:00:00,SWM8,5.2,53.025243076,0.007
2023-09-17 03:00:00,SWM9,5.3,54.044959289000005,0.0
2023-09-17 04:00:00,SWM10,4.4,44.867513372000005,0.004
2023-09-17 04:00:00,SWM10B,4.25,43.337939052500005,0.0
2023-09-17 04:00:00,SWM10C,4.3,43.847797159,0.0
2023-09-17 04:00:00,SWM11,5.7,58.12382414100001,0.006
2023-09-17 04:00:00,SWM12,5.5,56.084391715,0.0
2023-09-17 04:00:00,SWM13,5.6,57.104107928,0.0
2023-09-17 04:00:00,SWM14,5.9,60.163256567000005,0.0
2023-09-17 04:00:00,SWM15,5.4,55.06467550200001,0.0
2023-09-17 04:00:00,SWM2,5.6,57.104107928,0.0
2023-09-17 04:00:00,SWM3,5.7,58.12382414100001,0.0
2023-09-17 04:00:00,SWM4,5.6,57.104107928,0.0
2023-09-17 04:00:00,SWM6,5.5,56.084391715,0.0
2023-09-17 04:00:00,SWM7,5.8,59.143540354,0.116
2023-09-17 04:00:00,SWM8,5.5,56.084391715,0.0
2023-09-17 04:00:00,SWM9,5.0,50.985810650000005,0.0
2023-09-17 05:00:00,SWM10,4.3,43.847797159,0.0
2023-09-17 05:00:00,SWM10B,4.2,42.82808094600001,0.015
2023-09-17 05:00:00,SWM10C,4.2,42.82808094600001,0.0
2023-09-17 05:00:00,SWM11,5.6,57.104107928,0.0
2023-09-17 05:00:00,SWM12,5.4,55.06467550200001,0.0
2023-09-17 05:00:00,SWM13,5.5,56.084391715,0.0
2023-09-17 05:00:00,SWM14,5.8,59.143540354,0.0
2023-09-17 05:00:00,SWM15,5.3,54.044959289000005,0.0
2023-09-17 05:00:00,SWM2,5.5,56.084391715,0.0
2023-09-17 05:00:00,SWM3,5.6,57.104107928,0.0
2023-09-17 05:00:00,SWM4,5.5,56.084391715,0.004
2023-09-17 05:00:00,SWM6,5.4,55.06467550200001,0.0
2023-09-17 05:00:00,SWM7,5.7,58.12382414100001,0.024
2023-09-17 05:00:00,SWM8,5.4,55.06467550200001,0.015
2023-09-17 05:00:00,SWM9,4.8,48.946378224,0.0
2023-09-17 06:00:00,SWM10,4.3,43.847797159,0.02
2023-09-17 06:00:00,SWM10B,4.2,42.82808094600001,0.011
2023-09-17 06:00:00,SWM10C,4.2,42.82808094600001,0.0
2023-09-17 06:00:00,SWM11,5.4,55.06467550200001,0.023
2023-09-17 06:00:00,SWM12,5.1,52.005526863,0.0
2023-09-17 06:00:00,SWM13,5.3,54.044959289000005,0.0
2023-09-17 06:00:00,SWM14,5.6,57.104107928,0.0
2023-09-17 06:00:00,SWM15,5.1,52.005526863,0.0
2023-09-17 06:00:00,SWM2,5.3,54.044959289000005,0.0
2023-09-17 06:00:00,SWM3,5.4,55.06467550200001,0.0
2023-09-17 06:00:00,SWM4,5.3,54.044959289000005,0.0
2023-09-17 06:00:00,SWM6,5.2,53.025243076,0.0
2023-09-17 06:00:00,SWM7,5.4,55.06467550200001,0.032
2023-09-17 06:00:00,SWM8,5.2,53.025243076,0.059
2023-09-17 06:00:00,SWM9,4.6,46.906945798,0.0
2023-09-17 07:00:00,SWM10,4.3,43.847797159,0.001
2023-09-17 07:00:00,SWM10B,4.2,42.82808094600001,0.014
2023-09-17 07:00:00,SWM10C,4.2,42.82808094600001,0.0
2023-09-17 07:00:00,SWM11,5.2,53.025243076,0.021
2023-09-17 07:00:00,SWM12,5.0,50.985810650000005,0.0
2023-09-17 07:00:00,SWM13,5.1,52.005526863,0.0
2023-09-17 07:00:00,SWM14,5.5,56.084391715,0.0
2023-09-17 07:00:00,SWM15,5.0,50.985810650000005,0.0
2023-09-17 07:00:00,SWM2,5.2,53.025243076,0.0
2023-09-17 07:00:00,SWM3,5.3,54.044959289000005,0.013
2023-09-17 07:00:00,SWM4,5.2,53.025243076,0.0
2023-09-17 07:00:00,SWM6,5.1,52.005526863,0.0
2023-09-17 07:00:00,SWM7,5.3,54.044959289000005,0.087
2023-09-17 07:00:00,SWM8,5.1,52.005526863,0.02
2023-09-17 07:00:00,SWM9,4.4,44.867513372000005,0.0
2023-09-17 08:00:00,SWM10,4.3,43.847797159,0.017
2023-09-17 08:00:00,SWM10B,4.2,42.82808094600001,0.004
2023-09-17 08:00:00,SWM10C,4.2,42.82808094600001,0.0
2023-09-17 08:00:00,SWM11,5.2,53.025243076,0.01
2023-09-17 08:00:00,SWM12,5.0,50.985810650000005,0.0
2023-09-17 08:00:00,SWM13,5.1,52.005526863,0.0
2023-09-17 08:00:00,SWM14,5.5,56.084391715,0.014
2023-09-17 08:00:00,SWM15,5.0,50.985810650000005,0.03
2023-09-17 08:00:00,SWM2,5.2,53.025243076,0.0
2023-09-17 08:00:00,SWM3,5.3,54.044959289000005,0.089
2023-09-17 08:00:00,SWM4,5.2,53.025243076,0.009
2023-09-17 08:00:00,SWM6,5.1,52.005526863,0.007
2023-09-17 08:00:00,SWM7,5.3,54.044959289000005,0.073
2023-09-17 08:00:00,SWM8,5.1,52.005526863,0.051
2023-09-17 08:00:00,SWM9,6.1,62.202688993,0.0
2023-09-17 09:00:00,SWM10,4.4,44.867513372000005,0.009
2023-09-17 09:00:00,SWM10B,4.2,42.82808094600001,0.0
2023-09-17 09:00:00,SWM10C,4.2,42.82808094600001,0.0
2023-09-17 09:00:00,SWM11,5.2,53.025243076,0.01
2023-09-17 09:00:00,SWM12,5.0,50.985810650000005,0.0
2023-09-17 09:00:00,SWM13,5.1,52.005526863,0.0
2023-09-17 09:00:00,SWM14,5.5,56.084391715,0.134
2023-09-17 09:00:00,SWM15,5.0,50.985810650000005,0.009
2023-09-17 09:00:00,SWM2,5.2,53.025243076,0.0
2023-09-17 09:00:00,SWM3,5.3,54.044959289000005,0.015
2023-09-17 09:00:00,SWM4,5.2,53.025243076,0.0
2023-09-17 09:00:00,SWM6,5.1,52.005526863,0.0
2023-09-17 09:00:00,SWM7,5.3,54.044959289000005,0.166
2023-09-17 09:00:00,SWM8,5.1,52.005526863,0.037
2023-09-17 09:00:00,SWM9,6.0,61.18297278,0.0
2023-09-17 10:00:00,SWM10,4.5,45.887229585,0.081
2023-09-17 10:00:00,SWM10B,4.3,43.847797159,0.0
2023-09-17 10:00:00,SWM10C,4.3,43.847797159,0.0
2023-09-17 10:00:00,SWM11,5.2,53.025243076,0.017
2023-09-17 10:00:00,SWM12,5.0,50.985810650000005,0.0
2023-09-17 10:00:00,SWM13,5.15,52.515384969500005,0.0
2023-09-17 10:00:00,SWM14,5.5,56.084391715,0.054
2023-09-17 10:00:00,SWM15,5.0,50.985810650000005,0.014
2023-09-17 10:00:00,SWM2,5.2,53.025243076,0.0
2023-09-17 10:00:00,SWM3,5.3,54.044959289000005,0.015
2023-09-17 10:00:00,SWM4,5.2,53.025243076,0.011
2023-09-17 10:00:00,SWM6,5.1,52.005526863,0.0
2023-09-17 10:00:00,SWM7,5.3,54.044959289000005,0.103
2023-09-17 10:00:00,SWM8,5.1,52.005526863,0.011
2023-09-17 10:00:00,SWM9,5.65,57.61396603450001,0.0
2023-09-17 11:00:00,SWM10,4.4,44.867513372000005,0.011
2023-09-17 11:00:00,SWM10B,4.25,43.337939052500005,0.015
2023-09-17 11:00:00,SWM10C,4.3,43.847797159,0.0
2023-09-17 11:00:00,SWM11,5.2,53.025243076,0.009
2023-09-17 11:00:00,SWM12,5.0,50.985810650000005,0.004
2023-09-17 11:00:00,SWM13,5.1,52.005526863,0.0
2023-09-17 11:00:00,SWM14,5.5,56.084391715,0.003
2023-09-17 11:00:00,SWM15,5.0,50.985810650000005,0.009
2023-09-17 11:00:00,SWM2,5.2,53.025243076,0.0
2023-09-17 11:00:00,SWM3,5.3,54.044959289000005,0.041
2023-09-17 11:00:00,SWM4,5.2,53.025243076,0.009
2023-09-17 11:00:00,SWM6,5.1,52.005526863,0.0
2023-09-17 11:00:00,SWM7,5.3,54.044959289000005,0.014
2023-09-17 11:00:00,SWM8,5.1,52.005526863,0.077
2023-09-17 11:00:00,SWM9,5.4,55.06467550200001,0.0
2023-09-17 12:00:00,SWM10,4.3,43.847797159,0.007
2023-09-17 12:00:00,SWM10B,4.2,42.82808094600001,0.005
2023-09-17 12:00:00,SWM10C,4.2,42.82808094600001,0.0
2023-09-17 12:00:00,SWM11,5.2,53.025243076,0.017
2023-09-17 12:00:00,SWM12,5.0,50.985810650000005,0.007
2023-09-17 12:00:00,SWM13,5.1,52.005526863,
2023-09-17 12:00:00,SWM14,5.5,56.084391715,0.026
2023-09-17 12:00:00,SWM15,4.9,49.96609443700001,0.003
2023-09-17 12:00:00,SWM2,5.1,52.005526863,0.0
2023-09-17 12:00:00,SWM3,5.2,53.025243076,0.001
2023-09-17 12:00:00,SWM4,5.1,52.005526863,0.005
2023-09-17 12:00:00,SWM6,5.0,50.985810650000005,0.011
2023-09-17 12:00:00,SWM7,5.3,54.044959289000005,0.033
2023-09-17 12:00:00,SWM8,5.0,50.985810650000005,0.018
2023-09-17 12:00:00,SWM9,5.1,52.005526863,0.0
2023-09-17 13:00:00,SWM10,4.3,43.847797159,0.0
2023-09-17 13:00:00,SWM10B,4.2,42.82808094600001,0.011
2023-09-17 13:00:00,SWM10C,4.2,42.82808094600001,0.0
2023-09-17 13:00:00,SWM11,5.2,53.025243076,0.01
2023-09-17 13:00:00,SWM12,5.1,52.005526863,0.002
2023-09-17 13:00:00,SWM13,5.1,52.005526863,0.0
2023-09-17 13:00:00,SWM14,5.5,56.084391715,0.023
2023-09-17 13:00:00,SWM15,5.0,50.985810650000005,0.006
2023-09-17 13:00:00,SWM2,5.2,53.025243076,0.0
2023-09-17 13:00:00,SWM3,5.3,54.044959289000005,0.044
2023-09-17 13:00:00,SWM4,5.2,53.025243076,0.01
2023-09-17 13:00:00,SWM6,5.1,52.005526863,0.04
2023-09-17 13:00:00,SWM7,5.3,54.044959289000005,0.012
2023-09-17 13:00:00,SWM8,5.1,52.005526863,0.041
2023-09-17 13:00:00,SWM9,4.9,49.96609443700001,0.0
2023-09-17 14:00:00,SWM10,4.4,44.867513372000005,0.033
2023-09-17 14:00:00,SWM10B,4.2,42.82808094600001,0.001
2023-09-17 14:00:00,SWM10C,4.2,42.82808094600001,0.0
2023-09-17 14:00:00,SWM11,5.2,53.025243076,0.001
2023-09-17 14:00:00,SWM12,5.0,50.985810650000005,0.0
2023-09-17 14:00:00,SWM13,5.1,52.005526863,0.0
2023-09-17 14:00:00,SWM14,5.5,56.084391715,0.014
2023-09-17 14:00:00,SWM15,5.0,50.985810650000005,0.0
2023-09-17 14:00:00,SWM2,5.2,53.025243076,0.0
2023-09-17 14:00:00,SWM3,5.3,54.044959289000005,0.017
2023-09-17 14:00:00,SWM4,5.2,53.025243076,0.011
2023-09-17 14:00:00,SWM6,5.1,52.005526863,0.019
2023-09-17 14:00:00,SWM7,5.3,54.044959289000005,0.046
2023-09-17 14:00:00,SWM8,5.1,52.005526863,0.281
2023-09-17 14:00:00,SWM9,4.6,46.906945798,0.0
2023-09-17 15:00:00,SWM10,4.4,44.867513372000005,0.023
2023-09-17 15:00:00,SWM10B,4.2,42.82808094600001,0.01
2023-09-17 15:00:00,SWM10C,4.2,42.82808094600001,0.001
2023-09-17 15:00:00,SWM11,5.3,54.044959289000005,0.008
2023-09-17 15:00:00,SWM12,5.1,52.005526863,0.0
2023-09-17 15:00:00,SWM13,5.2,53.025243076,0.017
2023-09-17 15:00:00,SWM14,5.6,57.104107928,0.051
2023-09-17 15:00:00,SWM15,5.0,50.985810650000005,0.0
2023-09-17 15:00:00,SWM2,5.2,53.025243076,0.0
2023-09-17 15:00:00,SWM3,5.35,54.5548173955,0.015
2023-09-17 15:00:00,SWM4,5.3,54.044959289000005,0.0
2023-09-17 15:00:00,SWM6,5.2,53.025243076,0.008
2023-09-17 15:00:00,SWM7,5.4,55.06467550200001,0.088
2023-09-17 15:00:00,SWM8,5.2,53.025243076,0.057
2023-09-17 15:00:00,SWM9,4.4,44.867513372000005,0.0
2023-09-17 16:00:00,SWM10,4.4,44.867513372000005,0.053
2023-09-17 16:00:00,SWM10B,4.3,43.847797159,0.007
2023-09-17 16:00:00,SWM10C,4.3,43.847797159,0.0
2023-09-17 16:00:00,SWM11,5.3,54.044959289000005,0.003
2023-09-17 16:00:00,SWM12,5.1,52.005526863,0.0
2023-09-17 16:00:00,SWM13,5.3,54.044959289000005,0.03
2023-09-17 16:00:00,SWM14,5.6,57.104107928,0.066
2023-09-17 16:00:00,SWM15,5.0,50.985810650000005,0.002
2023-09-17 16:00:00,SWM2,5.3,54.044959289000005,0.142
2023-09-17 16:00:00,SWM3,5.3,54.044959289000005,0.015
2023-09-17 16:00:00,SWM4,5.3,54.044959289000005,0.019
2023-09-17 16:00:00,SWM6,5.15,52.515384969500005,0.009
2023-09-17 16:00:00,SWM7,5.4,55.06467550200001,0.076
2023-09-17 16:00:00,SWM8,5.2,53.025243076,0.067
2023-09-17 16:00:00,SWM9,5.95,60.6731146735,0.0
2023-09-17 17:00:00,SWM10,4.4,44.867513372000005,0.009
2023-09-17 17:00:00,SWM10B,4.2,42.82808094600001,0.035
2023-09-17 17:00:00,SWM10C,4.2,42.82808094600001,0.0
2023-09-17 17:00:00,SWM11,5.3,54.044959289000005,0.061
2023-09-17 17:00:00,SWM12,5.0,50.985810650000005,0.009
2023-09-17 17:00:00,SWM13,5.2,53.025243076,0.0
2023-09-17 17:00:00,SWM14,5.5,56.084391715,0.011
2023-09-17 17:00:00,SWM15,5.0,50.985810650000005,0.001
2023-09-17 17:00:00,SWM2,5.3,54.044959289000005,0.034
2023-09-17 17:00:00,SWM3,5.3,54.044959289000005,0.018
2023-09-17 17:00:00,SWM4,5.2,53.025243076,0.014
2023-09-17 17:00:00,SWM6,5.1,52.005526863,0.018
2023-09-17 17:00:00,SWM7,5.3,54.044959289000005,0.195
2023-09-17 17:00:00,SWM8,5.1,52.005526863,0.01
2023-09-17 17:00:00,SWM9,5.9,60.163256567000005,0.0
2023-09-17 18:00:00,SWM10,4.4,44.867513372000005,0.047
2023-09-17 18:00:00,SWM10B,4.2,42.82808094600001,0.029
2023-09-17 18:00:00,SWM10C,4.2,42.82808094600001,0.0
2023-09-17 18:00:00,SWM11,5.3,54.044959289000005,0.001
2023-09-17 18:00:00,SWM12,5.1,52.005526863,0.0
2023-09-17 18:00:00,SWM13,5.2,53.025243076,0.027
2023-09-17 18:00:00,SWM14,5.6,57.104107928,0.007
2023-09-17 18:00:00,SWM15,5.0,50.985810650000005,0.007
2023-09-17 18:00:00,SWM2,5.3,54.044959289000005,0.181
2023-09-17 18:00:00,SWM3,5.3,54.044959289000005,0.009
2023-09-17 18:00:00,SWM4,5.3,54.044959289000005,0.007
2023-09-17 18:00:00,SWM6,5.1,52.005526863,0.0
2023-09-17 18:00:00,SWM7,5.4,55.06467550200001,0.04
2023-09-17 18:00:00,SWM8,5.1,52.005526863,0.042
2023-09-17 18:00:00,SWM9,5.6,57.104107928,0.0
2023-09-17 19:00:00,SWM10,4.4,44.867513372000005,0.028
2023-09-17 19:00:00,SWM10B,4.2,42.82808094600001,0.007
2023-09-17 19:00:00,SWM10C,4.2,42.82808094600001,0.0
2023-09-17 19:00:00,SWM11,5.3,54.044959289000005,0.01
2023-09-17 19:00:00,SWM12,5.1,52.005526863,0.0
2023-09-17 19:00:00,SWM13,5.3,54.044959289000005,0.095
2023-09-17 19:00:00,SWM14,5.6,57.104107928,0.028
2023-09-17 19:00:00,SWM15,5.1,52.005526863,0.003
2023-09-17 19:00:00,SWM2,5.3,54.044959289000005,0.051
2023-09-17 19:00:00,SWM3,5.4,55.06467550200001,0.031
2023-09-17 19:00:00,SWM4,5.3,54.044959289000005,0.001
2023-09-17 19:00:00,SWM6,5.1,52.005526863,0.0
2023-09-17 19:00:00,SWM7,5.4,55.06467550200001,0.033
2023-09-17 19:00:00,SWM8,5.2,53.025243076,0.013
2023-09-17 19:00:00,SWM9,5.4,55.06467550200001,0.0
2023-09-17 20:00:00,SWM10,4.3,43.847797159,0.001
2023-09-17 20:00:00,SWM10B,4.2,42.82808094600001,0.014
2023-09-17 20:00:00,SWM10C,4.2,42.82808094600001,0.0
2023-09-17 20:00:00,SWM11,5.0,50.985810650000005,0.003
2023-09-17 20:00:00,SWM12,4.8,48.946378224,0.0
2023-09-17 20:00:00,SWM13,5.0,50.985810650000005,0.034
2023-09-17 20:00:00,SWM14,5.4,55.06467550200001,0.045
2023-09-17 20:00:00,SWM15,4.8,48.946378224,0.0
2023-09-17 20:00:00,SWM2,5.1,52.005526863,0.031
2023-09-17 20:00:00,SWM3,5.1,52.005526863,0.015
2023-09-17 20:00:00,SWM4,5.0,50.985810650000005,0.007
2023-09-17 20:00:00,SWM6,4.9,49.96609443700001,0.007
2023-09-17 20:00:00,SWM7,5.1,52.005526863,0.006
2023-09-17 20:00:00,SWM8,4.9,49.96609443700001,0.047
2023-09-17 20:00:00,SWM9,5.1,52.005526863,0.0
2023-09-17 21:00:00,SWM10,4.4,44.867513372000005,0.0
2023-09-17 21:00:00,SWM10B,4.3,43.847797159,0.009
2023-09-17 21:00:00,SWM10C,4.3,43.847797159,0.001
2023-09-17 21:00:00,SWM11,5.1,52.005526863,0.003
2023-09-17 21:00:00,SWM12,4.95,50.47595254350001,0.0
2023-09-17 21:00:00,SWM13,5.1,52.005526863,0.017
2023-09-17 21:00:00,SWM14,5.5,56.084391715,0.029
2023-09-17 21:00:00,SWM15,4.9,49.96609443700001,0.002
2023-09-17 21:00:00,SWM2,5.2,53.025243076,0.0
2023-09-17 21:00:00,SWM3,5.2,53.025243076,0.052
2023-09-17 21:00:00,SWM4,5.1,52.005526863,0.004
2023-09-17 21:00:00,SWM6,5.0,50.985810650000005,0.007
2023-09-17 21:00:00,SWM7,5.2,53.025243076,0.002
2023-09-17 21:00:00,SWM8,5.0,50.985810650000005,0.049
2023-09-17 21:00:00,SWM9,4.9,49.96609443700001,0.0
2023-09-17 22:00:00,SWM10,4.7,47.926662011000005,0.07
2023-09-17 22:00:00,SWM10B,4.6,46.906945798,0.034
2023-09-17 22:00:00,SWM10C,4.6,46.906945798,0.0
2023-09-17 22:00:00,SWM11,5.3,54.044959289000005,0.008
2023-09-17 22:00:00,SWM12,5.1,52.005526863,0.014
2023-09-17 22:00:00,SWM13,5.2,53.025243076,0.0
2023-09-17 22:00:00,SWM14,5.6,57.104107928,0.028
2023-09-17 22:00:00,SWM15,5.0,50.985810650000005,0.001
2023-09-17 22:00:00,SWM2,5.3,54.044959289000005,0.0
2023-09-17 22:00:00,SWM3,5.3,54.044959289000005,0.0
2023-09-17 22:00:00,SWM4,5.2,53.025243076,0.004
2023-09-17 22:00:00,SWM6,5.1,52.005526863,0.0
2023-09-17 22:00:00,SWM7,5.3,54.044959289000005,0.0
2023-09-17 22:00:00,SWM8,5.1,52.005526863,0.011
2023-09-17 22:00:00,SWM9,4.6,46.906945798,0.0
2023-09-17 23:00:00,SWM10,4.2,42.82808094600001,0.0
2023-09-17 23:00:00,SWM10B,4.1,41.808364733,0.003
2023-09-17 23:00:00,SWM10C,4.1,41.808364733,0.0
2023-09-17 23:00:00,SWM11,5.3,54.044959289000005,0.0
2023-09-17 23:00:00,SWM12,5.2,53.025243076,0.0
2023-09-17 23:00:00,SWM13,5.3,54.044959289000005,0.0
2023-09-17 23:00:00,SWM14,5.6,57.104107928,0.001
2023-09-17 23:00:00,SWM15,5.1,52.005526863,0.0
2023-09-17 23:00:00,SWM2,5.3,54.044959289000005,0.0
2023-09-17 23:00:00,SWM3,5.4,55.06467550200001,0.0
2023-09-17 23:00:00,SWM4,5.3,54.044959289000005,0.004
2023-09-17 23:00:00,SWM6,5.2,53.025243076,0.011
2023-09-17 23:00:00,SWM7,5.4,55.06467550200001,0.013
2023-09-17 23:00:00,SWM8,5.2,53.025243076,0.006
2023-09-17 23:00:00,SWM9,4.4,44.867513372000005,0.0
2023-09-18 00:00:00,SWM10,4.2,42.82808094600001,0.0
2023-09-18 00:00:00,SWM10B,4.1,41.808364733,0.004
2023-09-18 00:00:00,SWM10C,4.1,41.808364733,0.0
2023-09-18 00:00:00,SWM11,5.3,54.044959289000005,0.007
2023-09-18 00:00:00,SWM12,5.1,52.005526863,0.0
2023-09-18 00:00:00,SWM13,5.2,53.025243076,0.0
2023-09-18 00:00:00,SWM14,5.6,57.104107928,0.0
2023-09-18 00:00:00,SWM15,5.1,52.005526863,0.0
2023-09-18 00:00:00,SWM2,5.3,54.044959289000005,0.0
2023-09-18 00:00:00,SWM3,5.3,54.044959289000005,0.0
2023-09-18 00:00:00,SWM4,5.3,54.044959289000005,0.0
2023-09-18 00:00:00,SWM6,5.2,53.025243076,0.012
2023-09-18 00:00:00,SWM7,5.4,55.06467550200001,0.006
2023-09-18 00:00:00,SWM8,5.2,53.025243076,0.0
2023-09-18 00:00:00,SWM9,4.5,45.887229585,0.0
2023-09-18 01:00:00,SWM10,4.25,43.337939052500005,0.0
2023-09-18 01:00:00,SWM10B,4.1,41.808364733,0.0
2023-09-18 01:00:00,SWM10C,4.15,42.31822283950001,0.0
2023-09-18 01:00:00,SWM11,5.3,54.044959289000005,0.008
2023-09-18 01:00:00,SWM12,5.1,52.005526863,0.0
2023-09-18 01:00:00,SWM13,5.2,53.025243076,0.0
2023-09-18 01:00:00,SWM14,5.6,57.104107928,0.0
2023-09-18 01:00:00,SWM15,5.1,52.005526863,0.002
2023-09-18 01:00:00,SWM2,5.3,54.044959289000005,0.0
2023-09-18 01:00:00,SWM3,5.3,54.044959289000005,0.0
2023-09-18 01:00:00,SWM4,5.3,54.044959289000005,0.005
2023-09-18 01:00:00,SWM6,5.2,53.025243076,0.006
2023-09-18 01:00:00,SWM7,5.4,55.06467550200001,0.014
2023-09-18 01:00:00,SWM8,5.2,53.025243076,0.015
2023-09-18 01:00:00,SWM9,5.8,59.143540354,0.0
2023-09-18 02:00:00,SWM10,4.3,43.847797159,0.0
2023-09-18 02:00:00,SWM10B,4.15,42.31822283950001,0.0
2023-09-18 02:00:00,SWM10C,4.2,42.82808094600001,0.0
2023-09-18 02:00:00,SWM11,5.3,54.044959289000005,0.008
2023-09-18 02:00:00,SWM12,5.1,52.005526863,0.0
2023-09-18 02:00:00,SWM13,5.2,53.025243076,0.0
2023-09-18 02:00:00,SWM14,5.5,56.084391715,0.0
2023-09-18 02:00:00,SWM15,5.1,52.005526863,0.0
2023-09-18 02:00:00,SWM2,5.3,54.044959289000005,0.0
2023-09-18 02:00:00,SWM3,5.3,54.044959289000005,0.0
2023-09-18 02:00:00,SWM4,5.3,54.044959289000005,0.0
2023-09-18 02:00:00,SWM6,5.2,53.025243076,0.005
2023-09-18 02:00:00,SWM7,5.4,55.06467550200001,0.0
2023-09-18 02:00:00,SWM8,5.1,52.005526863,0.0
2023-09-18 02:00:00,SWM9,5.5,56.084391715,0.0
2023-09-18 03:00:00,SWM10,4.3,43.847797159,0.0
2023-09-18 03:00:00,SWM10B,4.2,42.82808094600001,0.006
2023-09-18 03:00:00,SWM10C,4.2,42.82808094600001,0.0
2023-09-18 03:00:00,SWM11,5.2,53.025243076,0.015
2023-09-18 03:00:00,SWM12,5.1,52.005526863,0.0
2023-09-18 03:00:00,SWM13,5.2,53.025243076,0.0
2023-09-18 03:00:00,SWM14,5.5,56.084391715,0.0
2023-09-18 03:00:00,SWM15,5.0,50.985810650000005,0.0
2023-09-18 03:00:00,SWM2,5.2,53.025243076,0.0
2023-09-18 03:00:00,SWM3,5.3,54.044959289000005,0.0
2023-09-18 03:00:00,SWM4,5.2,53.025243076,0.0
2023-09-18 03:00:00,SWM6,5.1,52.005526863,0.004
2023-09-18 03:00:00,SWM7,5.3,54.044959289000005,0.02
2023-09-18 03:00:00,SWM8,5.1,52.005526863,0.0
2023-09-18 03:00:00,SWM9,5.2,53.025243076,0.0
2023-09-18 04:00:00,SWM10,4.35,44.3576552655,0.0
2023-09-18 04:00:00,SWM10B,4.25,43.337939052500005,0.003
2023-09-18 04:00:00,SWM10C,4.300000000000001,43.84779715900001,0.0
2023-09-18 04:00:00,SWM11,5.25,53.5351011825,0.008
2023-09-18 04:00:00,SWM12,5.1,52.005526863,0.0
2023-09-18 04:00:00,SWM13,5.2,53.025243076,0.0
2023-09-18 04:00:00,SWM14,5.5,56.084391715,0.005
2023-09-18 04:00:00,SWM15,5.0,50.985810650000005,0.0
2023-09-18 04:00:00,SWM2,5.3,54.044959289000005,0.014
2023-09-18 04:00:00,SWM3,5.3,54.044959289000005,0.0
2023-09-18 04:00:00,SWM4,5.2,53.025243076,0.0
2023-09-18 04:00:00,SWM6,5.1,52.005526863,0.0
2023-09-18 04:00:00,SWM7,5.3,54.044959289000005,0.234
2023-09-18 04:00:00,SWM8,5.1,52.005526863,0.0
2023-09-18 04:00:00,SWM9,5.0,50.985810650000005,0.0
2023-09-18 05:00:00,SWM10,4.35,44.3576552655,0.004
2023-09-18 05:00:00,SWM10B,4.2,42.82808094600001,0.017
2023-09-18 05:00:00,SWM10C,4.2,42.82808094600001,0.0
2023-09-18 05:00:00,SWM11,5.05,51.4956687565,0.027
2023-09-18 05:00:00,SWM12,4.9,49.96609443700001,0.0
2023-09-18 05:00:00,SWM13,5.0,50.985810650000005,0.082
2023-09-18 05:00:00,SWM14,5.3,54.044959289000005,0.028
2023-09-18 05:00:00,SWM15,4.8,48.946378224,0.01
2023-09-18 05:00:00,SWM2,5.1,52.005526863,0.015
2023-09-18 05:00:00,SWM3,5.1,52.005526863,0.023
2023-09-18 05:00:00,SWM4,5.0,50.985810650000005,0.004
2023-09-18 05:00:00,SWM6,4.9,49.96609443700001,0.0
2023-09-18 05:00:00,SWM7,5.1,52.005526863,0.063
2023-09-18 05:00:00,SWM8,4.9,49.96609443700001,0.036
2023-09-18 05:00:00,SWM9,4.75,48.4365201175,0.0
2023-09-18 06:00:00,SWM10,4.3,43.847797159,0.027
2023-09-18 06:00:00,SWM10B,4.1,41.808364733,0.002
2023-09-18 06:00:00,SWM10C,4.1,41.808364733,0.0
2023-09-18 06:00:00,SWM11,5.1,52.005526863,0.012
2023-09-18 06:00:00,SWM12,4.9,49.96609443700001,0.0
2023-09-18 06:00:00,SWM13,5.1,52.005526863,0.067
2023-09-18 06:00:00,SWM14,5.4,55.06467550200001,0.009
2023-09-18 06:00:00,SWM15,4.9,49.96609443700001,0.0
2023-09-18 06:00:00,SWM2,5.2,53.025243076,0.0
2023-09-18 06:00:00,SWM3,5.2,53.025243076,0.05
2023-09-18 06:00:00,SWM4,5.1,52.005526863,0.039
2023-09-18 06:00:00,SWM6,5.0,50.985810650000005,0.001
2023-09-18 06:00:00,SWM7,5.2,53.025243076,0.0
2023-09-18 06:00:00,SWM8,5.0,50.985810650000005,0.075
2023-09-18 06:00:00,SWM9,5.05,51.4956687565,0.039
2023-09-18 07:00:00,SWM10,4.3,43.847797159,0.006
2023-09-18 07:00:00,SWM10B,4.1,41.808364733,0.0
2023-09-18 07:00:00,SWM10C,4.1,41.808364733,0.0
2023-09-18 07:00:00,SWM11,5.2,53.025243076,0.007
2023-09-18 07:00:00,SWM12,5.05,51.4956687565,0.009
2023-09-18 07:00:00,SWM13,5.2,53.025243076,0.0
2023-09-18 07:00:00,SWM14,5.5,56.084391715,0.054
2023-09-18 07:00:00,SWM15,5.0,50.985810650000005,0.023
2023-09-18 07:00:00,SWM2,5.2,53.025243076,0.016
2023-09-18 07:00:00,SWM3,5.3,54.044959289000005,0.0
2023-09-18 07:00:00,SWM4,5.2,53.025243076,0.009
2023-09-18 07:00:00,SWM6,5.1,52.005526863,0.0
2023-09-18 07:00:00,SWM7,5.3,54.044959289000005,0.021
2023-09-18 07:00:00,SWM8,5.1,52.005526863,0.033
2023-09-18 07:00:00,SWM9,6.2,63.222405206000005,0.003
2023-09-18 08:00:00,SWM10,4.3,43.847797159,0.0
2023-09-18 08:00:00,SWM10B,4.15,42.31822283950001,0.0
2023-09-18 08:00:00,SWM10C,4.2,42.82808094600001,0.0
2023-09-18 08:00:00,SWM11,5.2,53.025243076,0.013
2023-09-18 08:00:00,SWM12,5.1,52.005526863,0.0
2023-09-18 08:00:00,SWM13,5.2,53.025243076,0.046
2023-09-18 08:00:00,SWM14,5.5,56.084391715,0.016
2023-09-18 08:00:00,SWM15,5.0,50.985810650000005,0.005
2023-09-18 08:00:00,SWM2,5.2,53.025243076,0.0
2023-09-18 08:00:00,SWM3,5.3,54.044959289000005,0.0
2023-09-18 08:00:00,SWM4,5.2,53.025243076,0.013
2023-09-18 08:00:00,SWM6,5.1,52.005526863,0.0
2023-09-18 08:00:00,SWM7,5.3,54.044959289000005,0.0
2023-09-18 08:00:00,SWM8,5.1,52.005526863,0.007
2023-09-18 08:00:00,SWM9,4.5,45.887229585,0.011
2023-09-18 09:00:00,SWM10,4.3,43.847797159,0.006
2023-09-18 09:00:00,SWM10B,4.1,41.808364733,0.0
2023-09-18 09:00:00,SWM10C,4.2,42.82808094600001,0.0
2023-09-18 09:00:00,SWM11,5.3,54.044959289000005,0.012
2023-09-18 09:00:00,SWM12,5.1,52.005526863,0.001
2023-09-18 09:00:00,SWM13,5.2,53.025243076,0.088
2023-09-18 09:00:00,SWM14,5.6,57.104107928,
2023-09-18 09:00:00,SWM15,5.0,50.985810650000005,0.002
2023-09-18 09:00:00,SWM2,5.3,54.044959289000005,0.0
2023-09-18 09:00:00,SWM3,5.3,54.044959289000005,0.0
2023-09-18 09:00:00,SWM4,5.3,54.044959289000005,0.0
2023-09-18 09:00:00,SWM6,5.1,52.005526863,0.0
2023-09-18 09:00:00,SWM7,5.3,54.044959289000005,0.0
2023-09-18 09:00:00,SWM8,5.1,52.005526863,0.009
2023-09-18 09:00:00,SWM9,4.6,46.906945798,0.031
2023-09-18 10:00:00,SWM10,4.1,41.808364733,0.0
2023-09-18 10:00:00,SWM10B,4.0,40.78864852,0.0
2023-09-18 10:00:00,SWM10C,4.0,40.78864852,0.0
2023-09-18 10:00:00,SWM11,5.3,54.044959289000005,0.002
2023-09-18 10:00:00,SWM12,5.1,52.005526863,0.007
2023-09-18 10:00:00,SWM13,5.3,54.044959289000005,0.009
2023-09-18 10:00:00,SWM14,5.6,57.104107928,0.212
2023-09-18 10:00:00,SWM15,5.1,52.005526863,0.0
2023-09-18 10:00:00,SWM2,5.3,54.044959289000005,0.004
2023-09-18 10:00:00,SWM3,5.3,54.044959289000005,0.0
2023-09-18 10:00:00,SWM4,5.3,54.044959289000005,0.008
2023-09-18 10:00:00,SWM6,5.2,53.025243076,0.0
2023-09-18 10:00:00,SWM7,5.3,54.044959289000005,0.0
2023-09-18 10:00:00,SWM8,5.2,53.025243076,0.009
2023-09-18 10:00:00,SWM9,5.55,56.5942498215,0.014
2023-09-18 11:00:00,SWM10,4.5,45.887229585,0.001
2023-09-18 11:00:00,SWM10B,4.4,44.867513372000005,0.016
2023-09-18 11:00:00,SWM10C,4.4,44.867513372000005,0.0
2023-09-18 11:00:00,SWM11,5.3,54.044959289000005,0.07
2023-09-18 11:00:00,SWM12,5.1,52.005526863,0.0
2023-09-18 11:00:00,SWM13,5.2,53.025243076,0.001
2023-09-18 11:00:00,SWM14,5.5,56.084391715,0.026
2023-09-18 11:00:00,SWM15,5.0,50.985810650000005,0.0
2023-09-18 11:00:00,SWM2,5.2,53.025243076,0.0
2023-09-18 11:00:00,SWM3,5.2,53.025243076,0.0
2023-09-18 11:00:00,SWM4,5.2,53.025243076,0.007
2023-09-18 11:00:00,SWM6,5.1,52.005526863,0.003
2023-09-18 11:00:00,SWM7,5.2,53.025243076,0.0
2023-09-18 11:00:00,SWM8,5.1,52.005526863,0.014
2023-09-18 11:00:00,SWM9,4.6,46.906945798,0.032
2023-09-18 12:00:00,SWM10,4.3,43.847797159,0.0
2023-09-18 12:00:00,SWM10B,4.1,41.808364733,0.0
2023-09-18 12:00:00,SWM10C,4.1,41.808364733,0.0
2023-09-18 12:00:00,SWM11,5.2,53.025243076,0.003
2023-09-18 12:00:00,SWM12,5.0,50.985810650000005,0.0
2023-09-18 12:00:00,SWM13,5.2,53.025243076,0.008
2023-09-18 12:00:00,SWM14,5.5,56.084391715,0.0
2023-09-18 12:00:00,SWM15,5.0,50.985810650000005,0.0
2023-09-18 12:00:00,SWM2,5.2,53.025243076,0.0
2023-09-18 12:00:00,SWM3,5.2,53.025243076,0.0
2023-09-18 12:00:00,SWM4,5.2,53.025243076,0.0
2023-09-18 12:00:00,SWM6,5.0,50.985810650000005,0.005
2023-09-18 12:00:00,SWM7,5.2,53.025243076,0.065
2023-09-18 12:00:00,SWM8,5.1,52.005526863,0.042
2023-09-18 12:00:00,SWM9,4.5,45.887229585,0.004
2023-09-18 13:00:00,SWM10,4.3,43.847797159,0.008
2023-09-18 13:00:00,SWM10B,4.2,42.82808094600001,0.008
2023-09-18 13:00:00,SWM10C,4.2,42.82808094600001,0.0
2023-09-18 13:00:00,SWM11,5.3,54.044959289000005,0.0
2023-09-18 13:00:00,SWM12,5.1,52.005526863,0.0
2023-09-18 13:00:00,SWM13,5.3,54.044959289000005,0.017
2023-09-18 13:00:00,SWM14,5.6,57.104107928,0.044
2023-09-18 13:00:00,SWM15,5.0,50.985810650000005,0.0
2023-09-18 13:00:00,SWM2,5.3,54.044959289000005,0.013
2023-09-18 13:00:00,SWM3,5.3,54.044959289000005,0.0
2023-09-18 13:00:00,SWM4,5.3,54.044959289000005,0.013
2023-09-18 13:00:00,SWM6,5.2,53.025243076,0.17
2023-09-18 13:00:00,SWM7,5.4,55.06467550200001,0.168
2023-09-18 13:00:00,SWM8,5.2,53.025243076,0.008
2023-09-18 13:00:00,SWM9,4.5,45.887229585,0.012
2023-09-18 14:00:00,SWM10,4.4,44.867513372000005,0.003
2023-09-18 14:00:00,SWM10B,4.2,42.82808094600001,0.0
2023-09-18 14:00:00,SWM10C,4.2,42.82808094600001,0.0
2023-09-18 14:00:00,SWM11,5.2,53.025243076,0.001
2023-09-18 14:00:00,SWM12,5.0,50.985810650000005,0.0
2023-09-18 14:00:00,SWM13,5.2,53.025243076,0.015
2023-09-18 14:00:00,SWM14,5.5,56.084391715,0.06
2023-09-18 14:00:00,SWM15,5.0,50.985810650000005,0.012
2023-09-18 14:00:00,SWM2,5.2,53.025243076,0.029
2023-09-18 14:00:00,SWM3,5.2,53.025243076,0.001
2023-09-18 14:00:00,SWM4,5.2,53.025243076,0.019
2023-09-18 14:00:00,SWM6,5.1,52.005526863,0.005
2023-09-18 14:00:00,SWM7,5.3,54.044959289000005,0.11
2023-09-18 14:00:00,SWM8,5.1,52.005526863,0.008
2023-09-18 14:00:00,SWM9,6.3,64.242121419,0.006
2023-09-18 15:00:00,SWM10,4.3,43.847797159,0.026
2023-09-18 15:00:00,SWM10B,4.2,42.82808094600001,0.012
2023-09-18 15:00:00,SWM10C,4.2,42.82808094600001,0.0
2023-09-18 15:00:00,SWM11,5.2,53.025243076,0.001
2023-09-18 15:00:00,SWM12,5.0,50.985810650000005,0.0
2023-09-18 15:00:00,SWM13,5.2,53.025243076,0.036
2023-09-18 15:00:00,SWM14,5.5,56.084391715,0.072
2023-09-18 15:00:00,SWM15,5.0,50.985810650000005,0.025
2023-09-18 15:00:00,SWM2,5.2,53.025243076,0.014
2023-09-18 15:00:00,SWM3,5.3,54.044959289000005,0.017
2023-09-18 15:00:00,SWM4,5.2,53.025243076,0.008
2023-09-18 15:00:00,SWM6,5.1,52.005526863,0.01
2023-09-18 15:00:00,SWM7,5.3,54.044959289000005,0.087
2023-09-18 15:00:00,SWM8,5.1,52.005526863,0.042
2023-09-18 15:00:00,SWM9,6.1,62.202688993,0.0
2023-09-18 16:00:00,SWM10,4.3,43.847797159,0.001
2023-09-18 16:00:00,SWM10B,4.2,42.82808094600001,0.004
2023-09-18 16:00:00,SWM10C,4.2,42.82808094600001,0.0
2023-09-18 16:00:00,SWM11,5.2,53.025243076,0.002
2023-09-18 16:00:00,SWM12,5.0,50.985810650000005,0.0
2023-09-18 16:00:00,SWM13,5.2,53.025243076,0.057
2023-09-18 16:00:00,SWM14,5.5,56.084391715,0.11
2023-09-18 16:00:00,SWM15,5.0,50.985810650000005,0.037
2023-09-18 16:00:00,SWM2,5.2,53.025243076,0.004
2023-09-18 16:00:00,SWM3,5.2,53.025243076,0.003
2023-09-18 16:00:00,SWM4,5.2,53.025243076,0.016
2023-09-18 16:00:00,SWM6,5.0,50.985810650000005,0.0
2023-09-18 16:00:00,SWM7,5.25,53.5351011825,0.163
2023-09-18 16:00:00,SWM8,5.1,52.005526863,0.081
2023-09-18 16:00:00,SWM9,5.7,58.12382414100001,0.0
2023-09-18 17:00:00,SWM10,4.3,43.847797159,0.015
2023-09-18 17:00:00,SWM10B,4.2,42.82808094600001,0.01
2023-09-18 17:00:00,SWM10C,4.1,41.808364733,0.0
2023-09-18 17:00:00,SWM11,5.2,53.025243076,0.009
2023-09-18 17:00:00,SWM12,5.0,50.985810650000005,0.0
2023-09-18 17:00:00,SWM13,5.2,53.025243076,0.013
2023-09-18 17:00:00,SWM14,5.5,56.084391715,0.088
2023-09-18 17:00:00,SWM15,5.0,50.985810650000005,0.004
2023-09-18 17:00:00,SWM2,5.2,53.025243076,0.114
2023-09-18 17:00:00,SWM3,5.3,54.044959289000005,0.017
2023-09-18 17:00:00,SWM4,5.2,53.025243076,0.006
2023-09-18 17:00:00,SWM6,5.1,52.005526863,0.066
2023-09-18 17:00:00,SWM7,5.3,54.044959289000005,0.28
2023-09-18 17:00:00,SWM8,5.1,52.005526863,0.017
2023-09-18 17:00:00,SWM9,5.3,54.044959289000005,0.0
2023-09-18 18:00:00,SWM10,4.2,42.82808094600001,0.0
2023-09-18 18:00:00,SWM10B,4.1,41.808364733,0.005
2023-09-18 18:00:00,SWM10C,4.1,41.808364733,0.0
2023-09-18 18:00:00,SWM11,5.2,53.025243076,0.006
2023-09-18 18:00:00,SWM12,5.0,50.985810650000005,0.0
2023-09-18 18:00:00,SWM13,5.2,53.025243076,0.096
2023-09-18 18:00:00,SWM14,5.5,56.084391715,0.032
2023-09-18 18:00:00,SWM15,5.0,50.985810650000005,0.0
2023-09-18 18:00:00,SWM2,5.2,53.025243076,0.012
2023-09-18 18:00:00,SWM3,5.3,54.044959289000005,0.009
2023-09-18 18:00:00,SWM4,5.2,53.025243076,0.008
2023-09-18 18:00:00,SWM6,5.1,52.005526863,0.001
2023-09-18 18:00:00,SWM7,5.3,54.044959289000005,0.134
2023-09-18 18:00:00,SWM8,5.1,52.005526863,0.038
2023-09-18 18:00:00,SWM9,5.0,50.985810650000005,0.0
2023-09-18 19:00:00,SWM10,4.4,44.867513372000005,0.0
2023-09-18 19:00:00,SWM10B,4.2,42.82808094600001,0.038
2023-09-18 19:00:00,SWM10C,4.2,42.82808094600001,0.0
2023-09-18 19:00:00,SWM11,5.2,53.025243076,0.001
2023-09-18 19:00:00,SWM12,5.0,50.985810650000005,0.008
2023-09-18 19:00:00,SWM13,5.2,53.025243076,0.012
2023-09-18 19:00:00,SWM14,5.5,56.084391715,0.024
2023-09-18 19:00:00,SWM15,5.0,50.985810650000005,0.004
2023-09-18 19:00:00,SWM2,5.2,53.025243076,0.01
2023-09-18 19:00:00,SWM3,5.3,54.044959289000005,0.007
2023-09-18 19:00:00,SWM4,5.2,53.025243076,0.023
2023-09-18 19:00:00,SWM6,5.1,52.005526863,0.027
2023-09-18 19:00:00,SWM7,5.3,54.044959289000005,0.079
2023-09-18 19:00:00,SWM8,5.1,52.005526863,0.016
2023-09-18 19:00:00,SWM9,4.7,47.926662011000005,0.0
2023-09-18 20:00:00,SWM10,4.4,44.867513372000005,0.05
2023-09-18 20:00:00,SWM10B,4.3,43.847797159,0.011
2023-09-18 20:00:00,SWM10C,4.3,43.847797159,0.085
2023-09-18 20:00:00,SWM11,4.9,49.96609443700001,0.012
2023-09-18 20:00:00,SWM12,4.8,48.946378224,0.0
2023-09-18 20:00:00,SWM13,4.9,49.96609443700001,0.018
2023-09-18 20:00:00,SWM14,5.2,53.025243076,0.004
2023-09-18 20:00:00,SWM15,4.7,47.926662011000005,0.003
2023-09-18 20:00:00,SWM2,5.0,50.985810650000005,0.017
2023-09-18 20:00:00,SWM3,5.0,50.985810650000005,0.004
2023-09-18 20:00:00,SWM4,5.0,50.985810650000005,0.042
2023-09-18 20:00:00,SWM6,4.8,48.946378224,0.0
2023-09-18 20:00:00,SWM7,5.1,52.005526863,0.045
2023-09-18 20:00:00,SWM8,4.85,49.4562363305,0.008
2023-09-18 20:00:00,SWM9,4.5,45.887229585,0.0
2023-09-18 21:00:00,SWM10,4.4,44.867513372000005,0.002
2023-09-18 21:00:00,SWM10B,4.2,42.82808094600001,0.041
2023-09-18 21:00:00,SWM10C,4.3,43.847797159,0.032
2023-09-18 21:00:00,SWM11,5.0,50.985810650000005,0.0
2023-09-18 21:00:00,SWM12,4.9,49.96609443700001,0.0
2023-09-18 21:00:00,SWM13,5.1,52.005526863,0.087
2023-09-18 21:00:00,SWM14,5.35,54.5548173955,0.003
2023-09-18 21:00:00,SWM15,4.85,49.4562363305,0.003
2023-09-18 21:00:00,SWM2,5.1,52.005526863,0.0
2023-09-18 21:00:00,SWM3,5.1,52.005526863,0.015
2023-09-18 21:00:00,SWM4,5.1,52.005526863,0.0
2023-09-18 21:00:00,SWM6,4.95,50.47595254350001,0.013
2023-09-18 21:00:00,SWM7,5.2,53.025243076,0.027
2023-09-18 21:00:00,SWM8,4.9,49.96609443700001,0.062
2023-09-18 21:00:00,SWM9,6.1,62.202688993,0.0
2023-09-18 22:00:00,SWM10,4.4,44.867513372000005,0.078
2023-09-18 22:00:00,SWM10B,4.3,43.847797159,0.004
2023-09-18 22:00:00,SWM10C,4.3,43.847797159,0.0
2023-09-18 22:00:00,SWM11,5.2,53.025243076,0.045
2023-09-18 22:00:00,SWM12,5.1,52.005526863,0.008
2023-09-18 22:00:00,SWM13,5.2,53.025243076,0.002
2023-09-18 22:00:00,SWM14,5.5,56.084391715,0.046
2023-09-18 22:00:00,SWM15,5.0,50.985810650000005,0.0
2023-09-18 22:00:00,SWM2,5.2,53.025243076,0.0
2023-09-18 22:00:00,SWM3,5.3,54.044959289000005,0.011
2023-09-18 22:00:00,SWM4,5.2,53.025243076,0.0
2023-09-18 22:00:00,SWM6,5.1,52.005526863,0.022
2023-09-18 22:00:00,SWM7,5.3,54.044959289000005,0.014
2023-09-18 22:00:00,SWM8,5.1,52.005526863,0.115
2023-09-18 22:00:00,SWM9,5.8,59.143540354,0.0
2023-09-18 23:00:00,SWM10,4.2,42.82808094600001,0.0
2023-09-18 23:00:00,SWM10B,4.05,41.2985066265,0.0
2023-09-18 23:00:00,SWM10C,4.1,41.808364733,0.0
2023-09-18 23:00:00,SWM11,5.2,53.025243076,0.009
2023-09-18 23:00:00,SWM12,5.1,52.005526863,0.0
2023-09-18 23:00:00,SWM13,5.2,53.025243076,0.0
2023-09-18 23:00:00,SWM14,5.5,56.084391715,0.002
2023-09-18 23:00:00,SWM15,5.0,50.985810650000005,0.002
2023-09-18 23:00:00,SWM2,5.2,53.025243076,0.0
2023-09-18 23:00:00,SWM3,5.3,54.044959289000005,0.0
2023-09-18 23:00:00,SWM4,5.2,53.025243076,0.0
2023-09-18 23:00:00,SWM6,5.1,52.005526863,0.0
2023-09-18 23:00:00,SWM7,5.3,54.044959289000005,0.0
2023-09-18 23:00:00,SWM8,5.1,52.005526863,0.0
2023-09-18 23:00:00,SWM9,5.55,56.5942498215,0.0
2023-09-19 00:00:00,SWM10,4.2,42.82808094600001,0.0
2023-09-19 00:00:00,SWM10B,4.1,41.808364733,0.006
2023-09-19 00:00:00,SWM10C,4.1,41.808364733,0.0
2023-09-19 00:00:00,SWM11,5.2,53.025243076,0.007
2023-09-19 00:00:00,SWM12,5.1,52.005526863,0.0
2023-09-19 00:00:00,SWM13,5.2,53.025243076,0.0
2023-09-19 00:00:00,SWM14,5.5,56.084391715,0.0
2023-09-19 00:00:00,SWM15,5.0,50.985810650000005,0.013
2023-09-19 00:00:00,SWM2,5.2,53.025243076,0.0
2023-09-19 00:00:00,SWM3,5.3,54.044959289000005,0.0
2023-09-19 00:00:00,SWM4,5.2,53.025243076,0.0
2023-09-19 00:00:00,SWM6,5.1,52.005526863,0.0
2023-09-19 00:00:00,SWM7,5.3,54.044959289000005,0.0
2023-09-19 00:00:00,SWM8,5.1,52.005526863,0.0
2023-09-19 00:00:00,SWM9,5.3,54.044959289000005,0.0
2023-09-19 01:00:00,SWM10,4.1,41.808364733,0.0
2023-09-19 01:00:00,SWM10B,4.0,40.78864852,0.001
2023-09-19 01:00:00,SWM10C,4.0,40.78864852,0.0
2023-09-19 01:00:00,SWM11,5.2,53.025243076,0.006
2023-09-19 01:00:00,SWM12,5.1,52.005526863,0.0
2023-09-19 01:00:00,SWM13,5.2,53.025243076,0.001
2023-09-19 01:00:00,SWM14,5.5,56.084391715,0.0
2023-09-19 01:00:00,SWM15,5.0,50.985810650000005,0.003
2023-09-19 01:00:00,SWM2,5.2,53.025243076,0.0
2023-09-19 01:00:00,SWM3,5.3,54.044959289000005,0.0
2023-09-19 01:00:00,SWM4,5.2,53.025243076,0.003
2023-09-19 01:00:00,SWM6,5.1,52.005526863,0.0
2023-09-19 01:00:00,SWM7,5.3,54.044959289000005,0.005
2023-09-19 01:00:00,SWM8,5.1,52.005526863,0.0
2023-09-19 01:00:00,SWM9,5.0,50.985810650000005,0.0
2023-09-19 02:00:00,SWM10,4.1,41.808364733,0.0
2023-09-19 02:00:00,SWM10B,4.0,40.78864852,0.0
2023-09-19 02:00:00,SWM10C,4.0,40.78864852,0.0
2023-09-19 02:00:00,SWM11,5.2,53.025243076,0.018
2023-09-19 02:00:00,SWM12,5.0,50.985810650000005,0.0
2023-09-19 02:00:00,SWM13,5.2,53.025243076,0.0
2023-09-19 02:00:00,SWM14,5.5,56.084391715,0.0
2023-09-19 02:00:00,SWM15,5.0,50.985810650000005,0.0
2023-09-19 02:00:00,SWM2,5.2,53.025243076,0.0
2023-09-19 02:00:00,SWM3,5.3,54.044959289000005,0.0
2023-09-19 02:00:00,SWM4,5.2,53.025243076,0.0
2023-09-19 02:00:00,SWM6,5.1,52.005526863,0.005
2023-09-19 02:00:00,SWM7,5.3,54.044959289000005,0.007
2023-09-19 02:00:00,SWM8,5.1,52.005526863,0.0
2023-09-19 02:00:00,SWM9,4.8,48.946378224,0.0
2023-09-19 03:00:00,SWM10,4.2,42.82808094600001,0.0
2023-09-19 03:00:00,SWM10B,4.1,41.808364733,0.004
2023-09-19 03:00:00,SWM10C,4.1,41.808364733,0.0
2023-09-19 03:00:00,SWM11,5.2,53.025243076,0.004
2023-09-19 03:00:00,SWM12,5.0,50.985810650000005,0.0
2023-09-19 03:00:00,SWM13,5.1,52.005526863,0.0
2023-09-19 03:00:00,SWM14,5.5,56.084391715,0.003
2023-09-19 03:00:00,SWM15,5.0,50.985810650000005,0.0
2023-09-19 03:00:00,SWM2,5.2,53.025243076,0.0
2023-09-19 03:00:00,SWM3,5.2,53.025243076,0.0
2023-09-19 03:00:00,SWM4,5.2,53.025243076,0.0
2023-09-19 03:00:00,SWM6,5.1,52.005526863,0.0
2023-09-19 03:00:00,SWM7,5.3,54.044959289000005,0.011
2023-09-19 03:00:00,SWM8,5.1,52.005526863,0.008
2023-09-19 03:00:00,SWM9,4.6,46.906945798,0.0
2023-09-19 04:00:00,SWM10,4.2,42.82808094600001,0.0
2023-09-19 04:00:00,SWM10B,4.0,40.78864852,0.0
2023-09-19 04:00:00,SWM10C,4.1,41.808364733,0.0
2023-09-19 04:00:00,SWM11,5.2,53.025243076,0.006
2023-09-19 04:00:00,SWM12,5.0,50.985810650000005,0.0
2023-09-19 04:00:00,SWM13,5.15,52.515384969500005,0.0
2023-09-19 04:00:00,SWM14,5.5,56.084391715,0.0
2023-09-19 04:00:00,SWM15,5.0,50.985810650000005,0.0
2023-09-19 04:00:00,SWM2,5.2,53.025243076,0.007
2023-09-19 04:00:00,SWM3,5.2,53.025243076,0.0
2023-09-19 04:00:00,SWM4,5.2,53.025243076,0.0
2023-09-19 04:00:00,SWM6,5.1,52.005526863,0.0
2023-09-19 04:00:00,SWM7,5.3,54.044959289000005,0.096
2023-09-19 04:00:00,SWM8,5.1,52.005526863,0.0
2023-09-19 04:00:00,SWM9,4.85,49.4562363305,0.0
2023-09-19 05:00:00,SWM10,4.3,43.847797159,0.005
2023-09-19 05:00:00,SWM10B,4.2,42.82808094600001,0.001
2023-09-19 05:00:00,SWM10C,4.2,42.82808094600001,0.005
2023-09-19 05:00:00,SWM11,5.0,50.985810650000005,0.1
2023-09-19 05:00:00,SWM12,4.8,48.946378224,0.0
2023-09-19 05:00:00,SWM13,4.9,49.96609443700001,0.088
2023-09-19 05:00:00,SWM14,5.3,54.044959289000005,0.032
2023-09-19 05:00:00,SWM15,4.8,48.946378224,0.006
2023-09-19 05:00:00,SWM2,5.0,50.985810650000005,0.0
2023-09-19 05:00:00,SWM3,5.0,50.985810650000005,0.049
2023-09-19 05:00:00,SWM4,4.9,49.96609443700001,0.0
2023-09-19 05:00:00,SWM6,4.8,48.946378224,0.0
2023-09-19 05:00:00,SWM7,5.1,52.005526863,0.083
2023-09-19 05:00:00,SWM8,4.9,49.96609443700001,0.009
2023-09-19 05:00:00,SWM9,6.0,61.18297278,0.0
2023-09-19 06:00:00,SWM10,4.3,43.847797159,0.044
2023-09-19 06:00:00,SWM10B,4.2,42.82808094600001,0.019
2023-09-19 06:00:00,SWM10C,4.2,42.82808094600001,0.001
2023-09-19 06:00:00,SWM11,5.1,52.005526863,0.014
2023-09-19 06:00:00,SWM12,4.9,49.96609443700001,0.021
2023-09-19 06:00:00,SWM13,5.1,52.005526863,0.024
2023-09-19 06:00:00,SWM14,5.4,55.06467550200001,0.011
2023-09-19 06:00:00,SWM15,4.9,49.96609443700001,0.003
2023-09-19 06:00:00,SWM2,5.1,52.005526863,0.034
2023-09-19 06:00:00,SWM3,5.2,53.025243076,0.011
2023-09-19 06:00:00,SWM4,5.1,52.005526863,0.005
2023-09-19 06:00:00,SWM6,4.9,49.96609443700001,0.0
2023-09-19 06:00:00,SWM7,5.2,53.025243076,0.011
2023-09-19 06:00:00,SWM8,5.0,50.985810650000005,0.131
2023-09-19 06:00:00,SWM9,4.6,46.906945798,0.072
2023-09-19 07:00:00,SWM10,4.5,45.887229585,0.0
2023-09-19 07:00:00,SWM10B,4.3,43.847797159,0.0
2023-09-19 07:00:00,SWM10C,4.4,44.867513372000005,0.0
2023-09-19 07:00:00,SWM11,5.1,52.005526863,0.014
2023-09-19 07:00:00,SWM12,5.0,50.985810650000005,0.001
2023-09-19 07:00:00,SWM13,5.1,52.005526863,0.011
2023-09-19 07:00:00,SWM14,5.4,55.06467550200001,0.018
2023-09-19 07:00:00,SWM15,4.9,49.96609443700001,0.0
2023-09-19 07:00:00,SWM2,5.1,52.005526863,0.009
2023-09-19 07:00:00,SWM3,5.2,53.025243076,0.0
2023-09-19 07:00:00,SWM4,5.1,52.005526863,0.015
2023-09-19 07:00:00,SWM6,5.0,50.985810650000005,0.0
2023-09-19 07:00:00,SWM7,5.2,53.025243076,0.0
2023-09-19 07:00:00,SWM8,5.0,50.985810650000005,0.006
2023-09-19 07:00:00,SWM9,4.5,45.887229585,0.013
2023-09-19 08:00:00,SWM10,4.3,43.847797159,0.0
2023-09-19 08:00:00,SWM10B,4.1,41.808364733,0.0
2023-09-19 08:00:00,SWM10C,4.2,42.82808094600001,0.008
2023-09-19 08:00:00,SWM11,5.1,52.005526863,0.005
2023-09-19 08:00:00,SWM12,4.95,50.47595254350001,0.0
2023-09-19 08:00:00,SWM13,5.1,52.005526863,0.009
2023-09-19 08:00:00,SWM14,5.4,55.06467550200001,0.024
2023-09-19 08:00:00,SWM15,4.9,49.96609443700001,0.007
2023-09-19 08:00:00,SWM2,5.1,52.005526863,0.0
2023-09-19 08:00:00,SWM3,5.1,52.005526863,0.0
2023-09-19 08:00:00,SWM4,5.1,52.005526863,0.015
2023-09-19 08:00:00,SWM6,5.0,50.985810650000005,0.0
2023-09-19 08:00:00,SWM7,5.2,53.025243076,0.033
2023-09-19 08:00:00,SWM8,5.0,50.985810650000005,0.0
2023-09-19 08:00:00,SWM9,4.5,45.887229585,0.02
2023-09-19 09:00:00,SWM10,4.3,43.847797159,0.006
2023-09-19 09:00:00,SWM10B,4.1,41.808364733,0.0
2023-09-19 09:00:00,SWM10C,4.2,42.82808094600001,0.021
2023-09-19 09:00:00,SWM11,5.1,52.005526863,0.006
2023-09-19 09:00:00,SWM12,4.9,49.96609443700001,0.072
2023-09-19 09:00:00,SWM13,5.1,52.005526863,0.0
2023-09-19 09:00:00,SWM14,5.4,55.06467550200001,0.131
2023-09-19 09:00:00,SWM15,4.9,49.96609443700001,0.007
2023-09-19 09:00:00,SWM2,5.1,52.005526863,0.014
2023-09-19 09:00:00,SWM3,5.1,52.005526863,0.0
2023-09-19 09:00:00,SWM4,5.1,52.005526863,0.019
2023-09-19 09:00:00,SWM6,5.0,50.985810650000005,0.0
2023-09-19 09:00:00,SWM7,5.2,53.025243076,0.0
2023-09-19 09:00:00,SWM8,5.0,50.985810650000005,0.006
2023-09-19 09:00:00,SWM9,4.5,45.887229585,0.015
2023-09-19 10:00:00,SWM10,4.3,43.847797159,0.0
2023-09-19 10:00:00,SWM10B,4.2,42.82808094600001,0.017
2023-09-19 10:00:00,SWM10C,4.2,42.82808094600001,0.025
2023-09-19 10:00:00,SWM11,5.2,53.025243076,0.015
2023-09-19 10:00:00,SWM12,5.1,52.005526863,0.0
2023-09-19 10:00:00,SWM13,5.1,52.005526863,0.0
2023-09-19 10:00:00,SWM14,5.5,56.084391715,0.007
2023-09-19 10:00:00,SWM15,5.0,50.985810650000005,0.025
2023-09-19 10:00:00,SWM2,5.2,53.025243076,0.025
2023-09-19 10:00:00,SWM3,5.2,53.025243076,0.0
2023-09-19 10:00:00,SWM4,5.2,53.025243076,0.0
2023-09-19 10:00:00,SWM6,5.0,50.985810650000005,0.0
2023-09-19 10:00:00,SWM7,5.25,53.5351011825,0.044
2023-09-19 10:00:00,SWM8,5.1,52.005526863,0.067
2023-09-19 10:00:00,SWM9,4.6,46.906945798,0.011
2023-09-19 11:00:00,SWM10,4.2,42.82808094600001,0.001
2023-09-19 11:00:00,SWM10B,4.0,40.78864852,0.001
2023-09-19 11:00:00,SWM10C,4.1,41.808364733,0.042
2023-09-19 11:00:00,SWM11,5.0,50.985810650000005,0.011
2023-09-19 11:00:00,SWM12,4.9,49.96609443700001,0.075
2023-09-19 11:00:00,SWM13,4.9,49.96609443700001,0.0
2023-09-19 11:00:00,SWM14,5.3,54.044959289000005,0.013
2023-09-19 11:00:00,SWM15,4.8,48.946378224,0.0
2023-09-19 11:00:00,SWM2,5.0,50.985810650000005,0.023
2023-09-19 11:00:00,SWM3,5.0,50.985810650000005,0.0
2023-09-19 11:00:00,SWM4,5.0,50.985810650000005,0.004
2023-09-19 11:00:00,SWM6,4.8,48.946378224,0.0
2023-09-19 11:00:00,SWM7,5.1,52.005526863,0.201
2023-09-19 11:00:00,SWM8,4.9,49.96609443700001,0.012
2023-09-19 11:00:00,SWM9,4.5,45.887229585,0.041
2023-09-19 12:00:00,SWM10,4.3,43.847797159,0.0
2023-09-19 12:00:00,SWM10B,4.2,42.82808094600001,0.0
2023-09-19 12:00:00,SWM10C,4.2,42.82808094600001,0.0
2023-09-19 12:00:00,SWM11,4.9,49.96609443700001,0.008
2023-09-19 12:00:00,SWM12,4.8,48.946378224,0.02
2023-09-19 12:00:00,SWM13,4.8,48.946378224,0.001
2023-09-19 12:00:00,SWM14,5.2,53.025243076,0.015
2023-09-19 12:00:00,SWM15,4.7,47.926662011000005,0.004
2023-09-19 12:00:00,SWM2,4.9,49.96609443700001,0.059
2023-09-19 12:00:00,SWM3,4.9,49.96609443700001,0.0
2023-09-19 12:00:00,SWM4,4.9,49.96609443700001,0.009
2023-09-19 12:00:00,SWM6,4.8,48.946378224,0.02
2023-09-19 12:00:00,SWM7,5.0,50.985810650000005,0.0
2023-09-19 12:00:00,SWM8,4.8,48.946378224,0.023
2023-09-19 12:00:00,SWM9,4.5,45.887229585,0.009
2023-09-19 13:00:00,SWM10,4.2,42.82808094600001,0.0
2023-09-19 13:00:00,SWM10B,4.1,41.808364733,0.01
2023-09-19 13:00:00,SWM10C,4.1,41.808364733,0.002
2023-09-19 13:00:00,SWM11,5.1,52.005526863,0.031
2023-09-19 13:00:00,SWM12,5.1,52.005526863,0.0
2023-09-19 13:00:00,SWM13,5.0,50.985810650000005,0.01
2023-09-19 13:00:00,SWM14,5.4,55.06467550200001,0.006
2023-09-19 13:00:00,SWM15,4.9,49.96609443700001,0.0
2023-09-19 13:00:00,SWM2,5.1,52.005526863,0.027
2023-09-19 13:00:00,SWM3,5.1,52.005526863,0.001
2023-09-19 13:00:00,SWM4,5.1,52.005526863,0.006
2023-09-19 13:00:00,SWM6,5.0,50.985810650000005,0.043
2023-09-19 13:00:00,SWM7,5.2,53.025243076,0.05
2023-09-19 13:00:00,SWM8,5.0,50.985810650000005,0.004
2023-09-19 13:00:00,SWM9,4.5,45.887229585,0.014
2023-09-19 14:00:00,SWM10,4.4,44.867513372000005,0.0
2023-09-19 14:00:00,SWM10B,4.2,42.82808094600001,0.004
2023-09-19 14:00:00,SWM10C,4.3,43.847797159,0.012
2023-09-19 14:00:00,SWM11,5.1,52.005526863,0.063
2023-09-19 14:00:00,SWM12,4.9,49.96609443700001,0.008
2023-09-19 14:00:00,SWM13,5.0,50.985810650000005,0.0
2023-09-19 14:00:00,SWM14,5.4,55.06467550200001,0.042
2023-09-19 14:00:00,SWM15,4.9,49.96609443700001,0.001
2023-09-19 14:00:00,SWM2,5.1,52.005526863,0.016
2023-09-19 14:00:00,SWM3,5.1,52.005526863,0.009
2023-09-19 14:00:00,SWM4,5.1,52.005526863,0.009
2023-09-19 14:00:00,SWM6,5.0,50.985810650000005,0.023
2023-09-19 14:00:00,SWM7,5.2,53.025243076,0.104
2023-09-19 14:00:00,SWM8,5.0,50.985810650000005,0.038
2023-09-19 14:00:00,SWM9,4.5,45.887229585,0.009
2023-09-19 15:00:00,SWM10,4.4,44.867513372000005,0.031
2023-09-19 15:00:00,SWM10B,4.2,42.82808094600001,0.0
2023-09-19 15:00:00,SWM10C,4.2,42.82808094600001,0.0
2023-09-19 15:00:00,SWM11,5.1,52.005526863,0.008
2023-09-19 15:00:00,SWM12,4.95,50.47595254350001,0.0
2023-09-19 15:00:00,SWM13,5.0,50.985810650000005,0.003
2023-09-19 15:00:00,SWM14,5.4,55.06467550200001,0.032
2023-09-19 15:00:00,SWM15,4.9,49.96609443700001,0.011
2023-09-19 15:00:00,SWM2,5.1,52.005526863,0.13
2023-09-19 15:00:00,SWM3,5.2,53.025243076,0.004
2023-09-19 15:00:00,SWM4,5.1,52.005526863,0.0
2023-09-19 15:00:00,SWM6,5.0,50.985810650000005,0.032
2023-09-19 15:00:00,SWM7,5.2,53.025243076,0.09
2023-09-19 15:00:00,SWM8,5.0,50.985810650000005,0.026
2023-09-19 15:00:00,SWM9,6.2,63.222405206000005,0.0
2023-09-19 16:00:00,SWM10,4.5,45.887229585,0.036
2023-09-19 16:00:00,SWM10B,4.4,44.867513372000005,0.004
2023-09-19 16:00:00,SWM10C,4.4,44.867513372000005,0.0
2023-09-19 16:00:00,SWM11,5.2,53.025243076,0.005
2023-09-19 16:00:00,SWM12,5.0,50.985810650000005,0.0
2023-09-19 16:00:00,SWM13,5.2,53.025243076,0.064
2023-09-19 16:00:00,SWM14,5.5,56.084391715,0.003
2023-09-19 16:00:00,SWM15,5.0,50.985810650000005,0.014
2023-09-19 16:00:00,SWM2,5.25,53.5351011825,0.037
2023-09-19 16:00:00,SWM3,5.3,54.044959289000005,0.01
2023-09-19 16:00:00,SWM4,5.2,53.025243076,0.006
2023-09-19 16:00:00,SWM6,5.1,52.005526863,0.048
2023-09-19 16:00:00,SWM7,5.3,54.044959289000005,0.102
2023-09-19 16:00:00,SWM8,5.1,52.005526863,0.034
2023-09-19 16:00:00,SWM9,5.7,58.12382414100001,0.0
2023-09-19 17:00:00,SWM10,4.3,43.847797159,0.0
2023-09-19 17:00:00,SWM10B,4.2,42.82808094600001,0.037
2023-09-19 17:00:00,SWM10C,4.2,42.82808094600001,0.0
2023-09-19 17:00:00,SWM11,5.2,53.025243076,0.005
2023-09-19 17:00:00,SWM12,5.0,50.985810650000005,0.0
2023-09-19 17:00:00,SWM13,5.2,53.025243076,0.005
2023-09-19 17:00:00,SWM14,5.55,56.5942498215,0.031
2023-09-19 17:00:00,SWM15,5.0,50.985810650000005,0.008
2023-09-19 17:00:00,SWM2,5.3,54.044959289000005,0.023
2023-09-19 17:00:00,SWM3,5.3,54.044959289000005,0.0
2023-09-19 17:00:00,SWM4,5.2,53.025243076,0.006
2023-09-19 17:00:00,SWM6,5.1,52.005526863,0.0
2023-09-19 17:00:00,SWM7,5.4,55.06467550200001,0.228
2023-09-19 17:00:00,SWM8,5.1,52.005526863,0.029
2023-09-19 17:00:00,SWM9,5.4,55.06467550200001,0.0
2023-09-19 18:00:00,SWM10,4.4,44.867513372000005,0.025
2023-09-19 18:00:00,SWM10B,4.3,43.847797159,0.025
2023-09-19 18:00:00,SWM10C,4.3,43.847797159,0.023
2023-09-19 18:00:00,SWM11,5.3,54.044959289000005,0.016
2023-09-19 18:00:00,SWM12,5.1,52.005526863,0.0
2023-09-19 18:00:00,SWM13,5.25,53.5351011825,0.0
2023-09-19 18:00:00,SWM14,5.6,57.104107928,0.036
2023-09-19 18:00:00,SWM15,5.1,52.005526863,0.091
2023-09-19 18:00:00,SWM2,5.4,55.06467550200001,0.05
2023-09-19 18:00:00,SWM3,5.4,55.06467550200001,0.01
2023-09-19 18:00:00,SWM4,5.3,54.044959289000005,0.0
2023-09-19 18:00:00,SWM6,5.2,53.025243076,0.241
2023-09-19 18:00:00,SWM7,5.4,55.06467550200001,0.17
2023-09-19 18:00:00,SWM8,5.2,53.025243076,0.093
2023-09-19 18:00:00,SWM9,5.1,52.005526863,0.0
2023-09-19 19:00:00,SWM10,4.4,44.867513372000005,0.006
2023-09-19 19:00:00,SWM10B,4.3,43.847797159,0.078
2023-09-19 19:00:00,SWM10C,4.4,44.867513372000005,0.019
2023-09-19 19:00:00,SWM11,5.3,54.044959289000005,0.01
2023-09-19 19:00:00,SWM12,5.1,52.005526863,0.009
2023-09-19 19:00:00,SWM13,5.2,53.025243076,0.002
2023-09-19 19:00:00,SWM14,5.6,57.104107928,0.019
2023-09-19 19:00:00,SWM15,5.1,52.005526863,0.0
2023-09-19 19:00:00,SWM2,5.3,54.044959289000005,0.042
2023-09-19 19:00:00,SWM3,5.3,54.044959289000005,0.0
2023-09-19 19:00:00,SWM4,5.3,54.044959289000005,0.006
2023-09-19 19:00:00,SWM6,5.1,52.005526863,0.017
2023-09-19 19:00:00,SWM7,5.4,55.06467550200001,0.013
2023-09-19 19:00:00,SWM8,5.2,53.025243076,0.096
2023-09-19 19:00:00,SWM9,4.8,48.946378224,0.0
2023-09-19 20:00:00,SWM10,4.4,44.867513372000005,0.0
2023-09-19 20:00:00,SWM10B,4.3,43.847797159,0.007
2023-09-19 20:00:00,SWM10C,4.3,43.847797159,0.0
2023-09-19 20:00:00,SWM11,5.1,52.005526863,0.009
2023-09-19 20:00:00,SWM12,4.9,49.96609443700001,0.0
2023-09-19 20:00:00,SWM13,5.0,50.985810650000005,0.028
2023-09-19 20:00:00,SWM14,5.4,55.06467550200001,0.009
2023-09-19 20:00:00,SWM15,4.85,49.4562363305,0.004
2023-09-19 20:00:00,SWM2,5.1,52.005526863,0.011
2023-09-19 20:00:00,SWM3,5.1,52.005526863,0.001
2023-09-19 20:00:00,SWM4,5.0,50.985810650000005,0.004
2023-09-19 20:00:00,SWM6,4.9,49.96609443700001,0.045
2023-09-19 20:00:00,SWM7,5.2,53.025243076,0.014
2023-09-19 20:00:00,SWM8,5.0,50.985810650000005,0.096
2023-09-19 20:00:00,SWM9,4.6,46.906945798,0.0
2023-09-19 21:00:00,SWM10,4.5,45.887229585,0.038
2023-09-19 21:00:00,SWM10B,4.3,43.847797159,0.0
2023-09-19 21:00:00,SWM10C,4.4,44.867513372000005,0.006
2023-09-19 21:00:00,SWM11,5.1,52.005526863,0.007
2023-09-19 21:00:00,SWM12,5.0,50.985810650000005,0.0
2023-09-19 21:00:00,SWM13,5.1,52.005526863,0.01
2023-09-19 21:00:00,SWM14,5.5,56.084391715,0.019
2023-09-19 21:00:00,SWM15,4.9,49.96609443700001,0.014
2023-09-19 21:00:00,SWM2,5.15,52.515384969500005,0.002
2023-09-19 21:00:00,SWM3,5.2,53.025243076,0.0
2023-09-19 21:00:00,SWM4,5.1,52.005526863,0.004
2023-09-19 21:00:00,SWM6,5.0,50.985810650000005,0.0
2023-09-19 21:00:00,SWM7,5.2,53.025243076,0.014
2023-09-19 21:00:00,SWM8,5.0,50.985810650000005,0.048
2023-09-19 21:00:00,SWM9,4.65,47.41680390450001,0.0
2023-09-19 22:00:00,SWM10,4.3,43.847797159,0.012
2023-09-19 22:00:00,SWM10B,4.2,42.82808094600001,0.008
2023-09-19 22:00:00,SWM10C,4.2,42.82808094600001,0.0
2023-09-19 22:00:00,SWM11,5.3,54.044959289000005,0.009
2023-09-19 22:00:00,SWM12,5.1,52.005526863,0.0
2023-09-19 22:00:00,SWM13,5.3,54.044959289000005,0.008
2023-09-19 22:00:00,SWM14,5.6,57.104107928,0.026
2023-09-19 22:00:00,SWM15,5.1,52.005526863,0.0
2023-09-19 22:00:00,SWM2,5.3,54.044959289000005,0.0
2023-09-19 22:00:00,SWM3,5.4,55.06467550200001,0.03
2023-09-19 22:00:00,SWM4,5.3,54.044959289000005,0.004
2023-09-19 22:00:00,SWM6,5.2,53.025243076,0.007
2023-09-19 22:00:00,SWM7,5.4,55.06467550200001,0.012
2023-09-19 22:00:00,SWM8,5.2,53.025243076,0.002
2023-09-19 22:00:00,SWM9,6.1,62.202688993,0.0
2023-09-19 23:00:00,SWM10,4.2,42.82808094600001,0.0
2023-09-19 23:00:00,SWM10B,4.1,41.808364733,0.003
2023-09-19 23:00:00,SWM10C,4.1,41.808364733,0.004
2023-09-19 23:00:00,SWM11,5.3,54.044959289000005,0.016
2023-09-19 23:00:00,SWM12,5.1,52.005526863,0.0
2023-09-19 23:00:00,SWM13,5.3,54.044959289000005,0.003
2023-09-19 23:00:00,SWM14,5.6,57.104107928,0.005
2023-09-19 23:00:00,SWM15,5.1,52.005526863,0.005
2023-09-19 23:00:00,SWM2,5.3,54.044959289000005,0.0
2023-09-19 23:00:00,SWM3,5.4,55.06467550200001,0.0
2023-09-19 23:00:00,SWM4,5.3,54.044959289000005,0.0
2023-09-19 23:00:00,SWM6,5.2,53.025243076,0.036
2023-09-19 23:00:00,SWM7,5.4,55.06467550200001,0.002
2023-09-19 23:00:00,SWM8,5.2,53.025243076,0.0
2023-09-19 23:00:00,SWM9,5.75,58.633682247500005,0.0
2023-09-20 00:00:00,SWM10,4.4,44.867513372000005,0.0
2023-09-20 00:00:00,SWM10B,4.2,42.82808094600001,0.0
2023-09-20 00:00:00,SWM10C,4.3,43.847797159,0.0
2023-09-20 00:00:00,SWM11,5.3,54.044959289000005,0.008
2023-09-20 00:00:00,SWM12,5.1,52.005526863,0.0
2023-09-20 00:00:00,SWM13,5.2,53.025243076,0.0
2023-09-20 00:00:00,SWM14,5.6,57.104107928,0.0
2023-09-20 00:00:00,SWM15,5.1,52.005526863,0.0
2023-09-20 00:00:00,SWM2,5.3,54.044959289000005,0.0
2023-09-20 00:00:00,SWM3,5.3,54.044959289000005,0.0
2023-09-20 00:00:00,SWM4,5.3,54.044959289000005,0.0
2023-09-20 00:00:00,SWM6,5.2,53.025243076,0.008
2023-09-20 00:00:00,SWM7,5.4,55.06467550200001,0.006
2023-09-20 00:00:00,SWM8,5.2,53.025243076,0.007
2023-09-20 00:00:00,SWM9,5.5,56.084391715,0.0
2023-09-20 01:00:00,SWM10,4.3,43.847797159,0.0
2023-09-20 01:00:00,SWM10B,4.2,42.82808094600001,0.004
2023-09-20 01:00:00,SWM10C,4.2,42.82808094600001,0.0
2023-09-20 01:00:00,SWM11,5.3,54.044959289000005,0.0
2023-09-20 01:00:00,SWM12,5.1,52.005526863,0.0
2023-09-20 01:00:00,SWM13,5.3,54.044959289000005,0.001
2023-09-20 01:00:00,SWM14,5.6,57.104107928,0.0
2023-09-20 01:00:00,SWM15,5.1,52.005526863,0.0
2023-09-20 01:00:00,SWM2,5.3,54.044959289000005,0.0
2023-09-20 01:00:00,SWM3,5.4,55.06467550200001,0.0
2023-09-20 01:00:00,SWM4,5.3,54.044959289000005,0.004
2023-09-20 01:00:00,SWM6,5.2,53.025243076,0.05
2023-09-20 01:00:00,SWM7,5.4,55.06467550200001,0.021
2023-09-20 01:00:00,SWM8,5.2,53.025243076,0.0
2023-09-20 01:00:00,SWM9,5.2,53.025243076,0.0
2023-09-20 02:00:00,SWM10,4.3,43.847797159,0.0
2023-09-20 02:00:00,SWM10B,4.2,42.82808094600001,0.0
2023-09-20 02:00:00,SWM10C,4.2,42.82808094600001,0.0
2023-09-20 02:00:00,SWM11,5.3,54.044959289000005,0.0
2023-09-20 02:00:00,SWM12,5.1,52.005526863,0.009
2023-09-20 02:00:00,SWM13,5.2,53.025243076,0.0
2023-09-20 02:00:00,SWM14,5.5,56.084391715,0.0
2023-09-20 02:00:00,SWM15,5.0,50.985810650000005,0.0
2023-09-20 02:00:00,SWM2,5.3,54.044959289000005,0.0
2023-09-20 02:00:00,SWM3,5.3,54.044959289000005,0.0
2023-09-20 02:00:00,SWM4,5.3,54.044959289000005,0.0
2023-09-20 02:00:00,SWM6,5.2,53.025243076,0.0
2023-09-20 02:00:00,SWM7,5.4,55.06467550200001,0.02
2023-09-20 02:00:00,SWM8,5.1,52.005526863,0.0
2023-09-20 02:00:00,SWM9,5.0,50.985810650000005,0.0
2023-09-20 03:00:00,SWM10,4.2,42.82808094600001,0.0
2023-09-20 03:00:00,SWM10B,4.0,40.78864852,0.005
2023-09-20 03:00:00,SWM10C,4.1,41.808364733,0.0
2023-09-20 03:00:00,SWM11,5.2,53.025243076,0.016
2023-09-20 03:00:00,SWM12,5.1,52.005526863,0.006
2023-09-20 03:00:00,SWM13,5.2,53.025243076,0.0
2023-09-20 03:00:00,SWM14,5.5,56.084391715,0.0
2023-09-20 03:00:00,SWM15,5.0,50.985810650000005,0.0
2023-09-20 03:00:00,SWM2,5.2,53.025243076,0.0
2023-09-20 03:00:00,SWM3,5.3,54.044959289000005,0.0
2023-09-20 03:00:00,SWM4,5.2,53.025243076,0.0
2023-09-20 03:00:00,SWM6,5.1,52.005526863,0.0
2023-09-20 03:00:00,SWM7,5.4,55.06467550200001,0.102
2023-09-20 03:00:00,SWM8,5.1,52.005526863,0.0
2023-09-20 03:00:00,SWM9,4.7,47.926662011000005,0.0
2023-09-20 04:00:00,SWM10,4.5,45.887229585,0.085
2023-09-20 04:00:00,SWM10B,4.3,43.847797159,0.003
2023-09-20 04:00:00,SWM10C,4.3,43.847797159,0.0
2023-09-20 04:00:00,SWM11,5.3,54.044959289000005,0.0
2023-09-20 04:00:00,SWM12,5.1,52.005526863,0.0
2023-09-20 04:00:00,SWM13,5.2,53.025243076,0.0
2023-09-20 04:00:00,SWM14,5.6,57.104107928,0.007
2023-09-20 04:00:00,SWM15,5.05,51.4956687565,0.0
2023-09-20 04:00:00,SWM2,5.3,54.044959289000005,0.0
2023-09-20 04:00:00,SWM3,5.3,54.044959289000005,0.0
2023-09-20 04:00:00,SWM4,5.3,54.044959289000005,0.005
2023-09-20 04:00:00,SWM6,5.15,52.515384969500005,0.0
2023-09-20 04:00:00,SWM7,5.3,54.044959289000005,0.153
2023-09-20 04:00:00,SWM8,5.1,52.005526863,0.0
2023-09-20 04:00:00,SWM9,4.6,46.906945798,0.0
2023-09-20 05:00:00,SWM10,4.4,44.867513372000005,0.01
2023-09-20 05:00:00,SWM10B,4.3,43.847797159,0.001
2023-09-20 05:00:00,SWM10C,4.3,43.847797159,0.001
2023-09-20 05:00:00,SWM11,5.0,50.985810650000005,0.006
2023-09-20 05:00:00,SWM12,4.8,48.946378224,0.0
2023-09-20 05:00:00,SWM13,5.0,50.985810650000005,0.099
2023-09-20 05:00:00,SWM14,5.3,54.044959289000005,0.047
2023-09-20 05:00:00,SWM15,4.8,48.946378224,0.017
2023-09-20 05:00:00,SWM2,5.0,50.985810650000005,0.013
2023-09-20 05:00:00,SWM3,5.1,52.005526863,0.017
2023-09-20 05:00:00,SWM4,5.0,50.985810650000005,0.0
2023-09-20 05:00:00,SWM6,4.9,49.96609443700001,0.0
2023-09-20 05:00:00,SWM7,5.1,52.005526863,0.064
2023-09-20 05:00:00,SWM8,4.9,49.96609443700001,0.031
2023-09-20 05:00:00,SWM9,6.1,62.202688993,0.026
2023-09-20 06:00:00,SWM10,4.4,44.867513372000005,0.022
2023-09-20 06:00:00,SWM10B,4.25,43.337939052500005,0.031
2023-09-20 06:00:00,SWM10C,4.2,42.82808094600001,0.001
2023-09-20 06:00:00,SWM11,5.1,52.005526863,0.028
2023-09-20 06:00:00,SWM12,4.9,49.96609443700001,0.0
2023-09-20 06:00:00,SWM13,5.1,52.005526863,0.041
2023-09-20 06:00:00,SWM14,5.4,55.06467550200001,0.026
2023-09-20 06:00:00,SWM15,4.9,49.96609443700001,0.0
2023-09-20 06:00:00,SWM2,5.1,52.005526863,0.016
2023-09-20 06:00:00,SWM3,5.1,52.005526863,0.056
2023-09-20 06:00:00,SWM4,5.0,50.985810650000005,0.0
2023-09-20 06:00:00,SWM6,4.9,49.96609443700001,0.008
2023-09-20 06:00:00,SWM7,5.1,52.005526863,0.0
2023-09-20 06:00:00,SWM8,5.0,50.985810650000005,0.087
2023-09-20 06:00:00,SWM9,4.5,45.887229585,0.002
2023-09-20 07:00:00,SWM10,4.3,43.847797159,0.01
2023-09-20 07:00:00,SWM10B,4.1,41.808364733,0.0
2023-09-20 07:00:00,SWM10C,4.2,42.82808094600001,0.009
2023-09-20 07:00:00,SWM11,5.1,52.005526863,0.003
2023-09-20 07:00:00,SWM12,4.9,49.96609443700001,0.0
2023-09-20 07:00:00,SWM13,5.1,52.005526863,0.024
2023-09-20 07:00:00,SWM14,5.4,55.06467550200001,0.022
2023-09-20 07:00:00,SWM15,4.9,49.96609443700001,0.002
2023-09-20 07:00:00,SWM2,5.1,52.005526863,0.002
2023-09-20 07:00:00,SWM3,5.2,53.025243076,0.0
2023-09-20 07:00:00,SWM4,5.1,52.005526863,0.011
2023-09-20 07:00:00,SWM6,5.0,50.985810650000005,0.0
2023-09-20 07:00:00,SWM7,5.2,53.025243076,0.0
2023-09-20 07:00:00,SWM8,5.0,50.985810650000005,0.063
2023-09-20 07:00:00,SWM9,4.5,45.887229585,0.02
2023-09-20 08:00:00,SWM10,4.4,44.867513372000005,0.005
2023-09-20 08:00:00,SWM10B,4.2,42.82808094600001,0.007
2023-09-20 08:00:00,SWM10C,4.2,42.82808094600001,0.007
2023-09-20 08:00:00,SWM11,5.1,52.005526863,0.001
2023-09-20 08:00:00,SWM12,4.9,49.96609443700001,0.0
2023-09-20 08:00:00,SWM13,5.1,52.005526863,0.004
2023-09-20 08:00:00,SWM14,5.4,55.06467550200001,0.018
2023-09-20 08:00:00,SWM15,4.9,49.96609443700001,0.006
2023-09-20 08:00:00,SWM2,5.1,52.005526863,0.037
2023-09-20 08:00:00,SWM3,5.1,52.005526863,0.0
2023-09-20 08:00:00,SWM4,5.1,52.005526863,0.059
2023-09-20 08:00:00,SWM6,4.9,49.96609443700001,0.0
2023-09-20 08:00:00,SWM7,5.1,52.005526863,0.0
2023-09-20 08:00:00,SWM8,5.0,50.985810650000005,0.02
2023-09-20 08:00:00,SWM9,4.5,45.887229585,0.014
2023-09-20 09:00:00,SWM10,4.3,43.847797159,0.055
2023-09-20 09:00:00,SWM10B,4.1,41.808364733,0.001
2023-09-20 09:00:00,SWM10C,4.2,42.82808094600001,0.016
2023-09-20 09:00:00,SWM11,5.1,52.005526863,0.021
2023-09-20 09:00:00,SWM12,4.9,49.96609443700001,0.0
2023-09-20 09:00:00,SWM13,5.1,52.005526863,0.011
2023-09-20 09:00:00,SWM14,5.4,55.06467550200001,0.082
2023-09-20 09:00:00,SWM15,4.9,49.96609443700001,0.001
2023-09-20 09:00:00,SWM2,5.1,52.005526863,0.0
2023-09-20 09:00:00,SWM3,5.1,52.005526863,0.0
2023-09-20 09:00:00,SWM4,5.1,52.005526863,0.0
2023-09-20 09:00:00,SWM6,5.0,50.985810650000005,0.0
2023-09-20 09:00:00,SWM7,5.2,53.025243076,0.0
2023-09-20 09:00:00,SWM8,5.0,50.985810650000005,0.024
2023-09-20 09:00:00,SWM9,4.5,45.887229585,0.023
2023-09-20 10:00:00,SWM10,4.35,44.3576552655,0.0
2023-09-20 10:00:00,SWM10B,4.2,42.82808094600001,0.0
2023-09-20 10:00:00,SWM10C,4.3,43.847797159,0.014
2023-09-20 10:00:00,SWM11,5.2,53.025243076,0.013
2023-09-20 10:00:00,SWM12,5.0,50.985810650000005,0.028
2023-09-20 10:00:00,SWM13,5.1,52.005526863,0.0
2023-09-20 10:00:00,SWM14,5.5,56.084391715,0.012
2023-09-20 10:00:00,SWM15,5.0,50.985810650000005,0.006
2023-09-20 10:00:00,SWM2,5.2,53.025243076,0.0
2023-09-20 10:00:00,SWM3,5.2,53.025243076,0.0
2023-09-20 10:00:00,SWM4,5.2,53.025243076,0.025
2023-09-20 10:00:00,SWM6,5.1,52.005526863,0.031
2023-09-20 10:00:00,SWM7,5.3,54.044959289000005,0.0
2023-09-20 10:00:00,SWM8,5.1,52.005526863,0.019
2023-09-20 10:00:00,SWM9,4.95,50.47595254350001,0.016
2023-09-20 11:00:00,SWM10,4.3,43.847797159,0.0
2023-09-20 11:00:00,SWM10B,4.2,42.82808094600001,0.03
2023-09-20 11:00:00,SWM10C,4.2,42.82808094600001,0.009
2023-09-20 11:00:00,SWM11,5.1,52.005526863,0.001
2023-09-20 11:00:00,SWM12,5.0,50.985810650000005,0.014
2023-09-20 11:00:00,SWM13,5.1,52.005526863,0.163
2023-09-20 11:00:00,SWM14,5.4,55.06467550200001,0.008
2023-09-20 11:00:00,SWM15,4.9,49.96609443700001,0.0
2023-09-20 11:00:00,SWM2,5.1,52.005526863,0.0
2023-09-20 11:00:00,SWM3,5.1,52.005526863,0.0
2023-09-20 11:00:00,SWM4,5.1,52.005526863,0.0
2023-09-20 11:00:00,SWM6,5.0,50.985810650000005,0.023
2023-09-20 11:00:00,SWM7,5.2,53.025243076,0.016
2023-09-20 11:00:00,SWM8,5.0,50.985810650000005,0.007
2023-09-20 11:00:00,SWM9,4.5,45.887229585,0.047
2023-09-20 12:00:00,SWM10,4.35,44.3576552655,0.006
2023-09-20 12:00:00,SWM10B,4.2,42.82808094600001,0.007
2023-09-20 12:00:00,SWM10C,4.3,43.847797159,0.02
2023-09-20 12:00:00,SWM11,5.0,50.985810650000005,0.024
2023-09-20 12:00:00,SWM12,4.9,49.96609443700001,0.0
2023-09-20 12:00:00,SWM13,5.0,50.985810650000005,0.016
2023-09-20 12:00:00,SWM14,5.3,54.044959289000005,0.0
2023-09-20 12:00:00,SWM15,4.8,48.946378224,0.0
2023-09-20 12:00:00,SWM2,5.0,50.985810650000005,0.0
2023-09-20 12:00:00,SWM3,5.1,52.005526863,0.0
2023-09-20 12:00:00,SWM4,5.1,52.005526863,0.013
2023-09-20 12:00:00,SWM6,4.9,49.96609443700001,0.009
2023-09-20 12:00:00,SWM7,5.1,52.005526863,0.0
2023-09-20 12:00:00,SWM8,4.9,49.96609443700001,0.001
2023-09-20 12:00:00,SWM9,4.5,45.887229585,0.013
2023-09-20 13:00:00,SWM10,4.6,46.906945798,0.005
2023-09-20 13:00:00,SWM10B,4.5,45.887229585,0.002
2023-09-20 13:00:00,SWM10C,4.5,45.887229585,0.0
2023-09-20 13:00:00,SWM11,5.2,53.025243076,0.031
2023-09-20 13:00:00,SWM12,5.0,50.985810650000005,0.0
2023-09-20 13:00:00,SWM13,5.2,53.025243076,0.031
2023-09-20 13:00:00,SWM14,5.5,56.084391715,0.036
2023-09-20 13:00:00,SWM15,5.0,50.985810650000005,0.004
2023-09-20 13:00:00,SWM2,5.2,53.025243076,0.021
2023-09-20 13:00:00,SWM3,5.2,53.025243076,0.0
2023-09-20 13:00:00,SWM4,5.2,53.025243076,0.016
2023-09-20 13:00:00,SWM6,5.1,52.005526863,0.065
2023-09-20 13:00:00,SWM7,5.3,54.044959289000005,0.031
2023-09-20 13:00:00,SWM8,5.1,52.005526863,0.014
2023-09-20 13:00:00,SWM9,4.6,46.906945798,0.021
2023-09-20 14:00:00,SWM10,4.3,43.847797159,0.003
2023-09-20 14:00:00,SWM10B,4.2,42.82808094600001,0.007
2023-09-20 14:00:00,SWM10C,4.2,42.82808094600001,0.0
2023-09-20 14:00:00,SWM11,5.2,53.025243076,0.0
2023-09-20 14:00:00,SWM12,5.0,50.985810650000005,0.0
2023-09-20 14:00:00,SWM13,5.2,53.025243076,0.024
2023-09-20 14:00:00,SWM14,5.5,56.084391715,0.056
2023-09-20 14:00:00,SWM15,5.0,50.985810650000005,0.005
2023-09-20 14:00:00,SWM2,5.2,53.025243076,0.017
2023-09-20 14:00:00,SWM3,5.2,53.025243076,0.001
2023-09-20 14:00:00,SWM4,5.2,53.025243076,0.009
2023-09-20 14:00:00,SWM6,5.1,52.005526863,0.004
2023-09-20 14:00:00,SWM7,5.3,54.044959289000005,0.038
2023-09-20 14:00:00,SWM8,5.1,52.005526863,0.01
2023-09-20 14:00:00,SWM9,4.5,45.887229585,0.008
2023-09-20 15:00:00,SWM10,4.15,42.31822283950001,0.026
2023-09-20 15:00:00,SWM10B,4.15,42.31822283950001,0.097
2023-09-20 15:00:00,SWM10C,4.15,42.31822283950001,0.019
2023-09-20 15:00:00,SWM11,5.2,53.025243076,0.0
2023-09-20 15:00:00,SWM12,5.0,50.985810650000005,0.009
2023-09-20 15:00:00,SWM13,5.2,53.025243076,0.009
2023-09-20 15:00:00,SWM14,5.4,55.06467550200001,0.201
2023-09-20 15:00:00,SWM15,5.0,50.985810650000005,0.013
2023-09-20 15:00:00,SWM2,5.3,54.044959289000005,0.017
2023-09-20 15:00:00,SWM3,5.3,54.044959289000005,0.01
2023-09-20 15:00:00,SWM4,5.2,53.025243076,0.004
2023-09-20 15:00:00,SWM6,5.1,52.005526863,0.007
2023-09-20 15:00:00,SWM7,5.3,54.044959289000005,0.021
2023-09-20 15:00:00,SWM8,5.1,52.005526863,0.004
2023-09-20 15:00:00,SWM9,4.5,45.887229585,0.008
2023-09-20 16:00:00,SWM10,4.4,44.867513372000005,0.134
2023-09-20 16:00:00,SWM10B,4.25,43.337939052500005,0.008
2023-09-20 16:00:00,SWM10C,4.3,43.847797159,0.034
2023-09-20 16:00:00,SWM11,5.1,52.005526863,0.008
2023-09-20 16:00:00,SWM12,5.0,50.985810650000005,0.0
2023-09-20 16:00:00,SWM13,5.1,52.005526863,0.008
2023-09-20 16:00:00,SWM14,5.5,56.084391715,0.085
2023-09-20 16:00:00,SWM15,4.9,49.96609443700001,0.001
2023-09-20 16:00:00,SWM2,5.2,53.025243076,0.097
2023-09-20 16:00:00,SWM3,5.2,53.025243076,0.01
2023-09-20 16:00:00,SWM4,5.1,52.005526863,0.009
2023-09-20 16:00:00,SWM6,5.0,50.985810650000005,0.005
2023-09-20 16:00:00,SWM7,5.3,54.044959289000005,0.142
2023-09-20 16:00:00,SWM8,5.1,52.005526863,0.046
2023-09-20 16:00:00,SWM9,4.5,45.887229585,0.002
2023-09-20 17:00:00,SWM10,4.4,44.867513372000005,0.011
2023-09-20 17:00:00,SWM10B,4.3,43.847797159,0.015
2023-09-20 17:00:00,SWM10C,4.3,43.847797159,0.009
2023-09-20 17:00:00,SWM11,5.2,53.025243076,0.005
2023-09-20 17:00:00,SWM12,5.0,50.985810650000005,0.0
2023-09-20 17:00:00,SWM13,5.2,53.025243076,0.0
2023-09-20 17:00:00,SWM14,5.5,56.084391715,0.068
2023-09-20 17:00:00,SWM15,5.0,50.985810650000005,0.001
2023-09-20 17:00:00,SWM2,5.2,53.025243076,0.091
2023-09-20 17:00:00,SWM3,5.3,54.044959289000005,0.002
2023-09-20 17:00:00,SWM4,5.2,53.025243076,0.0
2023-09-20 17:00:00,SWM6,5.1,52.005526863,0.014
2023-09-20 17:00:00,SWM7,5.3,54.044959289000005,0.109
2023-09-20 17:00:00,SWM8,5.1,52.005526863,0.071
2023-09-20 17:00:00,SWM9,4.5,45.887229585,0.0
2023-09-20 18:00:00,SWM10,4.4,44.867513372000005,0.006
2023-09-20 18:00:00,SWM10B,4.3,43.847797159,0.025
2023-09-20 18:00:00,SWM10C,4.4,44.867513372000005,0.033
2023-09-20 18:00:00,SWM11,5.2,53.025243076,0.009
2023-09-20 18:00:00,SWM12,5.0,50.985810650000005,0.0
2023-09-20 18:00:00,SWM13,5.2,53.025243076,0.029
2023-09-20 18:00:00,SWM14,5.5,56.084391715,0.053
2023-09-20 18:00:00,SWM15,5.0,50.985810650000005,0.003
2023-09-20 18:00:00,SWM2,5.2,53.025243076,0.001
2023-09-20 18:00:00,SWM3,5.3,54.044959289000005,0.007
2023-09-20 18:00:00,SWM4,5.2,53.025243076,0.005
2023-09-20 18:00:00,SWM6,5.1,52.005526863,0.005
2023-09-20 18:00:00,SWM7,5.3,54.044959289000005,0.043
2023-09-20 18:00:00,SWM8,5.1,52.005526863,
2023-09-20 18:00:00,SWM9,4.4,44.867513372000005,0.0
2023-09-20 19:00:00,SWM10,4.4,44.867513372000005,0.007
2023-09-20 19:00:00,SWM10B,4.3,43.847797159,0.114
2023-09-20 19:00:00,SWM10C,4.3,43.847797159,0.005
2023-09-20 19:00:00,SWM11,5.2,53.025243076,0.019
2023-09-20 19:00:00,SWM12,5.0,50.985810650000005,0.0
2023-09-20 19:00:00,SWM13,5.2,53.025243076,0.047
2023-09-20 19:00:00,SWM14,5.5,56.084391715,0.03
2023-09-20 19:00:00,SWM15,5.0,50.985810650000005,0.004
2023-09-20 19:00:00,SWM2,5.3,54.044959289000005,0.069
2023-09-20 19:00:00,SWM3,5.3,54.044959289000005,0.002
2023-09-20 19:00:00,SWM4,5.2,53.025243076,0.006
2023-09-20 19:00:00,SWM6,5.1,52.005526863,0.007
2023-09-20 19:00:00,SWM7,5.3,54.044959289000005,0.095
2023-09-20 19:00:00,SWM8,5.1,52.005526863,
2023-09-20 19:00:00,SWM9,5.45,55.574533608500005,0.0
2023-09-20 20:00:00,SWM10,4.5,45.887229585,0.001
2023-09-20 20:00:00,SWM10B,4.3,43.847797159,0.003
2023-09-20 20:00:00,SWM10C,4.4,44.867513372000005,0.014
2023-09-20 20:00:00,SWM11,5.0,50.985810650000005,0.0
2023-09-20 20:00:00,SWM12,4.8,48.946378224,0.0
2023-09-20 20:00:00,SWM13,5.0,50.985810650000005,0.025
2023-09-20 20:00:00,SWM14,5.3,54.044959289000005,0.031
2023-09-20 20:00:00,SWM15,4.8,48.946378224,0.023
2023-09-20 20:00:00,SWM2,5.05,51.4956687565,0.013
2023-09-20 20:00:00,SWM3,5.1,52.005526863,0.0
2023-09-20 20:00:00,SWM4,5.0,50.985810650000005,0.0
2023-09-20 20:00:00,SWM6,4.9,49.96609443700001,0.007
2023-09-20 20:00:00,SWM7,5.1,52.005526863,0.016
2023-09-20 20:00:00,SWM8,4.9,49.96609443700001,0.0
2023-09-20 20:00:00,SWM9,6.1,62.202688993,0.0
2023-09-20 21:00:00,SWM10,4.4,44.867513372000005,0.014
2023-09-20 21:00:00,SWM10B,4.1,41.808364733,0.0
2023-09-20 21:00:00,SWM10C,4.3,43.847797159,0.006
2023-09-20 21:00:00,SWM11,5.0,50.985810650000005,0.0
2023-09-20 21:00:00,SWM12,4.9,49.96609443700001,0.0
2023-09-20 21:00:00,SWM13,5.0,50.985810650000005,0.01
2023-09-20 21:00:00,SWM14,5.4,55.06467550200001,0.021
2023-09-20 21:00:00,SWM15,4.85,49.4562363305,0.002
2023-09-20 21:00:00,SWM2,5.1,52.005526863,0.013
2023-09-20 21:00:00,SWM3,5.1,52.005526863,0.026
2023-09-20 21:00:00,SWM4,5.0,50.985810650000005,0.012
2023-09-20 21:00:00,SWM6,4.9,49.96609443700001,0.006
2023-09-20 21:00:00,SWM7,5.2,53.025243076,0.005
2023-09-20 21:00:00,SWM8,4.9,49.96609443700001,0.0
2023-09-20 21:00:00,SWM9,5.8,59.143540354,0.0
2023-09-20 22:00:00,SWM10,4.4,44.867513372000005,0.029
2023-09-20 22:00:00,SWM10B,4.1,41.808364733,0.007
2023-09-20 22:00:00,SWM10C,4.2,42.82808094600001,0.0
2023-09-20 22:00:00,SWM11,5.2,53.025243076,0.01
2023-09-20 22:00:00,SWM12,5.0,50.985810650000005,0.0
2023-09-20 22:00:00,SWM13,5.2,53.025243076,0.008
2023-09-20 22:00:00,SWM14,5.6,57.104107928,0.018
2023-09-20 22:00:00,SWM15,5.0,50.985810650000005,0.005
2023-09-20 22:00:00,SWM2,5.2,53.025243076,0.0
2023-09-20 22:00:00,SWM3,5.3,54.044959289000005,0.0
2023-09-20 22:00:00,SWM4,5.2,53.025243076,0.0
2023-09-20 22:00:00,SWM6,5.1,52.005526863,0.0
2023-09-20 22:00:00,SWM7,5.3,54.044959289000005,0.0
2023-09-20 22:00:00,SWM8,5.1,52.005526863,0.0
2023-09-20 22:00:00,SWM9,5.5,56.084391715,0.0
2023-09-20 23:00:00,SWM10,4.2,42.82808094600001,0.004
2023-09-20 23:00:00,SWM10B,4.1,41.808364733,0.0
2023-09-20 23:00:00,SWM10C,4.1,41.808364733,0.0
2023-09-20 23:00:00,SWM11,5.25,53.5351011825,0.0
2023-09-20 23:00:00,SWM12,5.1,52.005526863,0.0
2023-09-20 23:00:00,SWM13,5.2,53.025243076,0.0
2023-09-20 23:00:00,SWM14,5.6,57.104107928,0.028
2023-09-20 23:00:00,SWM15,5.1,52.005526863,0.001
2023-09-20 23:00:00,SWM2,5.3,54.044959289000005,0.0
2023-09-20 23:00:00,SWM3,5.3,54.044959289000005,0.0
2023-09-20 23:00:00,SWM4,5.3,54.044959289000005,0.003
2023-09-20 23:00:00,SWM6,5.2,53.025243076,0.034
2023-09-20 23:00:00,SWM7,5.4,55.06467550200001,0.007
2023-09-20 23:00:00,SWM8,5.1,52.005526863,0.0
2023-09-20 23:00:00,SWM9,5.2,53.025243076,0.0
2023-09-21 00:00:00,SWM10,4.4,44.867513372000005,0.0
2023-09-21 00:00:00,SWM10B,4.2,42.82808094600001,0.0
2023-09-21 00:00:00,SWM10C,4.2,42.82808094600001,0.0
2023-09-21 00:00:00,SWM11,5.3,54.044959289000005,0.0
2023-09-21 00:00:00,SWM12,5.1,52.005526863,0.0
2023-09-21 00:00:00,SWM13,5.2,53.025243076,0.0
2023-09-21 00:00:00,SWM14,5.6,57.104107928,0.0
2023-09-21 00:00:00,SWM15,5.1,52.005526863,0.0
2023-09-21 00:00:00,SWM2,5.3,54.044959289000005,0.0
2023-09-21 00:00:00,SWM3,5.3,54.044959289000005,0.0
2023-09-21 00:00:00,SWM4,5.3,54.044959289000005,0.0
2023-09-21 00:00:00,SWM6,5.2,53.025243076,0.032
2023-09-21 00:00:00,SWM7,5.4,55.06467550200001,0.0
2023-09-21 00:00:00,SWM8,5.1,52.005526863,0.0
2023-09-21 00:00:00,SWM9,5.0,50.985810650000005,0.0
2023-09-21 01:00:00,SWM10,4.2,42.82808094600001,0.0
2023-09-21 01:00:00,SWM10B,4.1,41.808364733,0.004
2023-09-21 01:00:00,SWM10C,4.1,41.808364733,0.0
2023-09-21 01:00:00,SWM11,5.3,54.044959289000005,0.0
2023-09-21 01:00:00,SWM12,5.1,52.005526863,0.0
2023-09-21 01:00:00,SWM13,5.2,53.025243076,0.0
2023-09-21 01:00:00,SWM14,5.55,56.5942498215,0.0
2023-09-21 01:00:00,SWM15,5.1,52.005526863,0.0
2023-09-21 01:00:00,SWM2,5.3,54.044959289000005,0.0
2023-09-21 01:00:00,SWM3,5.3,54.044959289000005,0.0
2023-09-21 01:00:00,SWM4,5.3,54.044959289000005,0.0
2023-09-21 01:00:00,SWM6,5.2,53.025243076,0.0
2023-09-21 01:00:00,SWM7,5.4,55.06467550200001,0.0
2023-09-21 01:00:00,SWM8,5.1,52.005526863,0.0
2023-09-21 01:00:00,SWM9,4.7,47.926662011000005,0.0
2023-09-21 02:00:00,SWM10,4.2,42.82808094600001,0.0
2023-09-21 02:00:00,SWM10B,4.0,40.78864852,0.0
2023-09-21 02:00:00,SWM10C,4.1,41.808364733,0.0
2023-09-21 02:00:00,SWM11,5.25,53.5351011825,0.001
2023-09-21 02:00:00,SWM12,5.1,52.005526863,0.009
2023-09-21 02:00:00,SWM13,5.2,53.025243076,0.0
2023-09-21 02:00:00,SWM14,5.5,56.084391715,0.0
2023-09-21 02:00:00,SWM15,5.0,50.985810650000005,0.0
2023-09-21 02:00:00,SWM2,5.2,53.025243076,0.0
2023-09-21 02:00:00,SWM3,5.3,54.044959289000005,0.0
2023-09-21 02:00:00,SWM4,5.25,53.5351011825,0.0
2023-09-21 02:00:00,SWM6,5.15,52.515384969500005,0.008
2023-09-21 02:00:00,SWM7,5.4,55.06467550200001,0.021
2023-09-21 02:00:00,SWM8,5.1,52.005526863,0.0
2023-09-21 02:00:00,SWM9,4.6,46.906945798,0.0
2023-09-21 03:00:00,SWM10,4.3,43.847797159,0.006
2023-09-21 03:00:00,SWM10B,4.2,42.82808094600001,0.001
2023-09-21 03:00:00,SWM10C,4.2,42.82808094600001,0.0
2023-09-21 03:00:00,SWM11,5.2,53.025243076,0.0
2023-09-21 03:00:00,SWM12,5.1,52.005526863,0.0
2023-09-21 03:00:00,SWM13,5.2,53.025243076,0.0
2023-09-21 03:00:00,SWM14,5.5,56.084391715,0.0
2023-09-21 03:00:00,SWM15,5.0,50.985810650000005,0.0
2023-09-21 03:00:00,SWM2,5.2,53.025243076,0.0
2023-09-21 03:00:00,SWM3,5.3,54.044959289000005,0.0
2023-09-21 03:00:00,SWM4,5.2,53.025243076,0.004
2023-09-21 03:00:00,SWM6,5.1,52.005526863,0.0
2023-09-21 03:00:00,SWM7,5.4,55.06467550200001,0.017
2023-09-21 03:00:00,SWM8,5.1,52.005526863,0.0
2023-09-21 03:00:00,SWM9,6.4,65.26183763200001,0.0
2023-09-21 04:00:00,SWM10,4.4,44.867513372000005,0.0
2023-09-21 04:00:00,SWM10B,4.2,42.82808094600001,0.004
2023-09-21 04:00:00,SWM10C,4.2,42.82808094600001,0.0
2023-09-21 04:00:00,SWM11,5.2,53.025243076,0.035
2023-09-21 04:00:00,SWM12,5.1,52.005526863,0.0
2023-09-21 04:00:00,SWM13,5.2,53.025243076,0.0
2023-09-21 04:00:00,SWM14,5.5,56.084391715,0.0
2023-09-21 04:00:00,SWM15,5.05,51.4956687565,0.003
2023-09-21 04:00:00,SWM2,5.25,53.5351011825,0.0
2023-09-21 04:00:00,SWM3,5.3,54.044959289000005,0.0
2023-09-21 04:00:00,SWM4,5.2,53.025243076,0.0
2023-09-21 04:00:00,SWM6,5.1,52.005526863,0.0
2023-09-21 04:00:00,SWM7,5.3,54.044959289000005,0.123
2023-09-21 04:00:00,SWM8,5.1,52.005526863,0.0
2023-09-21 04:00:00,SWM9,5.9,60.163256567000005,0.0
2023-09-21 05:00:00,SWM10,4.3,43.847797159,0.017
2023-09-21 05:00:00,SWM10B,4.2,42.82808094600001,0.022
2023-09-21 05:00:00,SWM10C,4.2,42.82808094600001,0.007
2023-09-21 05:00:00,SWM11,4.9,49.96609443700001,0.002
2023-09-21 05:00:00,SWM12,4.8,48.946378224,0.0
2023-09-21 05:00:00,SWM13,4.9,49.96609443700001,0.0
2023-09-21 05:00:00,SWM14,5.25,53.5351011825,0.025
2023-09-21 05:00:00,SWM15,4.8,48.946378224,0.003
2023-09-21 05:00:00,SWM2,5.0,50.985810650000005,0.009
2023-09-21 05:00:00,SWM3,5.1,52.005526863,0.025
2023-09-21 05:00:00,SWM4,5.0,50.985810650000005,0.005
2023-09-21 05:00:00,SWM6,4.9,49.96609443700001,0.01
2023-09-21 05:00:00,SWM7,5.1,52.005526863,0.044
2023-09-21 05:00:00,SWM8,4.9,49.96609443700001,0.0
2023-09-21 05:00:00,SWM9,5.5,56.084391715,0.015
2023-09-21 06:00:00,SWM10,4.3,43.847797159,0.004
2023-09-21 06:00:00,SWM10B,4.2,42.82808094600001,0.002
2023-09-21 06:00:00,SWM10C,4.2,42.82808094600001,0.004
2023-09-21 06:00:00,SWM11,5.1,52.005526863,0.009
2023-09-21 06:00:00,SWM12,5.0,50.985810650000005,0.0
2023-09-21 06:00:00,SWM13,5.1,52.005526863,0.109
2023-09-21 06:00:00,SWM14,5.4,55.06467550200001,0.039
2023-09-21 06:00:00,SWM15,4.9,49.96609443700001,0.0
2023-09-21 06:00:00,SWM2,5.2,53.025243076,0.0
2023-09-21 06:00:00,SWM3,5.2,53.025243076,0.057
2023-09-21 06:00:00,SWM4,5.1,52.005526863,0.0
2023-09-21 06:00:00,SWM6,5.0,50.985810650000005,0.0
2023-09-21 06:00:00,SWM7,5.2,53.025243076,0.0
2023-09-21 06:00:00,SWM8,5.0,50.985810650000005,0.0
2023-09-21 06:00:00,SWM9,4.5,45.887229585,0.026
2023-09-21 07:00:00,SWM10,4.3,43.847797159,0.014
2023-09-21 07:00:00,SWM10B,4.15,42.31822283950001,0.0
2023-09-21 07:00:00,SWM10C,4.2,42.82808094600001,0.001
2023-09-21 07:00:00,SWM11,5.1,52.005526863,0.028
2023-09-21 07:00:00,SWM12,5.0,50.985810650000005,0.0
2023-09-21 07:00:00,SWM13,5.1,52.005526863,0.008
2023-09-21 07:00:00,SWM14,5.5,56.084391715,0.027
2023-09-21 07:00:00,SWM15,5.0,50.985810650000005,0.002
2023-09-21 07:00:00,SWM2,5.2,53.025243076,0.023
2023-09-21 07:00:00,SWM3,5.2,53.025243076,0.0
2023-09-21 07:00:00,SWM4,5.1,52.005526863,0.0
2023-09-21 07:00:00,SWM6,5.1,52.005526863,0.029
2023-09-21 07:00:00,SWM7,5.2,53.025243076,0.0
2023-09-21 07:00:00,SWM8,5.0,50.985810650000005,0.0
2023-09-21 07:00:00,SWM9,4.5,45.887229585,0.001
2023-09-21 08:00:00,SWM10,4.4,44.867513372000005,0.016
2023-09-21 08:00:00,SWM10B,4.2,42.82808094600001,0.026
2023-09-21 08:00:00,SWM10C,4.3,43.847797159,0.006
2023-09-21 08:00:00,SWM11,5.1,52.005526863,0.021
2023-09-21 08:00:00,SWM12,4.9,49.96609443700001,0.0
2023-09-21 08:00:00,SWM13,5.1,52.005526863,0.012
2023-09-21 08:00:00,SWM14,5.4,55.06467550200001,0.142
2023-09-21 08:00:00,SWM15,4.9,49.96609443700001,0.021
2023-09-21 08:00:00,SWM2,5.1,52.005526863,0.0
2023-09-21 08:00:00,SWM3,5.2,53.025243076,0.0
2023-09-21 08:00:00,SWM4,5.1,52.005526863,0.043
2023-09-21 08:00:00,SWM6,5.0,50.985810650000005,0.0
2023-09-21 08:00:00,SWM7,5.2,53.025243076,0.0
2023-09-21 08:00:00,SWM8,5.0,50.985810650000005,0.0
2023-09-21 08:00:00,SWM9,4.5,45.887229585,0.024
2023-09-21 09:00:00,SWM10,4.45,45.3773714785,0.032
2023-09-21 09:00:00,SWM10B,4.3,43.847797159,0.035
2023-09-21 09:00:00,SWM10C,4.3,43.847797159,0.006
2023-09-21 09:00:00,SWM11,5.1,52.005526863,0.008
2023-09-21 09:00:00,SWM12,5.0,50.985810650000005,0.0
2023-09-21 09:00:00,SWM13,5.1,52.005526863,0.011
2023-09-21 09:00:00,SWM14,5.5,56.084391715,0.052
2023-09-21 09:00:00,SWM15,5.0,50.985810650000005,0.008
2023-09-21 09:00:00,SWM2,5.2,53.025243076,0.0
2023-09-21 09:00:00,SWM3,5.2,53.025243076,0.0
2023-09-21 09:00:00,SWM4,5.2,53.025243076,0.013
2023-09-21 09:00:00,SWM6,5.05,51.4956687565,0.013
2023-09-21 09:00:00,SWM7,5.2,53.025243076,0.0
2023-09-21 09:00:00,SWM8,5.0,50.985810650000005,0.0
2023-09-21 09:00:00,SWM9,4.5,45.887229585,0.009
2023-09-21 10:00:00,SWM10,4.7,47.926662011000005,0.018
2023-09-21 10:00:00,SWM10B,4.6,46.906945798,0.0
2023-09-21 10:00:00,SWM10C,4.6,46.906945798,0.0
2023-09-21 10:00:00,SWM11,5.3,54.044959289000005,0.018
2023-09-21 10:00:00,SWM12,5.1,52.005526863,0.001
2023-09-21 10:00:00,SWM13,5.3,54.044959289000005,0.025
2023-09-21 10:00:00,SWM14,5.6,57.104107928,0.081
2023-09-21 10:00:00,SWM15,5.1,52.005526863,0.006
2023-09-21 10:00:00,SWM2,5.3,54.044959289000005,0.0
2023-09-21 10:00:00,SWM3,5.4,55.06467550200001,0.0
2023-09-21 10:00:00,SWM4,5.3,54.044959289000005,0.003
2023-09-21 10:00:00,SWM6,5.2,53.025243076,0.03
2023-09-21 10:00:00,SWM7,5.4,55.06467550200001,0.0
2023-09-21 10:00:00,SWM8,5.2,53.025243076,0.002
2023-09-21 10:00:00,SWM9,4.5,45.887229585,0.025
2023-09-21 11:00:00,SWM10,4.4,44.867513372000005,0.035
2023-09-21 11:00:00,SWM10B,4.2,42.82808094600001,0.007
2023-09-21 11:00:00,SWM10C,4.2,42.82808094600001,0.001
2023-09-21 11:00:00,SWM11,5.2,53.025243076,0.015
2023-09-21 11:00:00,SWM12,5.1,52.005526863,0.007
2023-09-21 11:00:00,SWM13,5.2,53.025243076,0.023
2023-09-21 11:00:00,SWM14,5.5,56.084391715,0.008
2023-09-21 11:00:00,SWM15,5.0,50.985810650000005,0.006
2023-09-21 11:00:00,SWM2,5.2,53.025243076,0.0
2023-09-21 11:00:00,SWM3,5.3,54.044959289000005,0.0
2023-09-21 11:00:00,SWM4,5.3,54.044959289000005,0.026
2023-09-21 11:00:00,SWM6,5.1,52.005526863,0.011
2023-09-21 11:00:00,SWM7,5.3,54.044959289000005,0.0
2023-09-21 11:00:00,SWM8,5.1,52.005526863,
2023-09-21 11:00:00,SWM9,4.6,46.906945798,0.027
2023-09-21 12:00:00,SWM10,4.4,44.867513372000005,0.022
2023-09-21 12:00:00,SWM10B,4.2,42.82808094600001,0.004
2023-09-21 12:00:00,SWM10C,4.3,43.847797159,0.01
2023-09-21 12:00:00,SWM11,5.2,53.025243076,0.008
2023-09-21 12:00:00,SWM12,5.0,50.985810650000005,0.0
2023-09-21 12:00:00,SWM13,5.2,53.025243076,0.004
2023-09-21 12:00:00,SWM14,5.5,56.084391715,0.004
2023-09-21 12:00:00,SWM15,5.0,50.985810650000005,0.007
2023-09-21 12:00:00,SWM2,5.2,53.025243076,0.002
2023-09-21 12:00:00,SWM3,5.2,53.025243076,0.0
2023-09-21 12:00:00,SWM4,5.2,53.025243076,0.0
2023-09-21 12:00:00,SWM6,5.1,52.005526863,0.017
2023-09-21 12:00:00,SWM7,5.3,54.044959289000005,0.0
2023-09-21 12:00:00,SWM8,5.1,52.005526863,0.0
2023-09-21 12:00:00,SWM9,5.0,50.985810650000005,0.015
2023-09-21 13:00:00,SWM10,4.4,44.867513372000005,0.007
2023-09-21 13:00:00,SWM10B,4.3,43.847797159,0.04
2023-09-21 13:00:00,SWM10C,4.3,43.847797159,0.005
2023-09-21 13:00:00,SWM11,5.3,54.044959289000005,0.0
2023-09-21 13:00:00,SWM12,5.1,52.005526863,0.0
2023-09-21 13:00:00,SWM13,5.3,54.044959289000005,0.015
2023-09-21 13:00:00,SWM14,5.6,57.104107928,0.014
2023-09-21 13:00:00,SWM15,5.1,52.005526863,0.007
2023-09-21 13:00:00,SWM2,5.3,54.044959289000005,0.0
2023-09-21 13:00:00,SWM3,5.3,54.044959289000005,0.0
2023-09-21 13:00:00,SWM4,5.3,54.044959289000005,0.0
2023-09-21 13:00:00,SWM6,5.2,53.025243076,0.001
2023-09-21 13:00:00,SWM7,5.4,55.06467550200001,0.003
2023-09-21 13:00:00,SWM8,5.2,53.025243076,0.0
2023-09-21 13:00:00,SWM9,4.5,45.887229585,0.014
2023-09-21 14:00:00,SWM10,4.3,43.847797159,0.0
2023-09-21 14:00:00,SWM10B,4.2,42.82808094600001,0.001
2023-09-21 14:00:00,SWM10C,4.2,42.82808094600001,0.0
2023-09-21 14:00:00,SWM11,5.3,54.044959289000005,0.003
2023-09-21 14:00:00,SWM12,5.1,52.005526863,0.0
2023-09-21 14:00:00,SWM13,5.3,54.044959289000005,0.019
2023-09-21 14:00:00,SWM14,5.6,57.104107928,0.019
2023-09-21 14:00:00,SWM15,5.1,52.005526863,0.002
2023-09-21 14:00:00,SWM2,5.4,55.06467550200001,0.041
2023-09-21 14:00:00,SWM3,5.4,55.06467550200001,0.008
2023-09-21 14:00:00,SWM4,5.3,54.044959289000005,0.0
2023-09-21 14:00:00,SWM6,5.2,53.025243076,0.007
2023-09-21 14:00:00,SWM7,5.4,55.06467550200001,0.0
2023-09-21 14:00:00,SWM8,5.2,53.025243076,0.0
2023-09-21 14:00:00,SWM9,4.5,45.887229585,0.001
2023-09-21 15:00:00,SWM10,4.4,44.867513372000005,0.007
2023-09-21 15:00:00,SWM10B,4.2,42.82808094600001,0.002
2023-09-21 15:00:00,SWM10C,4.3,43.847797159,0.023
2023-09-21 15:00:00,SWM11,5.3,54.044959289000005,0.004
2023-09-21 15:00:00,SWM12,5.1,52.005526863,0.0
2023-09-21 15:00:00,SWM13,5.3,54.044959289000005,0.023
2023-09-21 15:00:00,SWM14,5.6,57.104107928,0.122
2023-09-21 15:00:00,SWM15,5.1,52.005526863,0.003
2023-09-21 15:00:00,SWM2,5.4,55.06467550200001,0.07
2023-09-21 15:00:00,SWM3,5.4,55.06467550200001,0.01
2023-09-21 15:00:00,SWM4,5.3,54.044959289000005,0.0
2023-09-21 15:00:00,SWM6,5.2,53.025243076,0.02
2023-09-21 15:00:00,SWM7,5.4,55.06467550200001,0.105
2023-09-21 15:00:00,SWM8,5.2,53.025243076,0.0
2023-09-21 15:00:00,SWM9,4.4,44.867513372000005,0.012
2023-09-21 16:00:00,SWM10,4.4,44.867513372000005,0.035
2023-09-21 16:00:00,SWM10B,4.3,43.847797159,0.012
2023-09-21 16:00:00,SWM10C,4.3,43.847797159,0.011
2023-09-21 16:00:00,SWM11,5.2,53.025243076,0.015
2023-09-21 16:00:00,SWM12,5.05,51.4956687565,0.0
2023-09-21 16:00:00,SWM13,5.2,53.025243076,0.015
2023-09-21 16:00:00,SWM14,5.55,56.5942498215,0.038
2023-09-21 16:00:00,SWM15,5.0,50.985810650000005,0.004
2023-09-21 16:00:00,SWM2,5.3,54.044959289000005,0.008
2023-09-21 16:00:00,SWM3,5.3,54.044959289000005,0.02
2023-09-21 16:00:00,SWM4,5.2,53.025243076,0.0
2023-09-21 16:00:00,SWM6,5.1,52.005526863,0.009
2023-09-21 16:00:00,SWM7,5.3,54.044959289000005,0.111
2023-09-21 16:00:00,SWM8,5.1,52.005526863,0.0
2023-09-21 16:00:00,SWM9,6.4,65.26183763200001,0.0
2023-09-21 17:00:00,SWM10,4.3,43.847797159,0.0
2023-09-21 17:00:00,SWM10B,4.2,42.82808094600001,0.033
2023-09-21 17:00:00,SWM10C,4.2,42.82808094600001,0.007
2023-09-21 17:00:00,SWM11,5.1,52.005526863,0.0
2023-09-21 17:00:00,SWM12,5.0,50.985810650000005,0.0
2023-09-21 17:00:00,SWM13,5.2,53.025243076,0.009
2023-09-21 17:00:00,SWM14,5.5,56.084391715,0.082
2023-09-21 17:00:00,SWM15,5.0,50.985810650000005,0.005
2023-09-21 17:00:00,SWM2,5.2,53.025243076,0.122
2023-09-21 17:00:00,SWM3,5.2,53.025243076,0.0
2023-09-21 17:00:00,SWM4,5.2,53.025243076,0.0
2023-09-21 17:00:00,SWM6,5.1,52.005526863,0.008
2023-09-21 17:00:00,SWM7,5.3,54.044959289000005,0.036
2023-09-21 17:00:00,SWM8,5.1,52.005526863,0.0
2023-09-21 17:00:00,SWM9,6.0,61.18297278,0.0
2023-09-21 18:00:00,SWM10,4.4,44.867513372000005,0.007
2023-09-21 18:00:00,SWM10B,4.2,42.82808094600001,0.014
2023-09-21 18:00:00,SWM10C,4.3,43.847797159,0.0
2023-09-21 18:00:00,SWM11,5.1,52.005526863,0.008
2023-09-21 18:00:00,SWM12,5.0,50.985810650000005,0.0
2023-09-21 18:00:00,SWM13,5.2,53.025243076,0.009
2023-09-21 18:00:00,SWM14,5.5,56.084391715,0.028
2023-09-21 18:00:00,SWM15,5.0,50.985810650000005,0.0
2023-09-21 18:00:00,SWM2,5.2,53.025243076,0.022
2023-09-21 18:00:00,SWM3,5.2,53.025243076,0.0
2023-09-21 18:00:00,SWM4,5.2,53.025243076,0.0
2023-09-21 18:00:00,SWM6,5.0,50.985810650000005,0.0
2023-09-21 18:00:00,SWM7,5.3,54.044959289000005,0.127
2023-09-21 18:00:00,SWM8,5.1,52.005526863,0.0
2023-09-21 18:00:00,SWM9,5.6,57.104107928,0.0
2023-09-21 19:00:00,SWM10,4.4,44.867513372000005,0.015
2023-09-21 19:00:00,SWM10B,4.2,42.82808094600001,0.006
2023-09-21 19:00:00,SWM10C,4.3,43.847797159,0.022
2023-09-21 19:00:00,SWM11,5.2,53.025243076,0.0
2023-09-21 19:00:00,SWM12,5.1,52.005526863,0.009
2023-09-21 19:00:00,SWM13,5.2,53.025243076,0.02
2023-09-21 19:00:00,SWM14,5.5,56.084391715,0.007
2023-09-21 19:00:00,SWM15,5.0,50.985810650000005,0.02
2023-09-21 19:00:00,SWM2,5.3,54.044959289000005,0.023
2023-09-21 19:00:00,SWM3,5.3,54.044959289000005,0.008
2023-09-21 19:00:00,SWM4,5.3,54.044959289000005,0.046
2023-09-21 19:00:00,SWM6,5.1,52.005526863,0.012
2023-09-21 19:00:00,SWM7,5.3,54.044959289000005,0.03
2023-09-21 19:00:00,SWM8,5.1,52.005526863,0.0
2023-09-21 19:00:00,SWM9,5.3,54.044959289000005,0.0
2023-09-21 20:00:00,SWM10,4.3,43.847797159,0.007
2023-09-21 20:00:00,SWM10B,4.2,42.82808094600001,0.011
2023-09-21 20:00:00,SWM10C,4.2,42.82808094600001,0.012
2023-09-21 20:00:00,SWM11,5.0,50.985810650000005,0.0
2023-09-21 20:00:00,SWM12,4.9,49.96609443700001,0.0
2023-09-21 20:00:00,SWM13,5.0,50.985810650000005,0.064
2023-09-21 20:00:00,SWM14,5.3,54.044959289000005,0.035
2023-09-21 20:00:00,SWM15,4.8,48.946378224,0.007
2023-09-21 20:00:00,SWM2,5.1,52.005526863,0.04
2023-09-21 20:00:00,SWM3,5.1,52.005526863,0.002
2023-09-21 20:00:00,SWM4,5.0,50.985810650000005,0.0
2023-09-21 20:00:00,SWM6,4.9,49.96609443700001,0.022
2023-09-21 20:00:00,SWM7,5.1,52.005526863,0.037
2023-09-21 20:00:00,SWM8,4.9,49.96609443700001,0.0
2023-09-21 20:00:00,SWM9,5.0,50.985810650000005,0.0
2023-09-21 21:00:00,SWM10,4.35,44.3576552655,0.001
2023-09-21 21:00:00,SWM10B,4.2,42.82808094600001,0.007
2023-09-21 21:00:00,SWM10C,4.3,43.847797159,0.024
2023-09-21 21:00:00,SWM11,5.0,50.985810650000005,0.001
2023-09-21 21:00:00,SWM12,4.9,49.96609443700001,0.0
2023-09-21 21:00:00,SWM13,5.0,50.985810650000005,0.097
2023-09-21 21:00:00,SWM14,5.3,54.044959289000005,0.003
2023-09-21 21:00:00,SWM15,4.8,48.946378224,0.009
2023-09-21 21:00:00,SWM2,5.1,52.005526863,0.024
2023-09-21 21:00:00,SWM3,5.1,52.005526863,0.002
2023-09-21 21:00:00,SWM4,5.0,50.985810650000005,0.009
2023-09-21 21:00:00,SWM6,4.9,49.96609443700001,0.0
2023-09-21 21:00:00,SWM7,5.1,52.005526863,0.015
2023-09-21 21:00:00,SWM8,4.9,49.96609443700001,0.0
2023-09-21 21:00:00,SWM9,4.8,48.946378224,0.0
2023-09-21 22:00:00,SWM10,4.3,43.847797159,0.031
2023-09-21 22:00:00,SWM10B,4.2,42.82808094600001,0.006
2023-09-21 22:00:00,SWM10C,4.2,42.82808094600001,0.0
2023-09-21 22:00:00,SWM11,5.2,53.025243076,0.007
2023-09-21 22:00:00,SWM12,5.1,52.005526863,0.0
2023-09-21 22:00:00,SWM13,5.2,53.025243076,0.0
2023-09-21 22:00:00,SWM14,5.6,57.104107928,0.029
2023-09-21 22:00:00,SWM15,5.0,50.985810650000005,0.006
2023-09-21 22:00:00,SWM2,5.3,54.044959289000005,0.0
2023-09-21 22:00:00,SWM3,5.3,54.044959289000005,0.023
2023-09-21 22:00:00,SWM4,5.2,53.025243076,0.003
2023-09-21 22:00:00,SWM6,5.1,52.005526863,0.0
2023-09-21 22:00:00,SWM7,5.3,54.044959289000005,0.0
2023-09-21 22:00:00,SWM8,5.1,52.005526863,0.0
2023-09-21 22:00:00,SWM9,4.6,46.906945798,0.0
2023-09-21 23:00:00,SWM10,4.2,42.82808094600001,0.0
2023-09-21 23:00:00,SWM10B,4.1,41.808364733,0.0
2023-09-21 23:00:00,SWM10C,4.1,41.808364733,0.0
2023-09-21 23:00:00,SWM11,5.2,53.025243076,0.001
2023-09-21 23:00:00,SWM12,5.1,52.005526863,0.0
2023-09-21 23:00:00,SWM13,5.2,53.025243076,0.0
2023-09-21 23:00:00,SWM14,5.6,57.104107928,0.006
2023-09-21 23:00:00,SWM15,5.1,52.005526863,0.0
2023-09-21 23:00:00,SWM2,5.3,54.044959289000005,0.0
2023-09-21 23:00:00,SWM3,5.3,54.044959289000005,0.0
2023-09-21 23:00:00,SWM4,5.3,54.044959289000005,0.0
2023-09-21 23:00:00,SWM6,5.2,53.025243076,0.025
2023-09-21 23:00:00,SWM7,5.3,54.044959289000005,0.0
2023-09-21 23:00:00,SWM8,5.1,52.005526863,0.0
2023-09-21 23:00:00,SWM9,6.4,65.26183763200001,0.0
2023-09-22 00:00:00,SWM10,4.3,43.847797159,0.0
2023-09-22 00:00:00,SWM10B,4.2,42.82808094600001,0.004
2023-09-22 00:00:00,SWM10C,4.2,42.82808094600001,0.0
2023-09-22 00:00:00,SWM11,5.2,53.025243076,0.001
2023-09-22 00:00:00,SWM12,5.1,52.005526863,0.008
2023-09-22 00:00:00,SWM13,5.2,53.025243076,0.0
2023-09-22 00:00:00,SWM14,5.5,56.084391715,0.0
2023-09-22 00:00:00,SWM15,5.0,50.985810650000005,0.0
2023-09-22 00:00:00,SWM2,5.2,53.025243076,0.0
2023-09-22 00:00:00,SWM3,5.3,54.044959289000005,0.0
2023-09-22 00:00:00,SWM4,5.2,53.025243076,0.0
2023-09-22 00:00:00,SWM6,5.1,52.005526863,0.009
2023-09-22 00:00:00,SWM7,5.3,54.044959289000005,0.0
2023-09-22 00:00:00,SWM8,5.1,52.005526863,0.0
2023-09-22 00:00:00,SWM9,6.1,62.202688993,0.0
2023-09-22 01:00:00,SWM10,4.2,42.82808094600001,0.0
2023-09-22 01:00:00,SWM10B,4.1,41.808364733,0.0
2023-09-22 01:00:00,SWM10C,4.1,41.808364733,0.0
2023-09-22 01:00:00,SWM11,5.3,54.044959289000005,0.005
2023-09-22 01:00:00,SWM12,5.1,52.005526863,0.0
2023-09-22 01:00:00,SWM13,5.2,53.025243076,0.0
2023-09-22 01:00:00,SWM14,5.6,57.104107928,0.0
2023-09-22 01:00:00,SWM15,5.1,52.005526863,0.0
2023-09-22 01:00:00,SWM2,5.3,54.044959289000005,0.0
2023-09-22 01:00:00,SWM3,5.3,54.044959289000005,0.0
2023-09-22 01:00:00,SWM4,5.3,54.044959289000005,0.005
2023-09-22 01:00:00,SWM6,5.2,53.025243076,0.017
2023-09-22 01:00:00,SWM7,5.4,55.06467550200001,0.0
2023-09-22 01:00:00,SWM8,5.1,52.005526863,0.0
2023-09-22 01:00:00,SWM9,5.8,59.143540354,0.0
2023-09-22 02:00:00,SWM10,4.4,44.867513372000005,0.0
2023-09-22 02:00:00,SWM10B,4.3,43.847797159,0.0
2023-09-22 02:00:00,SWM10C,4.3,43.847797159,0.0
2023-09-22 02:00:00,SWM11,5.2,53.025243076,0.016
2023-09-22 02:00:00,SWM12,5.1,52.005526863,0.0
2023-09-22 02:00:00,SWM13,5.2,53.025243076,0.0
2023-09-22 02:00:00,SWM14,5.5,56.084391715,0.003
2023-09-22 02:00:00,SWM15,5.1,52.005526863,0.002
2023-09-22 02:00:00,SWM2,5.3,54.044959289000005,0.007
2023-09-22 02:00:00,SWM3,5.3,54.044959289000005,0.0
2023-09-22 02:00:00,SWM4,5.3,54.044959289000005,0.004
2023-09-22 02:00:00,SWM6,5.2,53.025243076,0.0
2023-09-22 02:00:00,SWM7,5.4,55.06467550200001,0.039
2023-09-22 02:00:00,SWM8,5.15,52.515384969500005,0.0
2023-09-22 02:00:00,SWM9,5.5,56.084391715,0.0
2023-09-22 03:00:00,SWM10,4.2,42.82808094600001,0.0
2023-09-22 03:00:00,SWM10B,4.1,41.808364733,0.008
2023-09-22 03:00:00,SWM10C,4.1,41.808364733,0.0
2023-09-22 03:00:00,SWM11,5.2,53.025243076,0.002
2023-09-22 03:00:00,SWM12,5.0,50.985810650000005,0.001
2023-09-22 03:00:00,SWM13,5.15,52.515384969500005,0.0
2023-09-22 03:00:00,SWM14,5.5,56.084391715,0.0
2023-09-22 03:00:00,SWM15,5.0,50.985810650000005,0.0
2023-09-22 03:00:00,SWM2,5.2,53.025243076,0.0
2023-09-22 03:00:00,SWM3,5.3,54.044959289000005,0.0
2023-09-22 03:00:00,SWM4,5.2,53.025243076,0.0
2023-09-22 03:00:00,SWM6,5.1,52.005526863,0.0
2023-09-22 03:00:00,SWM7,5.3,54.044959289000005,0.007
2023-09-22 03:00:00,SWM8,5.1,52.005526863,0.0
2023-09-22 03:00:00,SWM9,5.3,54.044959289000005,0.0
2023-09-22 04:00:00,SWM10,4.3,43.847797159,0.0
2023-09-22 04:00:00,SWM10B,4.2,42.82808094600001,0.0
2023-09-22 04:00:00,SWM10C,4.2,42.82808094600001,0.001
2023-09-22 04:00:00,SWM11,5.2,53.025243076,0.001
2023-09-22 04:00:00,SWM12,5.1,52.005526863,0.007
2023-09-22 04:00:00,SWM13,5.2,53.025243076,0.0
2023-09-22 04:00:00,SWM14,5.5,56.084391715,0.0
2023-09-22 04:00:00,SWM15,5.0,50.985810650000005,0.0
2023-09-22 04:00:00,SWM2,5.3,54.044959289000005,0.0
2023-09-22 04:00:00,SWM3,5.3,54.044959289000005,0.0
2023-09-22 04:00:00,SWM4,5.25,53.5351011825,0.0
2023-09-22 04:00:00,SWM6,5.1,52.005526863,0.0
2023-09-22 04:00:00,SWM7,5.3,54.044959289000005,0.168
2023-09-22 04:00:00,SWM8,5.15,52.515384969500005,0.0
2023-09-22 04:00:00,SWM9,5.0,50.985810650000005,0.0
2023-09-22 05:00:00,SWM10,4.4,44.867513372000005,0.021
2023-09-22 05:00:00,SWM10B,4.25,43.337939052500005,0.024
2023-09-22 05:00:00,SWM10C,4.3,43.847797159,0.048
2023-09-22 05:00:00,SWM11,5.0,50.985810650000005,0.036
2023-09-22 05:00:00,SWM12,4.9,49.96609443700001,0.0
2023-09-22 05:00:00,SWM13,5.0,50.985810650000005,0.107
2023-09-22 05:00:00,SWM14,5.3,54.044959289000005,0.022
2023-09-22 05:00:00,SWM15,4.8,48.946378224,0.011
2023-09-22 05:00:00,SWM2,5.1,52.005526863,0.024
2023-09-22 05:00:00,SWM3,5.1,52.005526863,0.01
2023-09-22 05:00:00,SWM4,5.0,50.985810650000005,0.0
2023-09-22 05:00:00,SWM6,4.9,49.96609443700001,0.0
2023-09-22 05:00:00,SWM7,5.1,52.005526863,0.06
2023-09-22 05:00:00,SWM8,4.9,49.96609443700001,0.0
2023-09-22 05:00:00,SWM9,4.8,48.946378224,0.0
2023-09-22 06:00:00,SWM10,4.4,44.867513372000005,0.022
2023-09-22 06:00:00,SWM10B,4.2,42.82808094600001,0.002
2023-09-22 06:00:00,SWM10C,4.3,43.847797159,0.034
2023-09-22 06:00:00,SWM11,5.0,50.985810650000005,0.006
2023-09-22 06:00:00,SWM12,4.9,49.96609443700001,0.0
2023-09-22 06:00:00,SWM13,5.1,52.005526863,0.003
2023-09-22 06:00:00,SWM14,5.4,55.06467550200001,0.082
2023-09-22 06:00:00,SWM15,4.9,49.96609443700001,0.0
2023-09-22 06:00:00,SWM2,5.1,52.005526863,0.013
2023-09-22 06:00:00,SWM3,5.2,53.025243076,0.053
2023-09-22 06:00:00,SWM4,5.1,52.005526863,0.0
2023-09-22 06:00:00,SWM6,5.0,50.985810650000005,0.0
2023-09-22 06:00:00,SWM7,5.2,53.025243076,0.0
2023-09-22 06:00:00,SWM8,5.0,50.985810650000005,0.0
2023-09-22 06:00:00,SWM9,4.7,47.926662011000005,0.022
2023-09-22 07:00:00,SWM10,4.35,44.3576552655,0.0
2023-09-22 07:00:00,SWM10B,4.2,42.82808094600001,0.0
2023-09-22 07:00:00,SWM10C,4.3,43.847797159,0.018
2023-09-22 07:00:00,SWM11,5.1,52.005526863,0.014
2023-09-22 07:00:00,SWM12,5.0,50.985810650000005,0.0
2023-09-22 07:00:00,SWM13,5.1,52.005526863,0.001
2023-09-22 07:00:00,SWM14,5.4,55.06467550200001,0.022
2023-09-22 07:00:00,SWM15,4.9,49.96609443700001,0.004
2023-09-22 07:00:00,SWM2,5.2,53.025243076,0.044
2023-09-22 07:00:00,SWM3,5.2,53.025243076,0.0
2023-09-22 07:00:00,SWM4,5.1,52.005526863,0.0
2023-09-22 07:00:00,SWM6,5.0,50.985810650000005,0.0
2023-09-22 07:00:00,SWM7,5.2,53.025243076,0.0
2023-09-22 07:00:00,SWM8,5.0,50.985810650000005,0.0
2023-09-22 07:00:00,SWM9,5.7,58.12382414100001,0.0
2023-09-22 08:00:00,SWM10,4.5,45.887229585,0.01
2023-09-22 08:00:00,SWM10B,4.4,44.867513372000005,0.004
2023-09-22 08:00:00,SWM10C,4.4,44.867513372000005,0.0
2023-09-22 08:00:00,SWM11,5.1,52.005526863,0.007
2023-09-22 08:00:00,SWM12,4.9,49.96609443700001,0.0
2023-09-22 08:00:00,SWM13,5.0,50.985810650000005,0.0
2023-09-22 08:00:00,SWM14,5.4,55.06467550200001,0.006
2023-09-22 08:00:00,SWM15,4.9,49.96609443700001,0.0
2023-09-22 08:00:00,SWM2,5.1,52.005526863,0.023
2023-09-22 08:00:00,SWM3,5.15,52.515384969500005,0.0
2023-09-22 08:00:00,SWM4,5.1,52.005526863,0.036
2023-09-22 08:00:00,SWM6,5.0,50.985810650000005,0.0
2023-09-22 08:00:00,SWM7,5.2,53.025243076,0.0
2023-09-22 08:00:00,SWM8,5.0,50.985810650000005,0.0
2023-09-22 08:00:00,SWM9,4.5,45.887229585,0.021
2023-09-22 09:00:00,SWM10,4.45,45.3773714785,0.0
2023-09-22 09:00:00,SWM10B,4.4,44.867513372000005,0.005
2023-09-22 09:00:00,SWM10C,4.4,44.867513372000005,0.0
2023-09-22 09:00:00,SWM11,5.1,52.005526863,0.007
2023-09-22 09:00:00,SWM12,5.0,50.985810650000005,0.009
2023-09-22 09:00:00,SWM13,5.1,52.005526863,0.001
2023-09-22 09:00:00,SWM14,5.4,55.06467550200001,0.014
2023-09-22 09:00:00,SWM15,4.9,49.96609443700001,0.049
2023-09-22 09:00:00,SWM2,5.1,52.005526863,0.0
2023-09-22 09:00:00,SWM3,5.2,53.025243076,0.0
2023-09-22 09:00:00,SWM4,5.1,52.005526863,0.015
2023-09-22 09:00:00,SWM6,5.0,50.985810650000005,0.0
2023-09-22 09:00:00,SWM7,5.2,53.025243076,0.0
2023-09-22 09:00:00,SWM8,5.0,50.985810650000005,0.0
2023-09-22 09:00:00,SWM9,4.5,45.887229585,0.009
2023-09-22 10:00:00,SWM10,4.4,44.867513372000005,0.001
2023-09-22 10:00:00,SWM10B,4.2,42.82808094600001,0.007
2023-09-22 10:00:00,SWM10C,4.3,43.847797159,0.004
2023-09-22 10:00:00,SWM11,5.2,53.025243076,0.008
2023-09-22 10:00:00,SWM12,5.0,50.985810650000005,0.0
2023-09-22 10:00:00,SWM13,5.2,53.025243076,0.016
2023-09-22 10:00:00,SWM14,5.5,56.084391715,0.052
2023-09-22 10:00:00,SWM15,5.0,50.985810650000005,0.0
2023-09-22 10:00:00,SWM2,5.2,53.025243076,0.0
2023-09-22 10:00:00,SWM3,5.2,53.025243076,0.0
2023-09-22 10:00:00,SWM4,5.2,53.025243076,0.018
2023-09-22 10:00:00,SWM6,5.1,52.005526863,0.0
2023-09-22 10:00:00,SWM7,5.3,54.044959289000005,0.005
2023-09-22 10:00:00,SWM8,5.1,52.005526863,0.0
2023-09-22 10:00:00,SWM9,4.5,45.887229585,0.012
2023-09-22 11:00:00,SWM10,4.3,43.847797159,0.006
2023-09-22 11:00:00,SWM10B,4.1,41.808364733,0.005
2023-09-22 11:00:00,SWM10C,4.2,42.82808094600001,0.0
2023-09-22 11:00:00,SWM11,5.1,52.005526863,0.008
2023-09-22 11:00:00,SWM12,4.9,49.96609443700001,0.0
2023-09-22 11:00:00,SWM13,5.1,52.005526863,0.0
2023-09-22 11:00:00,SWM14,5.4,55.06467550200001,0.016
2023-09-22 11:00:00,SWM15,4.9,49.96609443700001,0.0
2023-09-22 11:00:00,SWM2,5.1,52.005526863,0.0
2023-09-22 11:00:00,SWM3,5.1,52.005526863,0.0
2023-09-22 11:00:00,SWM4,5.1,52.005526863,0.017
2023-09-22 11:00:00,SWM6,5.0,50.985810650000005,0.03
2023-09-22 11:00:00,SWM7,5.2,53.025243076,0.011
2023-09-22 11:00:00,SWM8,5.0,50.985810650000005,0.0
2023-09-22 11:00:00,SWM9,5.1,52.005526863,0.006
2023-09-22 12:00:00,SWM10,4.2,42.82808094600001,0.0
2023-09-22 12:00:00,SWM10B,4.1,41.808364733,0.013
2023-09-22 12:00:00,SWM10C,4.2,42.82808094600001,0.004
2023-09-22 12:00:00,SWM11,5.1,52.005526863,0.02
2023-09-22 12:00:00,SWM12,5.0,50.985810650000005,0.009
2023-09-22 12:00:00,SWM13,5.1,52.005526863,0.0
2023-09-22 12:00:00,SWM14,5.4,55.06467550200001,0.007
2023-09-22 12:00:00,SWM15,4.9,49.96609443700001,0.0
2023-09-22 12:00:00,SWM2,5.2,53.025243076,0.007
2023-09-22 12:00:00,SWM3,5.2,53.025243076,0.0
2023-09-22 12:00:00,SWM4,5.1,52.005526863,0.004
2023-09-22 12:00:00,SWM6,5.0,50.985810650000005,0.0
2023-09-22 12:00:00,SWM7,5.3,54.044959289000005,0.013
2023-09-22 12:00:00,SWM8,5.0,50.985810650000005,0.0
2023-09-22 12:00:00,SWM9,4.9,49.96609443700001,0.0
2023-09-22 13:00:00,SWM10,4.3,43.847797159,0.0
2023-09-22 13:00:00,SWM10B,4.2,42.82808094600001,0.014
2023-09-22 13:00:00,SWM10C,4.2,42.82808094600001,0.0
2023-09-22 13:00:00,SWM11,5.2,53.025243076,0.008
2023-09-22 13:00:00,SWM12,5.1,52.005526863,0.0
2023-09-22 13:00:00,SWM13,5.2,53.025243076,0.021
2023-09-22 13:00:00,SWM14,5.6,57.104107928,0.063
2023-09-22 13:00:00,SWM15,5.0,50.985810650000005,0.0
2023-09-22 13:00:00,SWM2,5.3,54.044959289000005,0.001
2023-09-22 13:00:00,SWM3,5.3,54.044959289000005,0.0
2023-09-22 13:00:00,SWM4,5.2,53.025243076,0.001
2023-09-22 13:00:00,SWM6,5.1,52.005526863,0.0
2023-09-22 13:00:00,SWM7,5.3,54.044959289000005,0.063
2023-09-22 13:00:00,SWM8,5.1,52.005526863,0.001
2023-09-22 13:00:00,SWM9,4.5,45.887229585,0.004
2023-09-22 14:00:00,SWM10,4.2,42.82808094600001,0.0
2023-09-22 14:00:00,SWM10B,4.1,41.808364733,0.003
2023-09-22 14:00:00,SWM10C,4.1,41.808364733,0.0
2023-09-22 14:00:00,SWM11,5.2,53.025243076,0.016
2023-09-22 14:00:00,SWM12,5.1,52.005526863,0.0
2023-09-22 14:00:00,SWM13,5.2,53.025243076,0.016
2023-09-22 14:00:00,SWM14,5.55,56.5942498215,0.01
2023-09-22 14:00:00,SWM15,5.0,50.985810650000005,0.017
2023-09-22 14:00:00,SWM2,5.3,54.044959289000005,0.022
2023-09-22 14:00:00,SWM3,5.3,54.044959289000005,0.016
2023-09-22 14:00:00,SWM4,5.2,53.025243076,0.007
2023-09-22 14:00:00,SWM6,5.1,52.005526863,0.019
2023-09-22 14:00:00,SWM7,5.3,54.044959289000005,0.012
2023-09-22 14:00:00,SWM8,5.1,52.005526863,
2023-09-22 14:00:00,SWM9,4.4,44.867513372000005,0.005
2023-09-22 15:00:00,SWM10,4.4,44.867513372000005,0.014
2023-09-22 15:00:00,SWM10B,4.3,43.847797159,0.015
2023-09-22 15:00:00,SWM10C,4.3,43.847797159,0.0
2023-09-22 15:00:00,SWM11,5.2,53.025243076,0.024
2023-09-22 15:00:00,SWM12,5.0,50.985810650000005,0.0
2023-09-22 15:00:00,SWM13,5.2,53.025243076,0.013
2023-09-22 15:00:00,SWM14,5.5,56.084391715,0.0
2023-09-22 15:00:00,SWM15,5.0,50.985810650000005,0.009
2023-09-22 15:00:00,SWM2,5.3,54.044959289000005,0.11
2023-09-22 15:00:00,SWM3,5.3,54.044959289000005,0.055
2023-09-22 15:00:00,SWM4,5.2,53.025243076,0.014
2023-09-22 15:00:00,SWM6,5.1,52.005526863,0.029
2023-09-22 15:00:00,SWM7,5.3,54.044959289000005,0.053
2023-09-22 15:00:00,SWM8,5.1,52.005526863,0.002
2023-09-22 15:00:00,SWM9,4.45,45.3773714785,0.0
2023-09-22 16:00:00,SWM10,4.3,43.847797159,0.0
2023-09-22 16:00:00,SWM10B,4.2,42.82808094600001,0.046
2023-09-22 16:00:00,SWM10C,4.1,41.808364733,0.001
2023-09-22 16:00:00,SWM11,5.2,53.025243076,0.011
2023-09-22 16:00:00,SWM12,5.0,50.985810650000005,0.0
2023-09-22 16:00:00,SWM13,5.2,53.025243076,0.054
2023-09-22 16:00:00,SWM14,5.5,56.084391715,0.002
2023-09-22 16:00:00,SWM15,5.0,50.985810650000005,0.012
2023-09-22 16:00:00,SWM2,5.3,54.044959289000005,0.028
2023-09-22 16:00:00,SWM3,5.3,54.044959289000005,0.019
2023-09-22 16:00:00,SWM4,5.2,53.025243076,0.001
2023-09-22 16:00:00,SWM6,5.1,52.005526863,0.001
2023-09-22 16:00:00,SWM7,5.3,54.044959289000005,0.119
2023-09-22 16:00:00,SWM8,5.1,52.005526863,
2023-09-22 16:00:00,SWM9,4.5,45.887229585,0.004
2023-09-22 17:00:00,SWM10,4.3,43.847797159,0.001
2023-09-22 17:00:00,SWM10B,4.2,42.82808094600001,0.004
2023-09-22 17:00:00,SWM10C,4.2,42.82808094600001,0.0
2023-09-22 17:00:00,SWM11,5.2,53.025243076,0.009
2023-09-22 17:00:00,SWM12,5.1,52.005526863,0.0
2023-09-22 17:00:00,SWM13,5.3,54.044959289000005,0.012
2023-09-22 17:00:00,SWM14,5.5,56.084391715,0.164
2023-09-22 17:00:00,SWM15,5.0,50.985810650000005,0.0
2023-09-22 17:00:00,SWM2,5.3,54.044959289000005,0.011
2023-09-22 17:00:00,SWM3,5.4,55.06467550200001,0.028
2023-09-22 17:00:00,SWM4,5.3,54.044959289000005,0.012
2023-09-22 17:00:00,SWM6,5.1,52.005526863,0.006
2023-09-22 17:00:00,SWM7,5.4,55.06467550200001,0.242
2023-09-22 17:00:00,SWM8,5.2,53.025243076,0.0
2023-09-22 17:00:00,SWM9,6.2,63.222405206000005,0.0
2023-09-22 18:00:00,SWM10,4.3,43.847797159,0.012
2023-09-22 18:00:00,SWM10B,4.2,42.82808094600001,0.011
2023-09-22 18:00:00,SWM10C,4.1,41.808364733,0.0
2023-09-22 18:00:00,SWM11,5.3,54.044959289000005,0.003
2023-09-22 18:00:00,SWM12,5.2,53.025243076,0.0
2023-09-22 18:00:00,SWM13,5.4,55.06467550200001,0.006
2023-09-22 18:00:00,SWM14,5.7,58.12382414100001,0.163
2023-09-22 18:00:00,SWM15,5.2,53.025243076,0.009
2023-09-22 18:00:00,SWM2,5.4,55.06467550200001,0.024
2023-09-22 18:00:00,SWM3,5.4,55.06467550200001,0.0
2023-09-22 18:00:00,SWM4,5.4,55.06467550200001,0.017
2023-09-22 18:00:00,SWM6,5.3,54.044959289000005,0.006
2023-09-22 18:00:00,SWM7,5.5,56.084391715,0.038
2023-09-22 18:00:00,SWM8,5.3,54.044959289000005,0.0
2023-09-22 18:00:00,SWM9,5.8,59.143540354,0.0
2023-09-22 19:00:00,SWM10,4.4,44.867513372000005,0.007
2023-09-22 19:00:00,SWM10B,4.3,43.847797159,0.033
2023-09-22 19:00:00,SWM10C,4.2,42.82808094600001,0.0
2023-09-22 19:00:00,SWM11,5.4,55.06467550200001,0.021
2023-09-22 19:00:00,SWM12,5.2,53.025243076,0.0
2023-09-22 19:00:00,SWM13,5.3,54.044959289000005,0.0
2023-09-22 19:00:00,SWM14,5.65,57.61396603450001,0.024
2023-09-22 19:00:00,SWM15,5.2,53.025243076,0.001
2023-09-22 19:00:00,SWM2,5.4,55.06467550200001,0.008
2023-09-22 19:00:00,SWM3,5.4,55.06467550200001,0.0
2023-09-22 19:00:00,SWM4,5.4,55.06467550200001,0.007
2023-09-22 19:00:00,SWM6,5.3,54.044959289000005,0.005
2023-09-22 19:00:00,SWM7,5.5,56.084391715,0.031
2023-09-22 19:00:00,SWM8,5.3,54.044959289000005,0.0
2023-09-22 19:00:00,SWM9,5.5,56.084391715,0.0
2023-09-22 20:00:00,SWM10,4.5,45.887229585,0.0
2023-09-22 20:00:00,SWM10B,4.4,44.867513372000005,0.003
2023-09-22 20:00:00,SWM10C,4.3,43.847797159,0.0
2023-09-22 20:00:00,SWM11,5.1,52.005526863,0.009
2023-09-22 20:00:00,SWM12,5.0,50.985810650000005,0.0
2023-09-22 20:00:00,SWM13,5.1,52.005526863,0.013
2023-09-22 20:00:00,SWM14,5.2,53.025243076,0.315
2023-09-22 20:00:00,SWM15,5.0,50.985810650000005,0.007
2023-09-22 20:00:00,SWM2,5.2,53.025243076,0.019
2023-09-22 20:00:00,SWM3,5.2,53.025243076,0.0
2023-09-22 20:00:00,SWM4,5.2,53.025243076,0.002
2023-09-22 20:00:00,SWM6,5.1,52.005526863,0.008
2023-09-22 20:00:00,SWM7,5.3,54.044959289000005,0.023
2023-09-22 20:00:00,SWM8,5.1,52.005526863,0.003
2023-09-22 20:00:00,SWM9,5.2,53.025243076,0.0
2023-09-22 21:00:00,SWM10,4.2,42.82808094600001,0.007
2023-09-22 21:00:00,SWM10B,4.1,41.808364733,0.004
2023-09-22 21:00:00,SWM10C,4.1,41.808364733,0.0
2023-09-22 21:00:00,SWM11,5.1,52.005526863,0.015
2023-09-22 21:00:00,SWM12,5.0,50.985810650000005,0.007
2023-09-22 21:00:00,SWM13,5.2,53.025243076,0.076
2023-09-22 21:00:00,SWM14,5.25,53.5351011825,0.374
2023-09-22 21:00:00,SWM15,5.0,50.985810650000005,0.021
2023-09-22 21:00:00,SWM2,5.2,53.025243076,0.0
2023-09-22 21:00:00,SWM3,5.2,53.025243076,0.007
2023-09-22 21:00:00,SWM4,5.2,53.025243076,0.011
2023-09-22 21:00:00,SWM6,5.1,52.005526863,0.0
2023-09-22 21:00:00,SWM7,5.3,54.044959289000005,0.007
2023-09-22 21:00:00,SWM8,5.1,52.005526863,
2023-09-22 21:00:00,SWM9,5.0,50.985810650000005,0.0
2023-09-22 22:00:00,SWM10,4.4,44.867513372000005,0.028
2023-09-22 22:00:00,SWM10B,4.3,43.847797159,0.0
2023-09-22 22:00:00,SWM10C,4.3,43.847797159,0.0
2023-09-22 22:00:00,SWM11,5.2,53.025243076,0.008
2023-09-22 22:00:00,SWM12,5.1,52.005526863,0.0
2023-09-22 22:00:00,SWM13,5.2,53.025243076,0.0
2023-09-22 22:00:00,SWM14,5.3,54.044959289000005,0.376
2023-09-22 22:00:00,SWM15,5.0,50.985810650000005,0.006
2023-09-22 22:00:00,SWM2,5.3,54.044959289000005,0.009
2023-09-22 22:00:00,SWM3,5.3,54.044959289000005,0.019
2023-09-22 22:00:00,SWM4,5.3,54.044959289000005,0.016
2023-09-22 22:00:00,SWM6,5.1,52.005526863,0.0
2023-09-22 22:00:00,SWM7,5.3,54.044959289000005,0.0
2023-09-22 22:00:00,SWM8,5.15,52.515384969500005,0.0
2023-09-22 22:00:00,SWM9,4.7,47.926662011000005,0.0
2023-09-22 23:00:00,SWM10,4.4,44.867513372000005,0.0
2023-09-22 23:00:00,SWM10B,4.3,43.847797159,0.004
2023-09-22 23:00:00,SWM10C,4.3,43.847797159,0.0
2023-09-22 23:00:00,SWM11,5.3,54.044959289000005,0.009
2023-09-22 23:00:00,SWM12,5.1,52.005526863,0.0
2023-09-22 23:00:00,SWM13,5.2,53.025243076,0.0
2023-09-22 23:00:00,SWM14,5.4,55.06467550200001,0.382
2023-09-22 23:00:00,SWM15,5.1,52.005526863,0.0
2023-09-22 23:00:00,SWM2,5.3,54.044959289000005,0.008
2023-09-22 23:00:00,SWM3,5.4,55.06467550200001,0.0
2023-09-22 23:00:00,SWM4,5.3,54.044959289000005,0.009
2023-09-22 23:00:00,SWM6,5.2,53.025243076,0.012
2023-09-22 23:00:00,SWM7,5.4,55.06467550200001,0.0
2023-09-22 23:00:00,SWM8,5.2,53.025243076,0.0
2023-09-22 23:00:00,SWM9,4.45,45.3773714785,0.0
2023-09-23 00:00:00,SWM10,4.35,44.3576552655,0.0
2023-09-23 00:00:00,SWM10B,4.2,42.82808094600001,0.003
2023-09-23 00:00:00,SWM10C,4.2,42.82808094600001,0.0
2023-09-23 00:00:00,SWM11,5.3,54.044959289000005,0.009
2023-09-23 00:00:00,SWM12,5.1,52.005526863,0.0
2023-09-23 00:00:00,SWM13,5.3,54.044959289000005,0.003
2023-09-23 00:00:00,SWM14,5.4,55.06467550200001,0.38
2023-09-23 00:00:00,SWM15,5.1,52.005526863,0.006
2023-09-23 00:00:00,SWM2,5.3,54.044959289000005,0.017
2023-09-23 00:00:00,SWM3,5.3,54.044959289000005,0.0
2023-09-23 00:00:00,SWM4,5.3,54.044959289000005,0.0
2023-09-23 00:00:00,SWM6,5.2,53.025243076,0.0
2023-09-23 00:00:00,SWM7,5.4,55.06467550200001,0.0
2023-09-23 00:00:00,SWM8,5.2,53.025243076,0.0
2023-09-23 00:00:00,SWM9,6.1,62.202688993,0.0
2023-09-23 01:00:00,SWM10,4.2,42.82808094600001,0.0
2023-09-23 01:00:00,SWM10B,4.1,41.808364733,0.004
2023-09-23 01:00:00,SWM10C,4.1,41.808364733,0.0
2023-09-23 01:00:00,SWM11,5.3,54.044959289000005,0.025
2023-09-23 01:00:00,SWM12,5.1,52.005526863,0.0
2023-09-23 01:00:00,SWM13,5.2,53.025243076,0.0
2023-09-23 01:00:00,SWM14,5.6,57.104107928,0.232
2023-09-23 01:00:00,SWM15,5.1,52.005526863,0.009
2023-09-23 01:00:00,SWM2,5.3,54.044959289000005,0.0
2023-09-23 01:00:00,SWM3,5.3,54.044959289000005,0.0
2023-09-23 01:00:00,SWM4,5.3,54.044959289000005,0.004
2023-09-23 01:00:00,SWM6,5.2,53.025243076,0.021
2023-09-23 01:00:00,SWM7,5.4,55.06467550200001,0.0
2023-09-23 01:00:00,SWM8,5.2,53.025243076,0.0
2023-09-23 01:00:00,SWM9,5.9,60.163256567000005,0.0
2023-09-23 02:00:00,SWM10,4.3,43.847797159,0.0
2023-09-23 02:00:00,SWM10B,4.2,42.82808094600001,0.0
2023-09-23 02:00:00,SWM10C,4.2,42.82808094600001,0.0
2023-09-23 02:00:00,SWM11,5.3,54.044959289000005,0.0
2023-09-23 02:00:00,SWM12,5.1,52.005526863,0.0
2023-09-23 02:00:00,SWM13,5.2,53.025243076,0.0
2023-09-23 02:00:00,SWM14,5.6,57.104107928,0.025
2023-09-23 02:00:00,SWM15,5.1,52.005526863,0.0
2023-09-23 02:00:00,SWM2,5.3,54.044959289000005,0.0
2023-09-23 02:00:00,SWM3,5.3,54.044959289000005,0.0
2023-09-23 02:00:00,SWM4,5.3,54.044959289000005,0.004
2023-09-23 02:00:00,SWM6,5.2,53.025243076,0.026
2023-09-23 02:00:00,SWM7,5.4,55.06467550200001,0.0
2023-09-23 02:00:00,SWM8,5.2,53.025243076,0.0
2023-09-23 02:00:00,SWM9,5.6,57.104107928,0.0
2023-09-23 03:00:00,SWM10,4.2,42.82808094600001,0.0
2023-09-23 03:00:00,SWM10B,4.1,41.808364733,0.003
2023-09-23 03:00:00,SWM10C,4.1,41.808364733,0.0
2023-09-23 03:00:00,SWM11,5.2,53.025243076,0.0
2023-09-23 03:00:00,SWM12,5.1,52.005526863,0.0
2023-09-23 03:00:00,SWM13,5.2,53.025243076,0.0
2023-09-23 03:00:00,SWM14,5.4,55.06467550200001,0.159
2023-09-23 03:00:00,SWM15,5.1,52.005526863,0.0
2023-09-23 03:00:00,SWM2,5.3,54.044959289000005,0.0
2023-09-23 03:00:00,SWM3,5.3,54.044959289000005,0.0
2023-09-23 03:00:00,SWM4,5.3,54.044959289000005,0.001
2023-09-23 03:00:00,SWM6,5.2,53.025243076,0.0
2023-09-23 03:00:00,SWM7,5.4,55.06467550200001,0.032
2023-09-23 03:00:00,SWM8,5.2,53.025243076,0.0
2023-09-23 03:00:00,SWM9,5.3,54.044959289000005,0.0
2023-09-23 04:00:00,SWM10,4.1,41.808364733,0.0
2023-09-23 04:00:00,SWM10B,4.0,40.78864852,0.0
2023-09-23 04:00:00,SWM10C,4.05,41.2985066265,0.0
2023-09-23 04:00:00,SWM11,5.5,56.084391715,0.001
2023-09-23 04:00:00,SWM12,5.4,55.06467550200001,0.01
2023-09-23 04:00:00,SWM13,5.5,56.084391715,0.0
2023-09-23 04:00:00,SWM14,5.9,60.163256567000005,0.147
2023-09-23 04:00:00,SWM15,5.3,54.044959289000005,0.0
2023-09-23 04:00:00,SWM2,5.5,56.084391715,0.0
2023-09-23 04:00:00,SWM3,5.6,57.104107928,0.0
2023-09-23 04:00:00,SWM4,5.6,57.104107928,0.0
2023-09-23 04:00:00,SWM6,5.4,55.06467550200001,0.009
2023-09-23 04:00:00,SWM7,5.7,58.12382414100001,0.057
2023-09-23 04:00:00,SWM8,5.4,55.06467550200001,0.0
2023-09-23 04:00:00,SWM9,5.1,52.005526863,0.0
2023-09-23 05:00:00,SWM10,4.2,42.82808094600001,0.0
2023-09-23 05:00:00,SWM10B,4.2,42.82808094600001,0.012
2023-09-23 05:00:00,SWM10C,4.1,41.808364733,0.0
2023-09-23 05:00:00,SWM11,5.4,55.06467550200001,0.0
2023-09-23 05:00:00,SWM12,5.3,54.044959289000005,0.0
2023-09-23 05:00:00,SWM13,5.4,55.06467550200001,0.014
2023-09-23 05:00:00,SWM14,5.7,58.12382414100001,0.13
2023-09-23 05:00:00,SWM15,5.2,53.025243076,0.0
2023-09-23 05:00:00,SWM2,5.4,55.06467550200001,0.0
2023-09-23 05:00:00,SWM3,5.5,56.084391715,0.0
2023-09-23 05:00:00,SWM4,5.4,55.06467550200001,0.0
2023-09-23 05:00:00,SWM6,5.3,54.044959289000005,0.0
2023-09-23 05:00:00,SWM7,5.6,57.104107928,0.051
2023-09-23 05:00:00,SWM8,5.3,54.044959289000005,0.0
2023-09-23 05:00:00,SWM9,4.8,48.946378224,0.0
2023-09-23 06:00:00,SWM10,4.3,43.847797159,0.007
2023-09-23 06:00:00,SWM10B,4.2,42.82808094600001,0.044
2023-09-23 06:00:00,SWM10C,4.2,42.82808094600001,0.0
2023-09-23 06:00:00,SWM11,5.2,53.025243076,0.0
2023-09-23 06:00:00,SWM12,5.0,50.985810650000005,0.0
2023-09-23 06:00:00,SWM13,5.2,53.025243076,0.0
2023-09-23 06:00:00,SWM14,5.45,55.574533608500005,0.049
2023-09-23 06:00:00,SWM15,5.0,50.985810650000005,0.0
2023-09-23 06:00:00,SWM2,5.2,53.025243076,0.007
2023-09-23 06:00:00,SWM3,5.2,53.025243076,0.0
2023-09-23 06:00:00,SWM4,5.2,53.025243076,0.0
2023-09-23 06:00:00,SWM6,5.1,52.005526863,0.0
2023-09-23 06:00:00,SWM7,5.3,54.044959289000005,0.019
2023-09-23 06:00:00,SWM8,5.1,52.005526863,0.001
2023-09-23 06:00:00,SWM9,4.6,46.906945798,0.0
2023-09-23 07:00:00,SWM10,4.4,44.867513372000005,0.018
2023-09-23 07:00:00,SWM10B,4.2,42.82808094600001,0.058
2023-09-23 07:00:00,SWM10C,4.2,42.82808094600001,0.001
2023-09-23 07:00:00,SWM11,5.1,52.005526863,0.033
2023-09-23 07:00:00,SWM12,5.0,50.985810650000005,0.0
2023-09-23 07:00:00,SWM13,5.1,52.005526863,0.063
2023-09-23 07:00:00,SWM14,5.2,53.025243076,0.312
2023-09-23 07:00:00,SWM15,4.9,49.96609443700001,0.0
2023-09-23 07:00:00,SWM2,5.1,52.005526863,0.0
2023-09-23 07:00:00,SWM3,5.2,53.025243076,0.0
2023-09-23 07:00:00,SWM4,5.1,52.005526863,0.032
2023-09-23 07:00:00,SWM6,5.0,50.985810650000005,0.0
2023-09-23 07:00:00,SWM7,5.2,53.025243076,0.043
2023-09-23 07:00:00,SWM8,5.0,50.985810650000005,
2023-09-23 07:00:00,SWM9,4.4,44.867513372000005,0.0
2023-09-23 08:00:00,SWM10,4.3,43.847797159,0.015
2023-09-23 08:00:00,SWM10B,4.2,42.82808094600001,0.009
2023-09-23 08:00:00,SWM10C,4.1,41.808364733,0.0
2023-09-23 08:00:00,SWM11,5.0,50.985810650000005,0.016
2023-09-23 08:00:00,SWM12,4.9,49.96609443700001,0.0
2023-09-23 08:00:00,SWM13,5.1,52.005526863,0.023
2023-09-23 08:00:00,SWM14,5.1,52.005526863,0.426
2023-09-23 08:00:00,SWM15,4.9,49.96609443700001,0.004
2023-09-23 08:00:00,SWM2,5.1,52.005526863,0.015
2023-09-23 08:00:00,SWM3,5.1,52.005526863,0.012
2023-09-23 08:00:00,SWM4,5.1,52.005526863,0.078
2023-09-23 08:00:00,SWM6,4.9,49.96609443700001,0.0
2023-09-23 08:00:00,SWM7,5.2,53.025243076,0.009
2023-09-23 08:00:00,SWM8,5.0,50.985810650000005,0.0
2023-09-23 08:00:00,SWM9,6.2,63.222405206000005,0.0
2023-09-23 09:00:00,SWM10,4.3,43.847797159,0.007
2023-09-23 09:00:00,SWM10B,4.2,42.82808094600001,0.001
2023-09-23 09:00:00,SWM10C,4.2,42.82808094600001,0.0
2023-09-23 09:00:00,SWM11,5.1,52.005526863,0.041
2023-09-23 09:00:00,SWM12,5.0,50.985810650000005,0.0
2023-09-23 09:00:00,SWM13,5.1,52.005526863,0.051
2023-09-23 09:00:00,SWM14,5.2,53.025243076,0.406
2023-09-23 09:00:00,SWM15,4.9,49.96609443700001,0.0
2023-09-23 09:00:00,SWM2,5.2,53.025243076,0.015
2023-09-23 09:00:00,SWM3,5.2,53.025243076,0.055
2023-09-23 09:00:00,SWM4,5.1,52.005526863,0.072
2023-09-23 09:00:00,SWM6,5.0,50.985810650000005,0.0
2023-09-23 09:00:00,SWM7,5.2,53.025243076,0.236
2023-09-23 09:00:00,SWM8,5.0,50.985810650000005,0.0
2023-09-23 09:00:00,SWM9,5.9,60.163256567000005,0.0
2023-09-23 10:00:00,SWM10,4.35,44.3576552655,0.0
2023-09-23 10:00:00,SWM10B,4.2,42.82808094600001,0.024
2023-09-23 10:00:00,SWM10C,4.2,42.82808094600001,0.0
2023-09-23 10:00:00,SWM11,5.1,52.005526863,0.018
2023-09-23 10:00:00,SWM12,5.0,50.985810650000005,0.0
2023-09-23 10:00:00,SWM13,5.2,53.025243076,0.0
2023-09-23 10:00:00,SWM14,5.25,53.5351011825,0.422
2023-09-23 10:00:00,SWM15,5.0,50.985810650000005,0.002
2023-09-23 10:00:00,SWM2,5.2,53.025243076,0.022
2023-09-23 10:00:00,SWM3,5.3,54.044959289000005,0.004
2023-09-23 10:00:00,SWM4,5.2,53.025243076,0.016
2023-09-23 10:00:00,SWM6,5.1,52.005526863,0.008
2023-09-23 10:00:00,SWM7,5.3,54.044959289000005,0.052
2023-09-23 10:00:00,SWM8,5.0,50.985810650000005,0.0
2023-09-23 10:00:00,SWM9,5.6,57.104107928,0.0
2023-09-23 11:00:00,SWM10,4.35,44.3576552655,0.014
2023-09-23 11:00:00,SWM10B,4.2,42.82808094600001,0.005
2023-09-23 11:00:00,SWM10C,4.2,42.82808094600001,0.0
2023-09-23 11:00:00,SWM11,5.1,52.005526863,0.009
2023-09-23 11:00:00,SWM12,4.9,49.96609443700001,0.0
2023-09-23 11:00:00,SWM13,5.1,52.005526863,0.146
2023-09-23 11:00:00,SWM14,5.2,53.025243076,0.372
2023-09-23 11:00:00,SWM15,4.9,49.96609443700001,0.004
2023-09-23 11:00:00,SWM2,5.2,53.025243076,0.047
2023-09-23 11:00:00,SWM3,5.2,53.025243076,0.014
2023-09-23 11:00:00,SWM4,5.1,52.005526863,0.004
2023-09-23 11:00:00,SWM6,5.0,50.985810650000005,0.001
2023-09-23 11:00:00,SWM7,5.2,53.025243076,0.134
2023-09-23 11:00:00,SWM8,5.0,50.985810650000005,0.0
2023-09-23 11:00:00,SWM9,5.3,54.044959289000005,0.0
2023-09-23 12:00:00,SWM10,4.3,43.847797159,0.005
2023-09-23 12:00:00,SWM10B,4.2,42.82808094600001,0.004
2023-09-23 12:00:00,SWM10C,4.2,42.82808094600001,0.0
2023-09-23 12:00:00,SWM11,5.1,52.005526863,0.008
2023-09-23 12:00:00,SWM12,5.0,50.985810650000005,0.009
2023-09-23 12:00:00,SWM13,5.1,52.005526863,0.057
2023-09-23 12:00:00,SWM14,5.2,53.025243076,0.373
2023-09-23 12:00:00,SWM15,4.9,49.96609443700001,0.012
2023-09-23 12:00:00,SWM2,5.2,53.025243076,0.058
2023-09-23 12:00:00,SWM3,5.2,53.025243076,0.002
2023-09-23 12:00:00,SWM4,5.1,52.005526863,0.011
2023-09-23 12:00:00,SWM6,5.0,50.985810650000005,0.158
2023-09-23 12:00:00,SWM7,5.2,53.025243076,0.069
2023-09-23 12:00:00,SWM8,5.0,50.985810650000005,0.0
2023-09-23 12:00:00,SWM9,5.1,52.005526863,0.0
2023-09-23 13:00:00,SWM10,4.4,44.867513372000005,0.023
2023-09-23 13:00:00,SWM10B,4.2,42.82808094600001,0.029
2023-09-23 13:00:00,SWM10C,4.2,42.82808094600001,0.0
2023-09-23 13:00:00,SWM11,5.2,53.025243076,0.019
2023-09-23 13:00:00,SWM12,5.1,52.005526863,0.0
2023-09-23 13:00:00,SWM13,5.2,53.025243076,0.0
2023-09-23 13:00:00,SWM14,5.3,54.044959289000005,0.372
2023-09-23 13:00:00,SWM15,5.0,50.985810650000005,0.002
2023-09-23 13:00:00,SWM2,5.3,54.044959289000005,0.024
2023-09-23 13:00:00,SWM3,5.3,54.044959289000005,0.04
2023-09-23 13:00:00,SWM4,5.2,53.025243076,0.003
2023-09-23 13:00:00,SWM6,5.1,52.005526863,0.017
2023-09-23 13:00:00,SWM7,5.3,54.044959289000005,0.138
2023-09-23 13:00:00,SWM8,5.1,52.005526863,0.0
2023-09-23 13:00:00,SWM9,4.8,48.946378224,0.0
2023-09-23 14:00:00,SWM10,4.3,43.847797159,0.0
2023-09-23 14:00:00,SWM10B,4.15,42.31822283950001,0.007
2023-09-23 14:00:00,SWM10C,4.1,41.808364733,0.0
2023-09-23 14:00:00,SWM11,5.2,53.025243076,0.001
2023-09-23 14:00:00,SWM12,5.1,52.005526863,0.0
2023-09-23 14:00:00,SWM13,5.2,53.025243076,0.012
2023-09-23 14:00:00,SWM14,5.3,54.044959289000005,0.395
2023-09-23 14:00:00,SWM15,5.0,50.985810650000005,0.001
2023-09-23 14:00:00,SWM2,5.3,54.044959289000005,0.053
2023-09-23 14:00:00,SWM3,5.3,54.044959289000005,0.007
2023-09-23 14:00:00,SWM4,5.2,53.025243076,0.013
2023-09-23 14:00:00,SWM6,5.1,52.005526863,0.003
2023-09-23 14:00:00,SWM7,5.4,55.06467550200001,0.045
2023-09-23 14:00:00,SWM8,5.1,52.005526863,0.0
2023-09-23 14:00:00,SWM9,4.6,46.906945798,0.0
2023-09-23 15:00:00,SWM10,4.3,43.847797159,0.0
2023-09-23 15:00:00,SWM10B,4.2,42.82808094600001,0.013
2023-09-23 15:00:00,SWM10C,4.2,42.82808094600001,0.0
2023-09-23 15:00:00,SWM11,5.1,52.005526863,0.008
2023-09-23 15:00:00,SWM12,5.0,50.985810650000005,0.0
2023-09-23 15:00:00,SWM13,5.2,53.025243076,0.008
2023-09-23 15:00:00,SWM14,5.2,53.025243076,0.409
2023-09-23 15:00:00,SWM15,5.0,50.985810650000005,0.027
2023-09-23 15:00:00,SWM2,5.2,53.025243076,0.05
2023-09-23 15:00:00,SWM3,5.3,54.044959289000005,0.003
2023-09-23 15:00:00,SWM4,5.2,53.025243076,0.015
2023-09-23 15:00:00,SWM6,5.1,52.005526863,0.015
2023-09-23 15:00:00,SWM7,5.3,54.044959289000005,0.047
2023-09-23 15:00:00,SWM8,5.1,52.005526863,0.0
2023-09-23 15:00:00,SWM9,4.5,45.887229585,0.0
2023-09-23 16:00:00,SWM10,4.3,43.847797159,0.0
2023-09-23 16:00:00,SWM10B,4.2,42.82808094600001,0.011
2023-09-23 16:00:00,SWM10C,4.15,42.31822283950001,0.001
2023-09-23 16:00:00,SWM11,5.1,52.005526863,0.0
2023-09-23 16:00:00,SWM12,5.0,50.985810650000005,0.0
2023-09-23 16:00:00,SWM13,5.2,53.025243076,0.204
2023-09-23 16:00:00,SWM14,5.2,53.025243076,0.47
2023-09-23 16:00:00,SWM15,5.0,50.985810650000005,0.017
2023-09-23 16:00:00,SWM2,5.2,53.025243076,0.04
2023-09-23 16:00:00,SWM3,5.3,54.044959289000005,0.008
2023-09-23 16:00:00,SWM4,5.2,53.025243076,0.026
2023-09-23 16:00:00,SWM6,5.1,52.005526863,0.0
2023-09-23 16:00:00,SWM7,5.3,54.044959289000005,0.058
2023-09-23 16:00:00,SWM8,5.1,52.005526863,0.0
2023-09-23 16:00:00,SWM9,6.2,63.222405206000005,0.0
2023-09-23 17:00:00,SWM10,4.3,43.847797159,0.0
2023-09-23 17:00:00,SWM10B,4.2,42.82808094600001,0.02
2023-09-23 17:00:00,SWM10C,4.2,42.82808094600001,0.0
2023-09-23 17:00:00,SWM11,5.2,53.025243076,0.009
2023-09-23 17:00:00,SWM12,5.1,52.005526863,0.0
2023-09-23 17:00:00,SWM13,5.3,54.044959289000005,0.014
2023-09-23 17:00:00,SWM14,5.3,54.044959289000005,0.401
2023-09-23 17:00:00,SWM15,5.1,52.005526863,0.019
2023-09-23 17:00:00,SWM2,5.3,54.044959289000005,0.14
2023-09-23 17:00:00,SWM3,5.4,55.06467550200001,0.026
2023-09-23 17:00:00,SWM4,5.3,54.044959289000005,0.012
2023-09-23 17:00:00,SWM6,5.2,53.025243076,0.006
2023-09-23 17:00:00,SWM7,5.4,55.06467550200001,0.021
2023-09-23 17:00:00,SWM8,5.2,53.025243076,0.0
2023-09-23 17:00:00,SWM9,5.9,60.163256567000005,0.0
2023-09-23 18:00:00,SWM10,4.3,43.847797159,0.0
2023-09-23 18:00:00,SWM10B,4.2,42.82808094600001,0.01
2023-09-23 18:00:00,SWM10C,4.2,42.82808094600001,0.0
2023-09-23 18:00:00,SWM11,5.3,54.044959289000005,0.004
2023-09-23 18:00:00,SWM12,5.15,52.515384969500005,0.009
2023-09-23 18:00:00,SWM13,5.3,54.044959289000005,0.007
2023-09-23 18:00:00,SWM14,5.4,55.06467550200001,0.456
2023-09-23 18:00:00,SWM15,5.1,52.005526863,0.006
2023-09-23 18:00:00,SWM2,5.4,55.06467550200001,0.032
2023-09-23 18:00:00,SWM3,5.4,55.06467550200001,0.0
2023-09-23 18:00:00,SWM4,5.3,54.044959289000005,0.018
2023-09-23 18:00:00,SWM6,5.2,53.025243076,0.019
2023-09-23 18:00:00,SWM7,5.4,55.06467550200001,0.024
2023-09-23 18:00:00,SWM8,5.2,53.025243076,0.0
2023-09-23 18:00:00,SWM9,5.6,57.104107928,0.0
2023-09-23 19:00:00,SWM10,4.3,43.847797159,0.0
2023-09-23 19:00:00,SWM10B,4.2,42.82808094600001,0.029
2023-09-23 19:00:00,SWM10C,4.2,42.82808094600001,0.0
2023-09-23 19:00:00,SWM11,5.3,54.044959289000005,0.01
2023-09-23 19:00:00,SWM12,5.2,53.025243076,0.006
2023-09-23 19:00:00,SWM13,5.3,54.044959289000005,0.002
2023-09-23 19:00:00,SWM14,5.4,55.06467550200001,0.39
2023-09-23 19:00:00,SWM15,5.1,52.005526863,0.0
2023-09-23 19:00:00,SWM2,5.3,54.044959289000005,0.004
2023-09-23 19:00:00,SWM3,5.4,55.06467550200001,0.0
2023-09-23 19:00:00,SWM4,5.3,54.044959289000005,0.009
2023-09-23 19:00:00,SWM6,5.2,53.025243076,0.013
2023-09-23 19:00:00,SWM7,5.4,55.06467550200001,0.014
2023-09-23 19:00:00,SWM8,5.2,53.025243076,0.0
2023-09-23 19:00:00,SWM9,5.3,54.044959289000005,0.0
2023-09-23 20:00:00,SWM10,4.3,43.847797159,0.0
2023-09-23 20:00:00,SWM10B,4.2,42.82808094600001,0.017
2023-09-23 20:00:00,SWM10C,4.2,42.82808094600001,0.0
2023-09-23 20:00:00,SWM11,5.05,51.4956687565,0.015
2023-09-23 20:00:00,SWM12,4.9,49.96609443700001,0.0
2023-09-23 20:00:00,SWM13,5.1,52.005526863,0.009
2023-09-23 20:00:00,SWM14,5.1,52.005526863,0.385
2023-09-23 20:00:00,SWM15,4.9,49.96609443700001,0.0
2023-09-23 20:00:00,SWM2,5.1,52.005526863,0.0
2023-09-23 20:00:00,SWM3,5.1,52.005526863,0.0
2023-09-23 20:00:00,SWM4,5.1,52.005526863,0.009
2023-09-23 20:00:00,SWM6,5.0,50.985810650000005,0.005
2023-09-23 20:00:00,SWM7,5.2,53.025243076,0.029
2023-09-23 20:00:00,SWM8,5.0,50.985810650000005,0.0
2023-09-23 20:00:00,SWM9,5.1,52.005526863,0.0
2023-09-23 21:00:00,SWM10,4.6,46.906945798,0.0
2023-09-23 21:00:00,SWM10B,4.5,45.887229585,0.053
2023-09-23 21:00:00,SWM10C,4.5,45.887229585,0.0
2023-09-23 21:00:00,SWM11,5.0,50.985810650000005,0.003
2023-09-23 21:00:00,SWM12,4.9,49.96609443700001,0.0
2023-09-23 21:00:00,SWM13,5.1,52.005526863,0.01
2023-09-23 21:00:00,SWM14,5.1,52.005526863,0.37
2023-09-23 21:00:00,SWM15,4.9,49.96609443700001,0.0
2023-09-23 21:00:00,SWM2,5.1,52.005526863,0.07
2023-09-23 21:00:00,SWM3,5.1,52.005526863,0.0
2023-09-23 21:00:00,SWM4,5.1,52.005526863,0.001
2023-09-23 21:00:00,SWM6,5.0,50.985810650000005,0.006
2023-09-23 21:00:00,SWM7,5.2,53.025243076,0.024
2023-09-23 21:00:00,SWM8,5.0,50.985810650000005,0.001
2023-09-23 21:00:00,SWM9,4.8,48.946378224,0.0
2023-09-23 22:00:00,SWM10,4.8,48.946378224,0.0
2023-09-23 22:00:00,SWM10B,4.7,47.926662011000005,0.0
2023-09-23 22:00:00,SWM10C,4.7,47.926662011000005,0.0
2023-09-23 22:00:00,SWM11,5.1,52.005526863,0.008
2023-09-23 22:00:00,SWM12,5.0,50.985810650000005,0.0
2023-09-23 22:00:00,SWM13,5.2,53.025243076,0.028
2023-09-23 22:00:00,SWM14,5.2,53.025243076,0.383
2023-09-23 22:00:00,SWM15,4.9,49.96609443700001,0.0
2023-09-23 22:00:00,SWM2,5.2,53.025243076,0.0
2023-09-23 22:00:00,SWM3,5.2,53.025243076,0.0
2023-09-23 22:00:00,SWM4,5.2,53.025243076,0.0
2023-09-23 22:00:00,SWM6,5.1,52.005526863,0.007
2023-09-23 22:00:00,SWM7,5.3,54.044959289000005,0.015
2023-09-23 22:00:00,SWM8,5.1,52.005526863,
2023-09-23 22:00:00,SWM9,4.6,46.906945798,0.0
2023-09-23 23:00:00,SWM10,4.1,41.808364733,0.0
2023-09-23 23:00:00,SWM10B,4.0,40.78864852,0.003
2023-09-23 23:00:00,SWM10C,4.05,41.2985066265,0.0
2023-09-23 23:00:00,SWM11,5.2,53.025243076,0.0
2023-09-23 23:00:00,SWM12,5.1,52.005526863,0.0
2023-09-23 23:00:00,SWM13,5.2,53.025243076,0.0
2023-09-23 23:00:00,SWM14,5.3,54.044959289000005,0.372
2023-09-23 23:00:00,SWM15,5.0,50.985810650000005,0.009
2023-09-23 23:00:00,SWM2,5.2,53.025243076,0.0
2023-09-23 23:00:00,SWM3,5.3,54.044959289000005,0.0
2023-09-23 23:00:00,SWM4,5.2,53.025243076,0.004
2023-09-23 23:00:00,SWM6,5.1,52.005526863,0.007
2023-09-23 23:00:00,SWM7,5.3,54.044959289000005,0.0
2023-09-23 23:00:00,SWM8,5.1,52.005526863,0.0
2023-09-23 23:00:00,SWM9,4.4,44.867513372000005,0.0
2023-09-24 00:00:00,SWM10,4.4,44.867513372000005,0.0
2023-09-24 00:00:00,SWM10B,4.3,43.847797159,0.005
2023-09-24 00:00:00,SWM10C,4.3,43.847797159,0.0
2023-09-24 00:00:00,SWM11,5.2,53.025243076,0.0
2023-09-24 00:00:00,SWM12,5.1,52.005526863,0.0
2023-09-24 00:00:00,SWM13,5.2,53.025243076,0.002
2023-09-24 00:00:00,SWM14,5.3,54.044959289000005,0.374
2023-09-24 00:00:00,SWM15,5.0,50.985810650000005,0.0
2023-09-24 00:00:00,SWM2,5.2,53.025243076,0.0
2023-09-24 00:00:00,SWM3,5.3,54.044959289000005,0.012
2023-09-24 00:00:00,SWM4,5.2,53.025243076,0.004
2023-09-24 00:00:00,SWM6,5.1,52.005526863,0.011
2023-09-24 00:00:00,SWM7,5.3,54.044959289000005,0.007
2023-09-24 00:00:00,SWM8,5.1,52.005526863,0.0
2023-09-24 00:00:00,SWM9,6.25,63.7322633125,0.0
2023-09-24 01:00:00,SWM10,4.1,41.808364733,0.0
2023-09-24 01:00:00,SWM10B,4.0,40.78864852,0.0
2023-09-24 01:00:00,SWM10C,4.0,40.78864852,0.0
2023-09-24 01:00:00,SWM11,5.2,53.025243076,0.007
2023-09-24 01:00:00,SWM12,5.1,52.005526863,0.0
2023-09-24 01:00:00,SWM13,5.2,53.025243076,0.0
2023-09-24 01:00:00,SWM14,5.3,54.044959289000005,0.372
2023-09-24 01:00:00,SWM15,5.0,50.985810650000005,0.0
2023-09-24 01:00:00,SWM2,5.2,53.025243076,0.0
2023-09-24 01:00:00,SWM3,5.3,54.044959289000005,0.0
2023-09-24 01:00:00,SWM4,5.3,54.044959289000005,0.0
2023-09-24 01:00:00,SWM6,5.15,52.515384969500005,0.028
2023-09-24 01:00:00,SWM7,5.4,55.06467550200001,0.007
2023-09-24 01:00:00,SWM8,5.1,52.005526863,0.0
2023-09-24 01:00:00,SWM9,5.9,60.163256567000005,0.0
2023-09-24 02:00:00,SWM10,4.3,43.847797159,0.0
2023-09-24 02:00:00,SWM10B,4.15,42.31822283950001,0.004
2023-09-24 02:00:00,SWM10C,4.15,42.31822283950001,0.0
2023-09-24 02:00:00,SWM11,5.2,53.025243076,0.0
2023-09-24 02:00:00,SWM12,5.1,52.005526863,0.0
2023-09-24 02:00:00,SWM13,5.2,53.025243076,0.0
2023-09-24 02:00:00,SWM14,5.6,57.104107928,0.187
2023-09-24 02:00:00,SWM15,5.0,50.985810650000005,0.0
2023-09-24 02:00:00,SWM2,5.3,54.044959289000005,0.0
2023-09-24 02:00:00,SWM3,5.3,54.044959289000005,0.0
2023-09-24 02:00:00,SWM4,5.3,54.044959289000005,0.0
2023-09-24 02:00:00,SWM6,5.2,53.025243076,0.011
2023-09-24 02:00:00,SWM7,5.4,55.06467550200001,0.006
2023-09-24 02:00:00,SWM8,5.1,52.005526863,0.0
2023-09-24 02:00:00,SWM9,5.6,57.104107928,0.0
2023-09-24 03:00:00,SWM10,4.3,43.847797159,0.0
2023-09-24 03:00:00,SWM10B,4.2,42.82808094600001,0.001
2023-09-24 03:00:00,SWM10C,4.25,43.337939052500005,0.0
2023-09-24 03:00:00,SWM11,5.3,54.044959289000005,0.001
2023-09-24 03:00:00,SWM12,5.1,52.005526863,0.0
2023-09-24 03:00:00,SWM13,5.2,53.025243076,0.0
2023-09-24 03:00:00,SWM14,5.6,57.104107928,0.0
2023-09-24 03:00:00,SWM15,5.1,52.005526863,0.0
2023-09-24 03:00:00,SWM2,5.3,54.044959289000005,0.0
2023-09-24 03:00:00,SWM3,5.3,54.044959289000005,0.0
2023-09-24 03:00:00,SWM4,5.3,54.044959289000005,0.004
2023-09-24 03:00:00,SWM6,5.2,53.025243076,0.0
2023-09-24 03:00:00,SWM7,5.4,55.06467550200001,0.0
2023-09-24 03:00:00,SWM8,5.1,52.005526863,0.0
2023-09-24 03:00:00,SWM9,5.4,55.06467550200001,0.0
2023-09-24 04:00:00,SWM10,4.25,43.337939052500005,0.0
2023-09-24 04:00:00,SWM10B,4.15,42.31822283950001,0.004
2023-09-24 04:00:00,SWM10C,4.15,42.31822283950001,0.0
2023-09-24 04:00:00,SWM11,5.7,58.12382414100001,0.005
2023-09-24 04:00:00,SWM12,5.5,56.084391715,0.0
2023-09-24 04:00:00,SWM13,5.7,58.12382414100001,0.004
2023-09-24 04:00:00,SWM14,6.0,61.18297278,0.0
2023-09-24 04:00:00,SWM15,5.4,55.06467550200001,0.0
2023-09-24 04:00:00,SWM2,5.7,58.12382414100001,0.0
2023-09-24 04:00:00,SWM3,5.7,58.12382414100001,0.0
2023-09-24 04:00:00,SWM4,5.7,58.12382414100001,0.0
2023-09-24 04:00:00,SWM6,5.6,57.104107928,0.014
2023-09-24 04:00:00,SWM7,5.8,59.143540354,0.029
2023-09-24 04:00:00,SWM8,5.5,56.084391715,0.0
2023-09-24 04:00:00,SWM9,5.1,52.005526863,0.0
2023-09-24 05:00:00,SWM10,4.2,42.82808094600001,0.0
2023-09-24 05:00:00,SWM10B,4.2,42.82808094600001,0.015
2023-09-24 05:00:00,SWM10C,4.1,41.808364733,0.0
2023-09-24 05:00:00,SWM11,5.55,56.5942498215,0.038
2023-09-24 05:00:00,SWM12,5.4,55.06467550200001,0.009
2023-09-24 05:00:00,SWM13,5.5,56.084391715,0.0
2023-09-24 05:00:00,SWM14,5.9,60.163256567000005,0.0
2023-09-24 05:00:00,SWM15,5.3,54.044959289000005,0.0
2023-09-24 05:00:00,SWM2,5.6,57.104107928,0.0
2023-09-24 05:00:00,SWM3,5.6,57.104107928,0.0
2023-09-24 05:00:00,SWM4,5.6,57.104107928,0.004
2023-09-24 05:00:00,SWM6,5.5,56.084391715,0.0
2023-09-24 05:00:00,SWM7,5.7,58.12382414100001,0.0
2023-09-24 05:00:00,SWM8,5.5,56.084391715,0.0
2023-09-24 05:00:00,SWM9,4.9,49.96609443700001,0.0
2023-09-24 06:00:00,SWM10,4.3,43.847797159,0.001
2023-09-24 06:00:00,SWM10B,4.2,42.82808094600001,0.005
2023-09-24 06:00:00,SWM10C,4.2,42.82808094600001,0.0
2023-09-24 06:00:00,SWM11,5.3,54.044959289000005,0.053
2023-09-24 06:00:00,SWM12,5.2,53.025243076,0.0
2023-09-24 06:00:00,SWM13,5.3,54.044959289000005,0.0
2023-09-24 06:00:00,SWM14,5.7,58.12382414100001,0.0
2023-09-24 06:00:00,SWM15,5.2,53.025243076,0.0
2023-09-24 06:00:00,SWM2,5.4,55.06467550200001,0.0
2023-09-24 06:00:00,SWM3,5.4,55.06467550200001,0.0
2023-09-24 06:00:00,SWM4,5.4,55.06467550200001,0.0
2023-09-24 06:00:00,SWM6,5.3,54.044959289000005,0.0
2023-09-24 06:00:00,SWM7,5.5,56.084391715,0.063
2023-09-24 06:00:00,SWM8,5.3,54.044959289000005,0.0
2023-09-24 06:00:00,SWM9,4.6,46.906945798,0.0
2023-09-24 07:00:00,SWM10,4.3,43.847797159,0.0
2023-09-24 07:00:00,SWM10B,4.2,42.82808094600001,0.046
2023-09-24 07:00:00,SWM10C,4.2,42.82808094600001,0.0
2023-09-24 07:00:00,SWM11,5.2,53.025243076,0.011
2023-09-24 07:00:00,SWM12,5.1,52.005526863,0.0
2023-09-24 07:00:00,SWM13,5.2,53.025243076,0.013
2023-09-24 07:00:00,SWM14,5.6,57.104107928,0.002
2023-09-24 07:00:00,SWM15,5.0,50.985810650000005,0.0
2023-09-24 07:00:00,SWM2,5.3,54.044959289000005,0.01
2023-09-24 07:00:00,SWM3,5.3,54.044959289000005,0.009
2023-09-24 07:00:00,SWM4,5.3,54.044959289000005,0.019
2023-09-24 07:00:00,SWM6,5.1,52.005526863,0.0
2023-09-24 07:00:00,SWM7,5.3,54.044959289000005,0.161
2023-09-24 07:00:00,SWM8,5.1,52.005526863,0.003
2023-09-24 07:00:00,SWM9,4.4,44.867513372000005,0.0
2023-09-24 08:00:00,SWM10,4.3,43.847797159,0.0
2023-09-24 08:00:00,SWM10B,4.2,42.82808094600001,0.037
2023-09-24 08:00:00,SWM10C,4.2,42.82808094600001,0.0
2023-09-24 08:00:00,SWM11,5.2,53.025243076,0.001
2023-09-24 08:00:00,SWM12,5.1,52.005526863,0.0
2023-09-24 08:00:00,SWM13,5.25,53.5351011825,0.081
2023-09-24 08:00:00,SWM14,5.6,57.104107928,0.065
2023-09-24 08:00:00,SWM15,5.0,50.985810650000005,0.007
2023-09-24 08:00:00,SWM2,5.3,54.044959289000005,0.0
2023-09-24 08:00:00,SWM3,5.3,54.044959289000005,0.004
2023-09-24 08:00:00,SWM4,5.3,54.044959289000005,0.033
2023-09-24 08:00:00,SWM6,5.1,52.005526863,0.0
2023-09-24 08:00:00,SWM7,5.4,55.06467550200001,0.197
2023-09-24 08:00:00,SWM8,5.1,52.005526863,
2023-09-24 08:00:00,SWM9,6.3,64.242121419,0.0
2023-09-24 09:00:00,SWM10,4.3,43.847797159,0.0
2023-09-24 09:00:00,SWM10B,4.2,42.82808094600001,0.078
2023-09-24 09:00:00,SWM10C,4.2,42.82808094600001,0.0
2023-09-24 09:00:00,SWM11,5.2,53.025243076,0.018
2023-09-24 09:00:00,SWM12,5.1,52.005526863,0.0
2023-09-24 09:00:00,SWM13,5.2,53.025243076,0.04
2023-09-24 09:00:00,SWM14,5.5,56.084391715,0.065
2023-09-24 09:00:00,SWM15,5.0,50.985810650000005,0.004
2023-09-24 09:00:00,SWM2,5.3,54.044959289000005,0.016
2023-09-24 09:00:00,SWM3,5.3,54.044959289000005,0.076
2023-09-24 09:00:00,SWM4,5.2,53.025243076,0.021
2023-09-24 09:00:00,SWM6,5.1,52.005526863,0.0
2023-09-24 09:00:00,SWM7,5.3,54.044959289000005,0.043
2023-09-24 09:00:00,SWM8,5.1,52.005526863,0.0
2023-09-24 09:00:00,SWM9,6.1,62.202688993,0.0
2023-09-24 10:00:00,SWM10,4.4,44.867513372000005,0.0
2023-09-24 10:00:00,SWM10B,4.3,43.847797159,0.026
2023-09-24 10:00:00,SWM10C,4.3,43.847797159,0.001
2023-09-24 10:00:00,SWM11,5.1,52.005526863,0.002
2023-09-24 10:00:00,SWM12,5.0,50.985810650000005,0.0
2023-09-24 10:00:00,SWM13,5.2,53.025243076,0.029
2023-09-24 10:00:00,SWM14,5.5,56.084391715,0.0
2023-09-24 10:00:00,SWM15,5.0,50.985810650000005,0.004
2023-09-24 10:00:00,SWM2,5.2,53.025243076,0.011
2023-09-24 10:00:00,SWM3,5.3,54.044959289000005,0.067
2023-09-24 10:00:00,SWM4,5.2,53.025243076,0.013
2023-09-24 10:00:00,SWM6,5.1,52.005526863,0.008
2023-09-24 10:00:00,SWM7,5.3,54.044959289000005,0.052
2023-09-24 10:00:00,SWM8,5.1,52.005526863,0.0
2023-09-24 10:00:00,SWM9,5.7,58.12382414100001,0.0
2023-09-24 11:00:00,SWM10,4.7,47.926662011000005,0.0
2023-09-24 11:00:00,SWM10B,4.7,47.926662011000005,0.007
2023-09-24 11:00:00,SWM10C,4.65,47.41680390450001,0.0
2023-09-24 11:00:00,SWM11,5.0,50.985810650000005,0.025
2023-09-24 11:00:00,SWM12,4.9,49.96609443700001,0.0
2023-09-24 11:00:00,SWM13,5.1,52.005526863,0.018
2023-09-24 11:00:00,SWM14,5.4,55.06467550200001,0.005
2023-09-24 11:00:00,SWM15,4.9,49.96609443700001,0.034
2023-09-24 11:00:00,SWM2,5.1,52.005526863,0.001
2023-09-24 11:00:00,SWM3,5.1,52.005526863,0.01
2023-09-24 11:00:00,SWM4,5.1,52.005526863,0.003
2023-09-24 11:00:00,SWM6,5.0,50.985810650000005,0.028
2023-09-24 11:00:00,SWM7,5.2,53.025243076,0.027
2023-09-24 11:00:00,SWM8,5.0,50.985810650000005,0.0
2023-09-24 11:00:00,SWM9,5.5,56.084391715,
2023-09-24 12:00:00,SWM10,4.2,42.82808094600001,0.0
2023-09-24 12:00:00,SWM10B,4.15,42.31822283950001,0.011
2023-09-24 12:00:00,SWM10C,4.1,41.808364733,0.0
2023-09-24 12:00:00,SWM11,5.0,50.985810650000005,0.001
2023-09-24 12:00:00,SWM12,4.9,49.96609443700001,0.016
2023-09-24 12:00:00,SWM13,5.0,50.985810650000005,0.035
2023-09-24 12:00:00,SWM14,5.3,54.044959289000005,0.021
2023-09-24 12:00:00,SWM15,4.8,48.946378224,0.0
2023-09-24 12:00:00,SWM2,5.0,50.985810650000005,0.0
2023-09-24 12:00:00,SWM3,5.1,52.005526863,0.0
2023-09-24 12:00:00,SWM4,5.0,50.985810650000005,0.007
2023-09-24 12:00:00,SWM6,4.9,49.96609443700001,0.0
2023-09-24 12:00:00,SWM7,5.1,52.005526863,0.039
2023-09-24 12:00:00,SWM8,4.9,49.96609443700001,0.0
2023-09-24 12:00:00,SWM9,5.1,52.005526863,0.0
2023-09-24 13:00:00,SWM10,4.3,43.847797159,0.0
2023-09-24 13:00:00,SWM10B,4.2,42.82808094600001,0.0
2023-09-24 13:00:00,SWM10C,4.2,42.82808094600001,0.0
2023-09-24 13:00:00,SWM11,5.2,53.025243076,0.001
2023-09-24 13:00:00,SWM12,5.1,52.005526863,0.0
2023-09-24 13:00:00,SWM13,5.2,53.025243076,0.069
2023-09-24 13:00:00,SWM14,5.5,56.084391715,0.008
2023-09-24 13:00:00,SWM15,5.0,50.985810650000005,0.017
2023-09-24 13:00:00,SWM2,5.2,53.025243076,0.036
2023-09-24 13:00:00,SWM3,5.3,54.044959289000005,0.007
2023-09-24 13:00:00,SWM4,5.2,53.025243076,0.011
2023-09-24 13:00:00,SWM6,5.1,52.005526863,0.006
2023-09-24 13:00:00,SWM7,5.3,54.044959289000005,0.018
2023-09-24 13:00:00,SWM8,5.1,52.005526863,0.0
2023-09-24 13:00:00,SWM9,4.9,49.96609443700001,0.0
2023-09-24 14:00:00,SWM10,4.4,44.867513372000005,0.0
2023-09-24 14:00:00,SWM10B,4.2,42.82808094600001,0.011
2023-09-24 14:00:00,SWM10C,4.2,42.82808094600001,0.0
2023-09-24 14:00:00,SWM11,5.2,53.025243076,0.011
2023-09-24 14:00:00,SWM12,5.05,51.4956687565,0.0
2023-09-24 14:00:00,SWM13,5.2,53.025243076,0.022
2023-09-24 14:00:00,SWM14,5.5,56.084391715,0.064
2023-09-24 14:00:00,SWM15,5.0,50.985810650000005,0.033
2023-09-24 14:00:00,SWM2,5.2,53.025243076,0.008
2023-09-24 14:00:00,SWM3,5.3,54.044959289000005,0.0
2023-09-24 14:00:00,SWM4,5.2,53.025243076,0.025
2023-09-24 14:00:00,SWM6,5.1,52.005526863,0.008
2023-09-24 14:00:00,SWM7,5.3,54.044959289000005,0.034
2023-09-24 14:00:00,SWM8,5.1,52.005526863,0.0
2023-09-24 14:00:00,SWM9,4.7,47.926662011000005,0.0
2023-09-24 15:00:00,SWM10,4.5,45.887229585,0.099
2023-09-24 15:00:00,SWM10B,4.4,44.867513372000005,0.0
2023-09-24 15:00:00,SWM10C,4.4,44.867513372000005,0.034
2023-09-24 15:00:00,SWM11,5.2,53.025243076,0.007
2023-09-24 15:00:00,SWM12,5.1,52.005526863,0.0
2023-09-24 15:00:00,SWM13,5.3,54.044959289000005,0.1
2023-09-24 15:00:00,SWM14,5.6,57.104107928,0.018
2023-09-24 15:00:00,SWM15,5.1,52.005526863,0.01
2023-09-24 15:00:00,SWM2,5.3,54.044959289000005,0.039
2023-09-24 15:00:00,SWM3,5.3,54.044959289000005,0.003
2023-09-24 15:00:00,SWM4,5.3,54.044959289000005,0.0
2023-09-24 15:00:00,SWM6,5.2,53.025243076,0.0
2023-09-24 15:00:00,SWM7,5.4,55.06467550200001,0.095
2023-09-24 15:00:00,SWM8,5.15,52.515384969500005,0.0
2023-09-24 15:00:00,SWM9,4.5,45.887229585,0.011
2023-09-24 16:00:00,SWM10,4.4,44.867513372000005,0.0
2023-09-24 16:00:00,SWM10B,4.3,43.847797159,0.01
2023-09-24 16:00:00,SWM10C,4.3,43.847797159,0.003
2023-09-24 16:00:00,SWM11,5.2,53.025243076,0.012
2023-09-24 16:00:00,SWM12,5.1,52.005526863,0.0
2023-09-24 16:00:00,SWM13,5.2,53.025243076,0.025
2023-09-24 16:00:00,SWM14,5.5,56.084391715,0.012
2023-09-24 16:00:00,SWM15,5.0,50.985810650000005,0.005
2023-09-24 16:00:00,SWM2,5.3,54.044959289000005,0.02
2023-09-24 16:00:00,SWM3,5.3,54.044959289000005,0.016
2023-09-24 16:00:00,SWM4,5.3,54.044959289000005,0.006
2023-09-24 16:00:00,SWM6,5.1,52.005526863,0.009
2023-09-24 16:00:00,SWM7,5.4,55.06467550200001,0.107
2023-09-24 16:00:00,SWM8,5.1,52.005526863,0.0
2023-09-24 16:00:00,SWM9,6.1,62.202688993,0.0
2023-09-24 17:00:00,SWM10,4.4,44.867513372000005,0.022
2023-09-24 17:00:00,SWM10B,4.3,43.847797159,0.048
2023-09-24 17:00:00,SWM10C,4.3,43.847797159,0.01
2023-09-24 17:00:00,SWM11,5.1,52.005526863,0.0
2023-09-24 17:00:00,SWM12,5.0,50.985810650000005,0.0
2023-09-24 17:00:00,SWM13,5.2,53.025243076,0.059
2023-09-24 17:00:00,SWM14,5.4,55.06467550200001,0.043
2023-09-24 17:00:00,SWM15,4.9,49.96609443700001,0.002
2023-09-24 17:00:00,SWM2,5.2,53.025243076,0.111
2023-09-24 17:00:00,SWM3,5.2,53.025243076,0.003
2023-09-24 17:00:00,SWM4,5.2,53.025243076,0.001
2023-09-24 17:00:00,SWM6,5.0,50.985810650000005,0.01
2023-09-24 17:00:00,SWM7,5.3,54.044959289000005,0.169
2023-09-24 17:00:00,SWM8,5.1,52.005526863,0.013
2023-09-24 17:00:00,SWM9,5.8,59.143540354,0.0
2023-09-24 18:00:00,SWM10,4.3,43.847797159,0.05
2023-09-24 18:00:00,SWM10B,4.3,43.847797159,0.027
2023-09-24 18:00:00,SWM10C,4.3,43.847797159,0.001
2023-09-24 18:00:00,SWM11,5.2,53.025243076,0.01
2023-09-24 18:00:00,SWM12,5.0,50.985810650000005,0.0
2023-09-24 18:00:00,SWM13,5.2,53.025243076,0.107
2023-09-24 18:00:00,SWM14,5.3,54.044959289000005,0.237
2023-09-24 18:00:00,SWM15,5.0,50.985810650000005,0.02
2023-09-24 18:00:00,SWM2,5.25,53.5351011825,0.106
2023-09-24 18:00:00,SWM3,5.3,54.044959289000005,0.004
2023-09-24 18:00:00,SWM4,5.2,53.025243076,0.012
2023-09-24 18:00:00,SWM6,5.1,52.005526863,0.063
2023-09-24 18:00:00,SWM7,5.4,55.06467550200001,0.078
2023-09-24 18:00:00,SWM8,5.1,52.005526863,
2023-09-24 18:00:00,SWM9,4.3,43.847797159,0.0
2023-09-24 19:00:00,SWM10,4.4,44.867513372000005,0.024
2023-09-24 19:00:00,SWM10B,4.3,43.847797159,0.043
2023-09-24 19:00:00,SWM10C,4.3,43.847797159,0.001
2023-09-24 19:00:00,SWM11,5.2,53.025243076,0.004
2023-09-24 19:00:00,SWM12,5.1,52.005526863,0.0
2023-09-24 19:00:00,SWM13,5.2,53.025243076,0.015
2023-09-24 19:00:00,SWM14,5.3,54.044959289000005,0.387
2023-09-24 19:00:00,SWM15,5.1,52.005526863,0.014
2023-09-24 19:00:00,SWM2,5.3,54.044959289000005,0.098
2023-09-24 19:00:00,SWM3,5.3,54.044959289000005,0.001
2023-09-24 19:00:00,SWM4,5.3,54.044959289000005,0.002
2023-09-24 19:00:00,SWM6,5.1,52.005526863,0.024
2023-09-24 19:00:00,SWM7,5.4,55.06467550200001,0.025
2023-09-24 19:00:00,SWM8,5.2,53.025243076,
2023-09-24 19:00:00,SWM9,4.3,43.847797159,0.0
2023-09-24 20:00:00,SWM10,4.5,45.887229585,0.015
2023-09-24 20:00:00,SWM10B,4.4,44.867513372000005,0.013
2023-09-24 20:00:00,SWM10C,4.4,44.867513372000005,0.005
2023-09-24 20:00:00,SWM11,5.0,50.985810650000005,0.0
2023-09-24 20:00:00,SWM12,4.8,48.946378224,0.0
2023-09-24 20:00:00,SWM13,5.0,50.985810650000005,0.009
2023-09-24 20:00:00,SWM14,5.1,52.005526863,0.373
2023-09-24 20:00:00,SWM15,4.8,48.946378224,0.0
2023-09-24 20:00:00,SWM2,5.1,52.005526863,0.028
2023-09-24 20:00:00,SWM3,5.1,52.005526863,0.004
2023-09-24 20:00:00,SWM4,5.0,50.985810650000005,0.005
2023-09-24 20:00:00,SWM6,4.9,49.96609443700001,0.0
2023-09-24 20:00:00,SWM7,5.1,52.005526863,0.008
2023-09-24 20:00:00,SWM8,4.9,49.96609443700001,0.0
2023-09-24 20:00:00,SWM9,4.3,43.847797159,0.0
2023-09-24 21:00:00,SWM10,4.4,44.867513372000005,0.018
2023-09-24 21:00:00,SWM10B,4.3,43.847797159,0.0
2023-09-24 21:00:00,SWM10C,4.3,43.847797159,0.0
2023-09-24 21:00:00,SWM11,5.1,52.005526863,0.003
2023-09-24 21:00:00,SWM12,4.9,49.96609443700001,0.0
2023-09-24 21:00:00,SWM13,5.1,52.005526863,0.011
2023-09-24 21:00:00,SWM14,5.2,53.025243076,0.37
2023-09-24 21:00:00,SWM15,4.9,49.96609443700001,0.001
2023-09-24 21:00:00,SWM2,5.1,52.005526863,0.025
2023-09-24 21:00:00,SWM3,5.2,53.025243076,0.023
2023-09-24 21:00:00,SWM4,5.1,52.005526863,0.011
2023-09-24 21:00:00,SWM6,5.0,50.985810650000005,0.022
2023-09-24 21:00:00,SWM7,5.2,53.025243076,0.008
2023-09-24 21:00:00,SWM8,5.0,50.985810650000005,0.0
2023-09-24 21:00:00,SWM9,4.3,43.847797159,0.0
2023-09-24 22:00:00,SWM10,4.3,43.847797159,0.029
2023-09-24 22:00:00,SWM10B,4.1,41.808364733,0.012
2023-09-24 22:00:00,SWM10C,4.1,41.808364733,0.0
2023-09-24 22:00:00,SWM11,5.2,53.025243076,0.002
2023-09-24 22:00:00,SWM12,5.0,50.985810650000005,0.0
2023-09-24 22:00:00,SWM13,5.2,53.025243076,0.008
2023-09-24 22:00:00,SWM14,5.3,54.044959289000005,0.379
2023-09-24 22:00:00,SWM15,5.0,50.985810650000005,0.004
2023-09-24 22:00:00,SWM2,5.3,54.044959289000005,0.054
2023-09-24 22:00:00,SWM3,5.3,54.044959289000005,0.0
2023-09-24 22:00:00,SWM4,5.2,53.025243076,0.004
2023-09-24 22:00:00,SWM6,5.1,52.005526863,0.039
2023-09-24 22:00:00,SWM7,5.3,54.044959289000005,0.007
2023-09-24 22:00:00,SWM8,5.1,52.005526863,0.0
2023-09-24 22:00:00,SWM9,4.3,43.847797159,0.0
2023-09-24 23:00:00,SWM10,4.4,44.867513372000005,0.0
2023-09-24 23:00:00,SWM10B,4.3,43.847797159,0.004
2023-09-24 23:00:00,SWM10C,4.3,43.847797159,0.0
2023-09-24 23:00:00,SWM11,5.2,53.025243076,0.019
2023-09-24 23:00:00,SWM12,5.1,52.005526863,0.008
2023-09-24 23:00:00,SWM13,5.2,53.025243076,0.0
2023-09-24 23:00:00,SWM14,5.3,54.044959289000005,0.377
2023-09-24 23:00:00,SWM15,5.0,50.985810650000005,0.0
2023-09-24 23:00:00,SWM2,5.3,54.044959289000005,0.002
2023-09-24 23:00:00,SWM3,5.3,54.044959289000005,0.0
2023-09-24 23:00:00,SWM4,5.3,54.044959289000005,0.0
2023-09-24 23:00:00,SWM6,5.2,53.025243076,0.019
2023-09-24 23:00:00,SWM7,5.3,54.044959289000005,0.003
2023-09-24 23:00:00,SWM8,5.2,53.025243076,0.003
2023-09-24 23:00:00,SWM9,5.9,60.163256567000005,0.0
2023-09-25 00:00:00,SWM10,4.4,44.867513372000005,0.0
2023-09-25 00:00:00,SWM10B,4.3,43.847797159,0.0
2023-09-25 00:00:00,SWM10C,4.3,43.847797159,0.0
2023-09-25 00:00:00,SWM11,5.2,53.025243076,0.009
2023-09-25 00:00:00,SWM12,5.1,52.005526863,0.0
2023-09-25 00:00:00,SWM13,5.2,53.025243076,0.0
2023-09-25 00:00:00,SWM14,5.3,54.044959289000005,0.381
2023-09-25 00:00:00,SWM15,5.0,50.985810650000005,0.0
2023-09-25 00:00:00,SWM2,5.3,54.044959289000005,0.0
2023-09-25 00:00:00,SWM3,5.3,54.044959289000005,0.0
2023-09-25 00:00:00,SWM4,5.2,53.025243076,0.005
2023-09-25 00:00:00,SWM6,5.1,52.005526863,0.0
2023-09-25 00:00:00,SWM7,5.35,54.5548173955,0.007
2023-09-25 00:00:00,SWM8,5.1,52.005526863,
2023-09-25 00:00:00,SWM9,5.75,58.633682247500005,0.0
2023-09-25 01:00:00,SWM10,4.4,44.867513372000005,0.0
2023-09-25 01:00:00,SWM10B,4.3,43.847797159,0.0
2023-09-25 01:00:00,SWM10C,4.3,43.847797159,0.0
2023-09-25 01:00:00,SWM11,5.2,53.025243076,0.007
2023-09-25 01:00:00,SWM12,5.1,52.005526863,0.0
2023-09-25 01:00:00,SWM13,5.2,53.025243076,0.0
2023-09-25 01:00:00,SWM14,5.3,54.044959289000005,0.384
2023-09-25 01:00:00,SWM15,5.0,50.985810650000005,0.001
2023-09-25 01:00:00,SWM2,5.2,53.025243076,0.0
2023-09-25 01:00:00,SWM3,5.3,54.044959289000005,0.0
2023-09-25 01:00:00,SWM4,5.3,54.044959289000005,0.009
2023-09-25 01:00:00,SWM6,5.1,52.005526863,0.0
2023-09-25 01:00:00,SWM7,5.35,54.5548173955,0.0
2023-09-25 01:00:00,SWM8,5.1,52.005526863,0.0
2023-09-25 01:00:00,SWM9,5.5,56.084391715,0.0
2023-09-25 02:00:00,SWM10,4.3,43.847797159,0.0
2023-09-25 02:00:00,SWM10B,4.2,42.82808094600001,0.003
2023-09-25 02:00:00,SWM10C,4.2,42.82808094600001,0.0
2023-09-25 02:00:00,SWM11,5.2,53.025243076,0.009
2023-09-25 02:00:00,SWM12,5.1,52.005526863,0.009
2023-09-25 02:00:00,SWM13,5.2,53.025243076,0.0
2023-09-25 02:00:00,SWM14,5.3,54.044959289000005,0.377
2023-09-25 02:00:00,SWM15,5.0,50.985810650000005,0.0
2023-09-25 02:00:00,SWM2,5.3,54.044959289000005,0.0
2023-09-25 02:00:00,SWM3,5.3,54.044959289000005,0.0
2023-09-25 02:00:00,SWM4,5.3,54.044959289000005,0.0
2023-09-25 02:00:00,SWM6,5.2,53.025243076,0.008
2023-09-25 02:00:00,SWM7,5.4,55.06467550200001,0.0
2023-09-25 02:00:00,SWM8,5.1,52.005526863,0.0
2023-09-25 02:00:00,SWM9,5.2,53.025243076,0.0
2023-09-25 03:00:00,SWM10,4.4,44.867513372000005,0.011
2023-09-25 03:00:00,SWM10B,4.3,43.847797159,0.002
2023-09-25 03:00:00,SWM10C,4.2,42.82808094600001,0.0
2023-09-25 03:00:00,SWM11,5.2,53.025243076,0.009
2023-09-25 03:00:00,SWM12,5.1,52.005526863,0.006
2023-09-25 03:00:00,SWM13,5.1,52.005526863,0.0
2023-09-25 03:00:00,SWM14,5.3,54.044959289000005,0.375
2023-09-25 03:00:00,SWM15,5.0,50.985810650000005,0.0
2023-09-25 03:00:00,SWM2,5.2,53.025243076,0.0
2023-09-25 03:00:00,SWM3,5.25,53.5351011825,0.0
2023-09-25 03:00:00,SWM4,5.2,53.025243076,0.004
2023-09-25 03:00:00,SWM6,5.1,52.005526863,0.0
2023-09-25 03:00:00,SWM7,5.3,54.044959289000005,0.057
2023-09-25 03:00:00,SWM8,5.1,52.005526863,0.0
2023-09-25 03:00:00,SWM9,4.9,49.96609443700001,0.0
2023-09-25 04:00:00,SWM10,4.3,43.847797159,0.0
2023-09-25 04:00:00,SWM10B,4.15,42.31822283950001,0.003
2023-09-25 04:00:00,SWM10C,4.2,42.82808094600001,0.008
2023-09-25 04:00:00,SWM11,5.2,53.025243076,0.026
2023-09-25 04:00:00,SWM12,5.1,52.005526863,0.0
2023-09-25 04:00:00,SWM13,5.1,52.005526863,0.0
2023-09-25 04:00:00,SWM14,5.3,54.044959289000005,0.374
2023-09-25 04:00:00,SWM15,5.0,50.985810650000005,0.0
2023-09-25 04:00:00,SWM2,5.2,53.025243076,0.0
2023-09-25 04:00:00,SWM3,5.2,53.025243076,0.0
2023-09-25 04:00:00,SWM4,5.2,53.025243076,0.0
2023-09-25 04:00:00,SWM6,5.1,52.005526863,0.0
2023-09-25 04:00:00,SWM7,5.3,54.044959289000005,0.119
2023-09-25 04:00:00,SWM8,5.1,52.005526863,0.0
2023-09-25 04:00:00,SWM9,4.7,47.926662011000005,0.0
2023-09-25 05:00:00,SWM10,4.3,43.847797159,0.0
2023-09-25 05:00:00,SWM10B,4.2,42.82808094600001,0.015
2023-09-25 05:00:00,SWM10C,4.2,42.82808094600001,0.004
2023-09-25 05:00:00,SWM11,5.0,50.985810650000005,0.008
2023-09-25 05:00:00,SWM12,4.9,49.96609443700001,0.0
2023-09-25 05:00:00,SWM13,5.0,50.985810650000005,0.085
2023-09-25 05:00:00,SWM14,5.1,52.005526863,0.392
2023-09-25 05:00:00,SWM15,4.8,48.946378224,0.0
2023-09-25 05:00:00,SWM2,5.1,52.005526863,0.015
2023-09-25 05:00:00,SWM3,5.1,52.005526863,0.04
2023-09-25 05:00:00,SWM4,5.0,50.985810650000005,0.0
2023-09-25 05:00:00,SWM6,4.9,49.96609443700001,0.008
2023-09-25 05:00:00,SWM7,5.1,52.005526863,0.034
2023-09-25 05:00:00,SWM8,4.9,49.96609443700001,0.0
2023-09-25 05:00:00,SWM9,4.4,44.867513372000005,0.028
2023-09-25 06:00:00,SWM10,4.4,44.867513372000005,0.017
2023-09-25 06:00:00,SWM10B,4.3,43.847797159,0.005
2023-09-25 06:00:00,SWM10C,4.3,43.847797159,0.047
2023-09-25 06:00:00,SWM11,5.0,50.985810650000005,0.015
2023-09-25 06:00:00,SWM12,4.95,50.47595254350001,0.07
2023-09-25 06:00:00,SWM13,5.0,50.985810650000005,0.0
2023-09-25 06:00:00,SWM14,5.1,52.005526863,0.438
2023-09-25 06:00:00,SWM15,4.9,49.96609443700001,0.0
2023-09-25 06:00:00,SWM2,5.1,52.005526863,0.008
2023-09-25 06:00:00,SWM3,5.2,53.025243076,0.028
2023-09-25 06:00:00,SWM4,5.1,52.005526863,0.047
2023-09-25 06:00:00,SWM6,5.0,50.985810650000005,0.0
2023-09-25 06:00:00,SWM7,5.2,53.025243076,0.0
2023-09-25 06:00:00,SWM8,5.0,50.985810650000005,0.0
2023-09-25 06:00:00,SWM9,4.7,47.926662011000005,0.017
2023-09-25 07:00:00,SWM10,4.4,44.867513372000005,0.008
2023-09-25 07:00:00,SWM10B,4.2,42.82808094600001,0.002
2023-09-25 07:00:00,SWM10C,4.3,43.847797159,0.005
2023-09-25 07:00:00,SWM11,5.0,50.985810650000005,0.011
2023-09-25 07:00:00,SWM12,5.0,50.985810650000005,0.0
2023-09-25 07:00:00,SWM13,5.1,52.005526863,0.005
2023-09-25 07:00:00,SWM14,5.1,52.005526863,0.365
2023-09-25 07:00:00,SWM15,4.9,49.96609443700001,0.003
2023-09-25 07:00:00,SWM2,5.1,52.005526863,0.024
2023-09-25 07:00:00,SWM3,5.15,52.515384969500005,0.0
2023-09-25 07:00:00,SWM4,5.1,52.005526863,0.035
2023-09-25 07:00:00,SWM6,5.0,50.985810650000005,0.0
2023-09-25 07:00:00,SWM7,5.15,52.515384969500005,0.0
2023-09-25 07:00:00,SWM8,5.0,50.985810650000005,0.0
2023-09-25 07:00:00,SWM9,4.5,45.887229585,0.009
2023-09-25 08:00:00,SWM10,4.3,43.847797159,0.0
2023-09-25 08:00:00,SWM10B,4.2,42.82808094600001,0.006
2023-09-25 08:00:00,SWM10C,4.2,42.82808094600001,0.002
2023-09-25 08:00:00,SWM11,5.1,52.005526863,0.008
2023-09-25 08:00:00,SWM12,5.0,50.985810650000005,0.009
2023-09-25 08:00:00,SWM13,5.1,52.005526863,0.0
2023-09-25 08:00:00,SWM14,5.2,53.025243076,0.362
2023-09-25 08:00:00,SWM15,4.9,49.96609443700001,0.067
2023-09-25 08:00:00,SWM2,5.1,52.005526863,0.01
2023-09-25 08:00:00,SWM3,5.2,53.025243076,0.0
2023-09-25 08:00:00,SWM4,5.1,52.005526863,0.0
2023-09-25 08:00:00,SWM6,5.0,50.985810650000005,0.0
2023-09-25 08:00:00,SWM7,5.2,53.025243076,0.0
2023-09-25 08:00:00,SWM8,5.0,50.985810650000005,0.0
2023-09-25 08:00:00,SWM9,4.6,46.906945798,0.042
2023-09-25 09:00:00,SWM10,4.4,44.867513372000005,0.007
2023-09-25 09:00:00,SWM10B,4.2,42.82808094600001,0.0
2023-09-25 09:00:00,SWM10C,4.2,42.82808094600001,0.0
2023-09-25 09:00:00,SWM11,5.1,52.005526863,0.032
2023-09-25 09:00:00,SWM12,5.0,50.985810650000005,0.012
2023-09-25 09:00:00,SWM13,5.1,52.005526863,0.023
2023-09-25 09:00:00,SWM14,5.2,53.025243076,0.379
2023-09-25 09:00:00,SWM15,4.9,49.96609443700001,0.004
2023-09-25 09:00:00,SWM2,5.1,52.005526863,0.008
2023-09-25 09:00:00,SWM3,5.2,53.025243076,0.0
2023-09-25 09:00:00,SWM4,5.1,52.005526863,0.013
2023-09-25 09:00:00,SWM6,5.0,50.985810650000005,0.009
2023-09-25 09:00:00,SWM7,5.2,53.025243076,0.0
2023-09-25 09:00:00,SWM8,5.0,50.985810650000005,0.0
2023-09-25 09:00:00,SWM9,4.5,45.887229585,0.01
2023-09-25 10:00:00,SWM10,4.1,41.808364733,0.0
2023-09-25 10:00:00,SWM10B,4.0,40.78864852,0.0
2023-09-25 10:00:00,SWM10C,4.0,40.78864852,0.0
2023-09-25 10:00:00,SWM11,5.1,52.005526863,0.001
2023-09-25 10:00:00,SWM12,5.0,50.985810650000005,0.0
2023-09-25 10:00:00,SWM13,5.1,52.005526863,0.005
2023-09-25 10:00:00,SWM14,5.2,53.025243076,0.365
2023-09-25 10:00:00,SWM15,5.0,50.985810650000005,0.006
2023-09-25 10:00:00,SWM2,5.2,53.025243076,0.0
2023-09-25 10:00:00,SWM3,5.2,53.025243076,0.0
2023-09-25 10:00:00,SWM4,5.2,53.025243076,0.014
2023-09-25 10:00:00,SWM6,5.1,52.005526863,0.167
2023-09-25 10:00:00,SWM7,5.2,53.025243076,0.0
2023-09-25 10:00:00,SWM8,5.0,50.985810650000005,0.0
2023-09-25 10:00:00,SWM9,4.6,46.906945798,0.028
2023-09-25 11:00:00,SWM10,4.3,43.847797159,0.0
2023-09-25 11:00:00,SWM10B,4.2,42.82808094600001,0.001
2023-09-25 11:00:00,SWM10C,4.3,43.847797159,0.006
2023-09-25 11:00:00,SWM11,5.0,50.985810650000005,0.006
2023-09-25 11:00:00,SWM12,5.0,50.985810650000005,0.059
2023-09-25 11:00:00,SWM13,5.0,50.985810650000005,0.0
2023-09-25 11:00:00,SWM14,5.1,52.005526863,0.365
2023-09-25 11:00:00,SWM15,4.9,49.96609443700001,0.0
2023-09-25 11:00:00,SWM2,5.05,51.4956687565,0.0
2023-09-25 11:00:00,SWM3,5.1,52.005526863,0.0
2023-09-25 11:00:00,SWM4,5.1,52.005526863,0.0
2023-09-25 11:00:00,SWM6,4.9,49.96609443700001,0.001
2023-09-25 11:00:00,SWM7,5.1,52.005526863,0.0
2023-09-25 11:00:00,SWM8,5.0,50.985810650000005,0.0
2023-09-25 11:00:00,SWM9,4.5,45.887229585,0.019
2023-09-25 12:00:00,SWM10,4.3,43.847797159,0.012
2023-09-25 12:00:00,SWM10B,4.1,41.808364733,0.015
2023-09-25 12:00:00,SWM10C,4.2,42.82808094600001,0.006
2023-09-25 12:00:00,SWM11,5.0,50.985810650000005,0.012
2023-09-25 12:00:00,SWM12,5.0,50.985810650000005,0.0
2023-09-25 12:00:00,SWM13,5.0,50.985810650000005,0.0
2023-09-25 12:00:00,SWM14,5.1,52.005526863,0.369
2023-09-25 12:00:00,SWM15,4.9,49.96609443700001,0.012
2023-09-25 12:00:00,SWM2,5.1,52.005526863,0.0
2023-09-25 12:00:00,SWM3,5.1,52.005526863,0.0
2023-09-25 12:00:00,SWM4,5.1,52.005526863,0.015
2023-09-25 12:00:00,SWM6,5.0,50.985810650000005,0.022
2023-09-25 12:00:00,SWM7,5.1,52.005526863,0.0
2023-09-25 12:00:00,SWM8,5.0,50.985810650000005,0.0
2023-09-25 12:00:00,SWM9,4.5,45.887229585,0.018
2023-09-25 13:00:00,SWM10,4.4,44.867513372000005,0.006
2023-09-25 13:00:00,SWM10B,4.2,42.82808094600001,0.001
2023-09-25 13:00:00,SWM10C,4.3,43.847797159,0.008
2023-09-25 13:00:00,SWM11,5.1,52.005526863,0.002
2023-09-25 13:00:00,SWM12,5.0,50.985810650000005,0.0
2023-09-25 13:00:00,SWM13,5.1,52.005526863,0.005
2023-09-25 13:00:00,SWM14,5.2,53.025243076,0.365
2023-09-25 13:00:00,SWM15,4.9,49.96609443700001,0.004
2023-09-25 13:00:00,SWM2,5.1,52.005526863,0.023
2023-09-25 13:00:00,SWM3,5.1,52.005526863,0.0
2023-09-25 13:00:00,SWM4,5.1,52.005526863,0.022
2023-09-25 13:00:00,SWM6,5.0,50.985810650000005,0.012
2023-09-25 13:00:00,SWM7,5.2,53.025243076,0.0
2023-09-25 13:00:00,SWM8,5.0,50.985810650000005,0.0
2023-09-25 13:00:00,SWM9,4.5,45.887229585,0.007
2023-09-25 14:00:00,SWM10,4.35,44.3576552655,0.0
2023-09-25 14:00:00,SWM10B,4.2,42.82808094600001,0.021
2023-09-25 14:00:00,SWM10C,4.3,43.847797159,0.01
2023-09-25 14:00:00,SWM11,5.1,52.005526863,0.019
2023-09-25 14:00:00,SWM12,5.0,50.985810650000005,0.0
2023-09-25 14:00:00,SWM13,5.1,52.005526863,0.0
2023-09-25 14:00:00,SWM14,5.2,53.025243076,0.206
2023-09-25 14:00:00,SWM15,4.9,49.96609443700001,0.001
2023-09-25 14:00:00,SWM2,5.2,53.025243076,0.012
2023-09-25 14:00:00,SWM3,5.2,53.025243076,0.01
2023-09-25 14:00:00,SWM4,5.1,52.005526863,0.026
2023-09-25 14:00:00,SWM6,5.0,50.985810650000005,0.001
2023-09-25 14:00:00,SWM7,5.2,53.025243076,0.0
2023-09-25 14:00:00,SWM8,5.1,52.005526863,0.0
2023-09-25 14:00:00,SWM9,4.5,45.887229585,0.004
2023-09-25 15:00:00,SWM10,4.4,44.867513372000005,0.012
2023-09-25 15:00:00,SWM10B,4.2,42.82808094600001,0.008
2023-09-25 15:00:00,SWM10C,4.3,43.847797159,0.002
2023-09-25 15:00:00,SWM11,5.2,53.025243076,0.012
2023-09-25 15:00:00,SWM12,5.1,52.005526863,0.009
2023-09-25 15:00:00,SWM13,5.2,53.025243076,0.016
2023-09-25 15:00:00,SWM14,5.5,56.084391715,0.241
2023-09-25 15:00:00,SWM15,5.0,50.985810650000005,0.001
2023-09-25 15:00:00,SWM2,5.2,53.025243076,0.06
2023-09-25 15:00:00,SWM3,5.3,54.044959289000005,0.013
2023-09-25 15:00:00,SWM4,5.2,53.025243076,0.003
2023-09-25 15:00:00,SWM6,5.1,52.005526863,0.048
2023-09-25 15:00:00,SWM7,5.3,54.044959289000005,0.0
2023-09-25 15:00:00,SWM8,5.1,52.005526863,0.005
2023-09-25 15:00:00,SWM9,4.4,44.867513372000005,0.0
2023-09-25 16:00:00,SWM10,4.3,43.847797159,0.015
2023-09-25 16:00:00,SWM10B,4.2,42.82808094600001,0.007
2023-09-25 16:00:00,SWM10C,4.3,43.847797159,0.028
2023-09-25 16:00:00,SWM11,5.2,53.025243076,0.073
2023-09-25 16:00:00,SWM12,5.1,52.005526863,0.0
2023-09-25 16:00:00,SWM13,5.2,53.025243076,0.007
2023-09-25 16:00:00,SWM14,5.4,55.06467550200001,0.123
2023-09-25 16:00:00,SWM15,5.1,52.005526863,0.0
2023-09-25 16:00:00,SWM2,5.3,54.044959289000005,0.027
2023-09-25 16:00:00,SWM3,5.3,54.044959289000005,0.005
2023-09-25 16:00:00,SWM4,5.3,54.044959289000005,0.019
2023-09-25 16:00:00,SWM6,5.2,53.025243076,0.008
2023-09-25 16:00:00,SWM7,5.4,55.06467550200001,0.159
2023-09-25 16:00:00,SWM8,5.2,53.025243076,
2023-09-25 16:00:00,SWM9,4.4,44.867513372000005,0.0
2023-09-25 17:00:00,SWM10,4.3,43.847797159,0.007
2023-09-25 17:00:00,SWM10B,4.2,42.82808094600001,0.023
2023-09-25 17:00:00,SWM10C,4.2,42.82808094600001,0.023
2023-09-25 17:00:00,SWM11,5.3,54.044959289000005,0.003
2023-09-25 17:00:00,SWM12,5.2,53.025243076,0.005
2023-09-25 17:00:00,SWM13,5.3,54.044959289000005,0.012
2023-09-25 17:00:00,SWM14,5.4,55.06467550200001,0.445
2023-09-25 17:00:00,SWM15,5.1,52.005526863,0.003
2023-09-25 17:00:00,SWM2,5.4,55.06467550200001,0.049
2023-09-25 17:00:00,SWM3,5.4,55.06467550200001,0.017
2023-09-25 17:00:00,SWM4,5.3,54.044959289000005,0.013
2023-09-25 17:00:00,SWM6,5.2,53.025243076,0.035
2023-09-25 17:00:00,SWM7,5.4,55.06467550200001,0.091
2023-09-25 17:00:00,SWM8,5.2,53.025243076,0.0
2023-09-25 17:00:00,SWM9,4.5,45.887229585,0.0
2023-09-25 18:00:00,SWM10,4.4,44.867513372000005,0.015
2023-09-25 18:00:00,SWM10B,4.3,43.847797159,0.023
2023-09-25 18:00:00,SWM10C,4.3,43.847797159,0.0
2023-09-25 18:00:00,SWM11,5.3,54.044959289000005,0.002
2023-09-25 18:00:00,SWM12,5.2,53.025243076,0.003
2023-09-25 18:00:00,SWM13,5.3,54.044959289000005,0.02
2023-09-25 18:00:00,SWM14,5.4,55.06467550200001,0.383
2023-09-25 18:00:00,SWM15,5.1,52.005526863,0.0
2023-09-25 18:00:00,SWM2,5.4,55.06467550200001,0.154
2023-09-25 18:00:00,SWM3,5.4,55.06467550200001,0.007
2023-09-25 18:00:00,SWM4,5.3,54.044959289000005,0.016
2023-09-25 18:00:00,SWM6,5.2,53.025243076,0.054
2023-09-25 18:00:00,SWM7,5.4,55.06467550200001,0.143
2023-09-25 18:00:00,SWM8,5.2,53.025243076,0.0
2023-09-25 18:00:00,SWM9,6.3,64.242121419,0.0
2023-09-25 19:00:00,SWM10,4.3,43.847797159,0.0
2023-09-25 19:00:00,SWM10B,4.1,41.808364733,0.0
2023-09-25 19:00:00,SWM10C,4.3,43.847797159,0.013
2023-09-25 19:00:00,SWM11,5.3,54.044959289000005,0.007
2023-09-25 19:00:00,SWM12,5.2,53.025243076,0.0
2023-09-25 19:00:00,SWM13,5.3,54.044959289000005,0.003
2023-09-25 19:00:00,SWM14,5.4,55.06467550200001,0.382
2023-09-25 19:00:00,SWM15,5.1,52.005526863,0.003
2023-09-25 19:00:00,SWM2,5.4,55.06467550200001,0.031
2023-09-25 19:00:00,SWM3,5.4,55.06467550200001,0.021
2023-09-25 19:00:00,SWM4,5.3,54.044959289000005,0.02
2023-09-25 19:00:00,SWM6,5.2,53.025243076,0.113
2023-09-25 19:00:00,SWM7,5.4,55.06467550200001,0.11
2023-09-25 19:00:00,SWM8,5.2,53.025243076,0.0
2023-09-25 19:00:00,SWM9,6.0,61.18297278,0.0
2023-09-25 20:00:00,SWM10,4.5,45.887229585,0.005
2023-09-25 20:00:00,SWM10B,4.4,44.867513372000005,0.076
2023-09-25 20:00:00,SWM10C,4.4,44.867513372000005,0.006
2023-09-25 20:00:00,SWM11,5.0,50.985810650000005,0.008
2023-09-25 20:00:00,SWM12,4.9,49.96609443700001,0.0
2023-09-25 20:00:00,SWM13,5.0,50.985810650000005,0.047
2023-09-25 20:00:00,SWM14,5.1,52.005526863,0.378
2023-09-25 20:00:00,SWM15,4.8,48.946378224,0.0
2023-09-25 20:00:00,SWM2,5.1,52.005526863,0.013
2023-09-25 20:00:00,SWM3,5.1,52.005526863,0.0
2023-09-25 20:00:00,SWM4,5.0,50.985810650000005,0.0
2023-09-25 20:00:00,SWM6,4.9,49.96609443700001,0.016
2023-09-25 20:00:00,SWM7,5.2,53.025243076,0.036
2023-09-25 20:00:00,SWM8,4.9,49.96609443700001,0.0
2023-09-25 20:00:00,SWM9,5.6,57.104107928,0.0
2023-09-25 21:00:00,SWM10,4.4,44.867513372000005,0.02
2023-09-25 21:00:00,SWM10B,4.2,42.82808094600001,0.001
2023-09-25 21:00:00,SWM10C,4.3,43.847797159,0.004
2023-09-25 21:00:00,SWM11,5.1,52.005526863,0.0
2023-09-25 21:00:00,SWM12,4.9,49.96609443700001,0.0
2023-09-25 21:00:00,SWM13,5.1,52.005526863,0.01
2023-09-25 21:00:00,SWM14,5.2,53.025243076,0.372
2023-09-25 21:00:00,SWM15,4.9,49.96609443700001,0.002
2023-09-25 21:00:00,SWM2,5.1,52.005526863,0.045
2023-09-25 21:00:00,SWM3,5.2,53.025243076,0.022
2023-09-25 21:00:00,SWM4,5.1,52.005526863,0.0
2023-09-25 21:00:00,SWM6,5.0,50.985810650000005,0.006
2023-09-25 21:00:00,SWM7,5.2,53.025243076,0.014
2023-09-25 21:00:00,SWM8,5.0,50.985810650000005,0.0
2023-09-25 21:00:00,SWM9,5.3,54.044959289000005,0.0
2023-09-25 22:00:00,SWM10,4.3,43.847797159,0.028
2023-09-25 22:00:00,SWM10B,4.1,41.808364733,0.003
2023-09-25 22:00:00,SWM10C,4.2,42.82808094600001,0.011
2023-09-25 22:00:00,SWM11,5.2,53.025243076,0.005
2023-09-25 22:00:00,SWM12,5.1,52.005526863,0.0
2023-09-25 22:00:00,SWM13,5.2,53.025243076,0.0
2023-09-25 22:00:00,SWM14,5.3,54.044959289000005,0.371
2023-09-25 22:00:00,SWM15,5.1,52.005526863,0.004
2023-09-25 22:00:00,SWM2,5.3,54.044959289000005,0.025
2023-09-25 22:00:00,SWM3,5.3,54.044959289000005,0.0
2023-09-25 22:00:00,SWM4,5.3,54.044959289000005,0.011
2023-09-25 22:00:00,SWM6,5.2,53.025243076,0.019
2023-09-25 22:00:00,SWM7,5.4,55.06467550200001,0.006
2023-09-25 22:00:00,SWM8,5.2,53.025243076,0.0
2023-09-25 22:00:00,SWM9,5.1,52.005526863,0.0
2023-09-25 23:00:00,SWM10,4.2,42.82808094600001,0.0
2023-09-25 23:00:00,SWM10B,4.05,41.2985066265,0.0
2023-09-25 23:00:00,SWM10C,4.1,41.808364733,0.0
2023-09-25 23:00:00,SWM11,5.2,53.025243076,0.008
2023-09-25 23:00:00,SWM12,5.1,52.005526863,0.0
2023-09-25 23:00:00,SWM13,5.2,53.025243076,0.0
2023-09-25 23:00:00,SWM14,5.3,54.044959289000005,0.376
2023-09-25 23:00:00,SWM15,5.1,52.005526863,0.0
2023-09-25 23:00:00,SWM2,5.3,54.044959289000005,0.0
2023-09-25 23:00:00,SWM3,5.3,54.044959289000005,0.0
2023-09-25 23:00:00,SWM4,5.3,54.044959289000005,0.0
2023-09-25 23:00:00,SWM6,5.2,53.025243076,0.024
2023-09-25 23:00:00,SWM7,5.4,55.06467550200001,0.0
2023-09-25 23:00:00,SWM8,5.2,53.025243076,0.0
2023-09-25 23:00:00,SWM9,4.85,49.4562363305,0.0
2023-09-26 00:00:00,SWM10,4.4,44.867513372000005,0.0
2023-09-26 00:00:00,SWM10B,4.3,43.847797159,0.0
2023-09-26 00:00:00,SWM10C,4.3,43.847797159,0.0
2023-09-26 00:00:00,SWM11,5.2,53.025243076,0.013
2023-09-26 00:00:00,SWM12,5.1,52.005526863,0.0
2023-09-26 00:00:00,SWM13,5.2,53.025243076,0.0
2023-09-26 00:00:00,SWM14,5.3,54.044959289000005,0.372
2023-09-26 00:00:00,SWM15,5.1,52.005526863,0.0
2023-09-26 00:00:00,SWM2,5.3,54.044959289000005,0.0
2023-09-26 00:00:00,SWM3,5.3,54.044959289000005,0.0
2023-09-26 00:00:00,SWM4,5.3,54.044959289000005,0.0
2023-09-26 00:00:00,SWM6,5.2,53.025243076,0.0
2023-09-26 00:00:00,SWM7,5.4,55.06467550200001,0.012
2023-09-26 00:00:00,SWM8,5.1,52.005526863,0.0
2023-09-26 00:00:00,SWM9,4.6,46.906945798,0.0
2023-09-26 01:00:00,SWM10,4.4,44.867513372000005,0.0
2023-09-26 01:00:00,SWM10B,4.2,42.82808094600001,0.0
2023-09-26 01:00:00,SWM10C,4.3,43.847797159,0.0
2023-09-26 01:00:00,SWM11,5.3,54.044959289000005,0.0
2023-09-26 01:00:00,SWM12,5.1,52.005526863,0.002
2023-09-26 01:00:00,SWM13,5.2,53.025243076,0.0
2023-09-26 01:00:00,SWM14,5.35,54.5548173955,0.373
2023-09-26 01:00:00,SWM15,5.1,52.005526863,0.0
2023-09-26 01:00:00,SWM2,5.3,54.044959289000005,0.0
2023-09-26 01:00:00,SWM3,5.3,54.044959289000005,0.0
2023-09-26 01:00:00,SWM4,5.3,54.044959289000005,0.004
2023-09-26 01:00:00,SWM6,5.2,53.025243076,0.009
2023-09-26 01:00:00,SWM7,5.4,55.06467550200001,0.0
2023-09-26 01:00:00,SWM8,5.2,53.025243076,0.0
2023-09-26 01:00:00,SWM9,5.65,57.61396603450001,0.0
2023-09-26 02:00:00,SWM10,4.3,43.847797159,0.0
2023-09-26 02:00:00,SWM10B,4.1,41.808364733,0.004
2023-09-26 02:00:00,SWM10C,4.2,42.82808094600001,0.0
2023-09-26 02:00:00,SWM11,5.2,53.025243076,0.0
2023-09-26 02:00:00,SWM12,5.1,52.005526863,0.013
2023-09-26 02:00:00,SWM13,5.2,53.025243076,0.009
2023-09-26 02:00:00,SWM14,5.3,54.044959289000005,0.373
2023-09-26 02:00:00,SWM15,5.0,50.985810650000005,0.0
2023-09-26 02:00:00,SWM2,5.2,53.025243076,0.0
2023-09-26 02:00:00,SWM3,5.3,54.044959289000005,0.0
2023-09-26 02:00:00,SWM4,5.3,54.044959289000005,0.004
2023-09-26 02:00:00,SWM6,5.1,52.005526863,0.0
2023-09-26 02:00:00,SWM7,5.4,55.06467550200001,0.0
2023-09-26 02:00:00,SWM8,5.1,52.005526863,0.0
2023-09-26 02:00:00,SWM9,6.1,62.202688993,0.0
2023-09-26 03:00:00,SWM10,4.2,42.82808094600001,0.0
2023-09-26 03:00:00,SWM10B,4.1,41.808364733,0.006
2023-09-26 03:00:00,SWM10C,4.1,41.808364733,0.0
2023-09-26 03:00:00,SWM11,5.2,53.025243076,0.0
2023-09-26 03:00:00,SWM12,5.1,52.005526863,0.0
2023-09-26 03:00:00,SWM13,5.2,53.025243076,0.0
2023-09-26 03:00:00,SWM14,5.3,54.044959289000005,0.371
2023-09-26 03:00:00,SWM15,5.0,50.985810650000005,0.0
2023-09-26 03:00:00,SWM2,5.2,53.025243076,0.0
2023-09-26 03:00:00,SWM3,5.3,54.044959289000005,0.0
2023-09-26 03:00:00,SWM4,5.2,53.025243076,0.0
2023-09-26 03:00:00,SWM6,5.1,52.005526863,0.004
2023-09-26 03:00:00,SWM7,5.3,54.044959289000005,0.098
2023-09-26 03:00:00,SWM8,5.1,52.005526863,0.0
2023-09-26 03:00:00,SWM9,5.8,59.143540354,0.0
2023-09-26 04:00:00,SWM10,4.3,43.847797159,0.0
2023-09-26 04:00:00,SWM10B,4.2,42.82808094600001,0.0
2023-09-26 04:00:00,SWM10C,4.2,42.82808094600001,0.0
2023-09-26 04:00:00,SWM11,5.2,53.025243076,0.041
2023-09-26 04:00:00,SWM12,5.1,52.005526863,0.0
2023-09-26 04:00:00,SWM13,5.2,53.025243076,0.004
2023-09-26 04:00:00,SWM14,5.3,54.044959289000005,0.376
2023-09-26 04:00:00,SWM15,5.05,51.4956687565,0.0
2023-09-26 04:00:00,SWM2,5.2,53.025243076,0.0
2023-09-26 04:00:00,SWM3,5.3,54.044959289000005,0.0
2023-09-26 04:00:00,SWM4,5.25,53.5351011825,0.008
2023-09-26 04:00:00,SWM6,5.15,52.515384969500005,0.009
2023-09-26 04:00:00,SWM7,5.4,55.06467550200001,0.04
2023-09-26 04:00:00,SWM8,5.1,52.005526863,0.0
2023-09-26 04:00:00,SWM9,5.5,56.084391715,0.0
2023-09-26 05:00:00,SWM10,4.3,43.847797159,0.007
2023-09-26 05:00:00,SWM10B,4.1,41.808364733,0.008
2023-09-26 05:00:00,SWM10C,4.2,42.82808094600001,0.005
2023-09-26 05:00:00,SWM11,5.0,50.985810650000005,0.0
2023-09-26 05:00:00,SWM12,4.9,49.96609443700001,0.0
2023-09-26 05:00:00,SWM13,5.0,50.985810650000005,0.062
2023-09-26 05:00:00,SWM14,5.1,52.005526863,0.393
2023-09-26 05:00:00,SWM15,4.8,48.946378224,0.013
2023-09-26 05:00:00,SWM2,5.0,50.985810650000005,0.0
2023-09-26 05:00:00,SWM3,5.1,52.005526863,0.011
2023-09-26 05:00:00,SWM4,5.0,50.985810650000005,0.0
2023-09-26 05:00:00,SWM6,4.9,49.96609443700001,0.02
2023-09-26 05:00:00,SWM7,5.2,53.025243076,0.031
2023-09-26 05:00:00,SWM8,4.9,49.96609443700001,0.0
2023-09-26 05:00:00,SWM9,5.3,54.044959289000005,0.02
2023-09-26 06:00:00,SWM10,4.3,43.847797159,0.02
2023-09-26 06:00:00,SWM10B,4.2,42.82808094600001,0.042
2023-09-26 06:00:00,SWM10C,4.2,42.82808094600001,0.004
2023-09-26 06:00:00,SWM11,5.0,50.985810650000005,0.013
2023-09-26 06:00:00,SWM12,5.0,50.985810650000005,0.08
2023-09-26 06:00:00,SWM13,5.1,52.005526863,0.113
2023-09-26 06:00:00,SWM14,5.2,53.025243076,0.391
2023-09-26 06:00:00,SWM15,4.9,49.96609443700001,0.0
2023-09-26 06:00:00,SWM2,5.2,53.025243076,0.072
2023-09-26 06:00:00,SWM3,5.2,53.025243076,0.061
2023-09-26 06:00:00,SWM4,5.1,52.005526863,0.006
2023-09-26 06:00:00,SWM6,5.0,50.985810650000005,0.007
2023-09-26 06:00:00,SWM7,5.2,53.025243076,0.0
2023-09-26 06:00:00,SWM8,5.0,50.985810650000005,0.0
2023-09-26 06:00:00,SWM9,4.5,45.887229585,0.0
2023-09-26 07:00:00,SWM10,4.4,44.867513372000005,0.017
2023-09-26 07:00:00,SWM10B,4.2,42.82808094600001,0.001
2023-09-26 07:00:00,SWM10C,4.3,43.847797159,0.003
2023-09-26 07:00:00,SWM11,5.1,52.005526863,0.027
2023-09-26 07:00:00,SWM12,5.0,50.985810650000005,0.012
2023-09-26 07:00:00,SWM13,5.1,52.005526863,0.002
2023-09-26 07:00:00,SWM14,5.2,53.025243076,0.374
2023-09-26 07:00:00,SWM15,4.9,49.96609443700001,0.038
2023-09-26 07:00:00,SWM2,5.2,53.025243076,0.018
2023-09-26 07:00:00,SWM3,5.2,53.025243076,0.0
2023-09-26 07:00:00,SWM4,5.1,52.005526863,0.019
2023-09-26 07:00:00,SWM6,5.0,50.985810650000005,0.0
2023-09-26 07:00:00,SWM7,5.2,53.025243076,0.0
2023-09-26 07:00:00,SWM8,5.0,50.985810650000005,0.0
2023-09-26 07:00:00,SWM9,4.5,45.887229585,0.014
2023-09-26 08:00:00,SWM10,4.3,43.847797159,0.007
2023-09-26 08:00:00,SWM10B,4.2,42.82808094600001,0.0
2023-09-26 08:00:00,SWM10C,4.2,42.82808094600001,0.012
2023-09-26 08:00:00,SWM11,5.0,50.985810650000005,0.007
2023-09-26 08:00:00,SWM12,5.0,50.985810650000005,0.006
2023-09-26 08:00:00,SWM13,5.1,52.005526863,0.019
2023-09-26 08:00:00,SWM14,5.1,52.005526863,0.365
2023-09-26 08:00:00,SWM15,4.9,49.96609443700001,0.019
2023-09-26 08:00:00,SWM2,5.1,52.005526863,0.029
2023-09-26 08:00:00,SWM3,5.1,52.005526863,0.0
2023-09-26 08:00:00,SWM4,5.1,52.005526863,0.015
2023-09-26 08:00:00,SWM6,4.9,49.96609443700001,0.0
2023-09-26 08:00:00,SWM7,5.2,53.025243076,0.007
2023-09-26 08:00:00,SWM8,5.0,50.985810650000005,0.0
2023-09-26 08:00:00,SWM9,4.6,46.906945798,0.035
2023-09-26 09:00:00,SWM10,4.2,42.82808094600001,0.0
2023-09-26 09:00:00,SWM10B,4.1,41.808364733,0.003
2023-09-26 09:00:00,SWM10C,4.1,41.808364733,0.0
2023-09-26 09:00:00,SWM11,5.1,52.005526863,0.007
2023-09-26 09:00:00,SWM12,5.0,50.985810650000005,0.017
2023-09-26 09:00:00,SWM13,5.1,52.005526863,0.0
2023-09-26 09:00:00,SWM14,5.2,53.025243076,0.375
2023-09-26 09:00:00,SWM15,4.9,49.96609443700001,0.0
2023-09-26 09:00:00,SWM2,5.15,52.515384969500005,0.042
2023-09-26 09:00:00,SWM3,5.15,52.515384969500005,0.0
2023-09-26 09:00:00,SWM4,5.1,52.005526863,0.088
2023-09-26 09:00:00,SWM6,5.0,50.985810650000005,0.0
2023-09-26 09:00:00,SWM7,5.2,53.025243076,0.016
2023-09-26 09:00:00,SWM8,5.0,50.985810650000005,0.0
2023-09-26 09:00:00,SWM9,4.5,45.887229585,0.011
2023-09-26 10:00:00,SWM10,4.4,44.867513372000005,0.007
2023-09-26 10:00:00,SWM10B,4.2,42.82808094600001,0.0
2023-09-26 10:00:00,SWM10C,4.2,42.82808094600001,0.001
2023-09-26 10:00:00,SWM11,5.0,50.985810650000005,0.006
2023-09-26 10:00:00,SWM12,4.9,49.96609443700001,0.038
2023-09-26 10:00:00,SWM13,5.05,51.4956687565,0.038
2023-09-26 10:00:00,SWM14,5.1,52.005526863,0.376
2023-09-26 10:00:00,SWM15,4.9,49.96609443700001,0.005
2023-09-26 10:00:00,SWM2,5.1,52.005526863,0.002
2023-09-26 10:00:00,SWM3,5.1,52.005526863,0.0
2023-09-26 10:00:00,SWM4,5.1,52.005526863,0.025
2023-09-26 10:00:00,SWM6,4.95,50.47595254350001,0.008
2023-09-26 10:00:00,SWM7,5.2,53.025243076,0.084
2023-09-26 10:00:00,SWM8,4.9,49.96609443700001,0.0
2023-09-26 10:00:00,SWM9,4.6,46.906945798,0.025
2023-09-26 11:00:00,SWM10,4.2,42.82808094600001,0.007
2023-09-26 11:00:00,SWM10B,4.1,41.808364733,0.004
2023-09-26 11:00:00,SWM10C,4.1,41.808364733,0.0
2023-09-26 11:00:00,SWM11,5.0,50.985810650000005,0.005
2023-09-26 11:00:00,SWM12,4.9,49.96609443700001,0.008
2023-09-26 11:00:00,SWM13,5.05,51.4956687565,0.039
2023-09-26 11:00:00,SWM14,5.1,52.005526863,0.363
2023-09-26 11:00:00,SWM15,4.8,48.946378224,0.002
2023-09-26 11:00:00,SWM2,5.1,52.005526863,0.007
2023-09-26 11:00:00,SWM3,5.1,52.005526863,0.0
2023-09-26 11:00:00,SWM4,5.0,50.985810650000005,0.0
2023-09-26 11:00:00,SWM6,4.95,50.47595254350001,0.028
2023-09-26 11:00:00,SWM7,5.1,52.005526863,0.002
2023-09-26 11:00:00,SWM8,4.9,49.96609443700001,0.0
2023-09-26 11:00:00,SWM9,4.5,45.887229585,0.012
2023-09-26 12:00:00,SWM10,4.3,43.847797159,0.0
2023-09-26 12:00:00,SWM10B,4.1,41.808364733,0.004
2023-09-26 12:00:00,SWM10C,4.2,42.82808094600001,0.001
2023-09-26 12:00:00,SWM11,5.0,50.985810650000005,0.006
2023-09-26 12:00:00,SWM12,4.9,49.96609443700001,0.062
2023-09-26 12:00:00,SWM13,5.1,52.005526863,0.008
2023-09-26 12:00:00,SWM14,5.1,52.005526863,0.379
2023-09-26 12:00:00,SWM15,4.9,49.96609443700001,0.0
2023-09-26 12:00:00,SWM2,5.1,52.005526863,0.007
2023-09-26 12:00:00,SWM3,5.1,52.005526863,0.0
2023-09-26 12:00:00,SWM4,5.1,52.005526863,0.004
2023-09-26 12:00:00,SWM6,5.0,50.985810650000005,0.012
2023-09-26 12:00:00,SWM7,5.2,53.025243076,0.008
2023-09-26 12:00:00,SWM8,5.0,50.985810650000005,0.0
2023-09-26 12:00:00,SWM9,4.6,46.906945798,0.006
2023-09-26 13:00:00,SWM10,4.3,43.847797159,0.0
2023-09-26 13:00:00,SWM10B,4.2,42.82808094600001,0.018
2023-09-26 13:00:00,SWM10C,4.2,42.82808094600001,0.015
2023-09-26 13:00:00,SWM11,5.2,53.025243076,0.017
2023-09-26 13:00:00,SWM12,5.1,52.005526863,0.011
2023-09-26 13:00:00,SWM13,5.2,53.025243076,0.009
2023-09-26 13:00:00,SWM14,5.2,53.025243076,0.407
2023-09-26 13:00:00,SWM15,5.0,50.985810650000005,0.004
2023-09-26 13:00:00,SWM2,5.2,53.025243076,0.013
2023-09-26 13:00:00,SWM3,5.2,53.025243076,0.0
2023-09-26 13:00:00,SWM4,5.2,53.025243076,0.017
2023-09-26 13:00:00,SWM6,5.1,52.005526863,0.006
2023-09-26 13:00:00,SWM7,5.3,54.044959289000005,0.0
2023-09-26 13:00:00,SWM8,5.1,52.005526863,0.0
2023-09-26 13:00:00,SWM9,4.5,45.887229585,0.005
2023-09-26 14:00:00,SWM10,4.4,44.867513372000005,0.012
2023-09-26 14:00:00,SWM10B,4.2,42.82808094600001,0.002
2023-09-26 14:00:00,SWM10C,4.3,43.847797159,0.013
2023-09-26 14:00:00,SWM11,5.2,53.025243076,0.018
2023-09-26 14:00:00,SWM12,5.2,53.025243076,0.0
2023-09-26 14:00:00,SWM13,5.2,53.025243076,0.025
2023-09-26 14:00:00,SWM14,5.2,53.025243076,0.414
2023-09-26 14:00:00,SWM15,5.0,50.985810650000005,0.001
2023-09-26 14:00:00,SWM2,5.2,53.025243076,0.018
2023-09-26 14:00:00,SWM3,5.3,54.044959289000005,0.008
2023-09-26 14:00:00,SWM4,5.2,53.025243076,0.007
2023-09-26 14:00:00,SWM6,5.1,52.005526863,0.042
2023-09-26 14:00:00,SWM7,5.3,54.044959289000005,0.0
2023-09-26 14:00:00,SWM8,5.1,52.005526863,0.0
2023-09-26 14:00:00,SWM9,4.5,45.887229585,0.008
2023-09-26 15:00:00,SWM10,4.4,44.867513372000005,0.014
2023-09-26 15:00:00,SWM10B,4.2,42.82808094600001,0.005
2023-09-26 15:00:00,SWM10C,4.3,43.847797159,0.041
2023-09-26 15:00:00,SWM11,5.2,53.025243076,0.001
2023-09-26 15:00:00,SWM12,5.3,54.044959289000005,0.0
2023-09-26 15:00:00,SWM13,5.2,53.025243076,0.031
2023-09-26 15:00:00,SWM14,5.3,54.044959289000005,0.409
2023-09-26 15:00:00,SWM15,5.0,50.985810650000005,0.002
2023-09-26 15:00:00,SWM2,5.3,54.044959289000005,0.038
2023-09-26 15:00:00,SWM3,5.3,54.044959289000005,0.004
2023-09-26 15:00:00,SWM4,5.2,53.025243076,0.003
2023-09-26 15:00:00,SWM6,5.1,52.005526863,0.003
2023-09-26 15:00:00,SWM7,5.3,54.044959289000005,0.012
2023-09-26 15:00:00,SWM8,5.1,52.005526863,0.0
2023-09-26 15:00:00,SWM9,4.5,45.887229585,0.0
2023-09-26 16:00:00,SWM10,4.4,44.867513372000005,0.023
2023-09-26 16:00:00,SWM10B,4.2,42.82808094600001,0.004
2023-09-26 16:00:00,SWM10C,4.3,43.847797159,0.004
2023-09-26 16:00:00,SWM11,5.2,53.025243076,0.007
2023-09-26 16:00:00,SWM12,5.4,55.06467550200001,0.0
2023-09-26 16:00:00,SWM13,5.2,53.025243076,0.011
2023-09-26 16:00:00,SWM14,5.2,53.025243076,0.415
2023-09-26 16:00:00,SWM15,5.0,50.985810650000005,0.0
2023-09-26 16:00:00,SWM2,5.2,53.025243076,0.106
2023-09-26 16:00:00,SWM3,5.3,54.044959289000005,0.01
2023-09-26 16:00:00,SWM4,5.2,53.025243076,0.013
2023-09-26 16:00:00,SWM6,5.1,52.005526863,0.023
2023-09-26 16:00:00,SWM7,5.3,54.044959289000005,0.087
2023-09-26 16:00:00,SWM8,5.1,52.005526863,0.004
2023-09-26 16:00:00,SWM9,4.4,44.867513372000005,0.0
2023-09-26 17:00:00,SWM10,4.3,43.847797159,0.004
2023-09-26 17:00:00,SWM10B,4.1,41.808364733,0.008
2023-09-26 17:00:00,SWM10C,4.2,42.82808094600001,0.0
2023-09-26 17:00:00,SWM11,5.2,53.025243076,0.005
2023-09-26 17:00:00,SWM12,5.3,54.044959289000005,0.0
2023-09-26 17:00:00,SWM13,5.2,53.025243076,0.015
2023-09-26 17:00:00,SWM14,5.2,53.025243076,0.381
2023-09-26 17:00:00,SWM15,5.0,50.985810650000005,0.002
2023-09-26 17:00:00,SWM2,5.25,53.5351011825,0.196
2023-09-26 17:00:00,SWM3,5.3,54.044959289000005,0.0
2023-09-26 17:00:00,SWM4,5.2,53.025243076,0.025
2023-09-26 17:00:00,SWM6,5.1,52.005526863,0.005
2023-09-26 17:00:00,SWM7,5.3,54.044959289000005,0.02
2023-09-26 17:00:00,SWM8,5.1,52.005526863,
2023-09-26 17:00:00,SWM9,4.5,45.887229585,0.004
2023-09-26 18:00:00,SWM10,4.4,44.867513372000005,0.0
2023-09-26 18:00:00,SWM10B,4.3,43.847797159,0.041
2023-09-26 18:00:00,SWM10C,4.2,42.82808094600001,0.0
2023-09-26 18:00:00,SWM11,5.2,53.025243076,0.0
2023-09-26 18:00:00,SWM12,5.2,53.025243076,0.0
2023-09-26 18:00:00,SWM13,5.2,53.025243076,0.003
2023-09-26 18:00:00,SWM14,5.3,54.044959289000005,0.389
2023-09-26 18:00:00,SWM15,5.0,50.985810650000005,0.005
2023-09-26 18:00:00,SWM2,5.3,54.044959289000005,0.055
2023-09-26 18:00:00,SWM3,5.3,54.044959289000005,0.002
2023-09-26 18:00:00,SWM4,5.2,53.025243076,0.006
2023-09-26 18:00:00,SWM6,5.1,52.005526863,0.065
2023-09-26 18:00:00,SWM7,5.3,54.044959289000005,0.145
2023-09-26 18:00:00,SWM8,5.1,52.005526863,0.001
2023-09-26 18:00:00,SWM9,4.5,45.887229585,0.0
2023-09-26 19:00:00,SWM10,4.7,47.926662011000005,0.015
2023-09-26 19:00:00,SWM10B,4.55,46.3970876915,0.017
2023-09-26 19:00:00,SWM10C,4.5,45.887229585,0.0
2023-09-26 19:00:00,SWM11,5.2,53.025243076,0.01
2023-09-26 19:00:00,SWM12,5.1,52.005526863,0.0
2023-09-26 19:00:00,SWM13,5.2,53.025243076,0.004
2023-09-26 19:00:00,SWM14,5.3,54.044959289000005,0.375
2023-09-26 19:00:00,SWM15,5.0,50.985810650000005,0.002
2023-09-26 19:00:00,SWM2,5.3,54.044959289000005,0.007
2023-09-26 19:00:00,SWM3,5.3,54.044959289000005,0.007
2023-09-26 19:00:00,SWM4,5.2,53.025243076,0.053
2023-09-26 19:00:00,SWM6,5.1,52.005526863,0.008
2023-09-26 19:00:00,SWM7,5.3,54.044959289000005,0.07
2023-09-26 19:00:00,SWM8,5.1,52.005526863,
2023-09-26 19:00:00,SWM9,6.2,63.222405206000005,0.0
2023-09-26 20:00:00,SWM10,4.4,44.867513372000005,0.004
2023-09-26 20:00:00,SWM10B,4.2,42.82808094600001,0.007
2023-09-26 20:00:00,SWM10C,4.2,42.82808094600001,0.003
2023-09-26 20:00:00,SWM11,4.95,50.47595254350001,0.0
2023-09-26 20:00:00,SWM12,4.9,49.96609443700001,0.0
2023-09-26 20:00:00,SWM13,4.9,49.96609443700001,0.059
2023-09-26 20:00:00,SWM14,5.0,50.985810650000005,0.373
2023-09-26 20:00:00,SWM15,4.8,48.946378224,0.012
2023-09-26 20:00:00,SWM2,5.0,50.985810650000005,0.065
2023-09-26 20:00:00,SWM3,5.0,50.985810650000005,0.004
2023-09-26 20:00:00,SWM4,5.0,50.985810650000005,0.007
2023-09-26 20:00:00,SWM6,4.9,49.96609443700001,0.006
2023-09-26 20:00:00,SWM7,5.1,52.005526863,0.016
2023-09-26 20:00:00,SWM8,4.9,49.96609443700001,0.0
2023-09-26 20:00:00,SWM9,5.85,59.6533984605,0.0
2023-09-26 21:00:00,SWM10,4.4,44.867513372000005,0.055
2023-09-26 21:00:00,SWM10B,4.2,42.82808094600001,0.0
2023-09-26 21:00:00,SWM10C,4.3,43.847797159,0.013
2023-09-26 21:00:00,SWM11,5.0,50.985810650000005,0.0
2023-09-26 21:00:00,SWM12,4.9,49.96609443700001,0.0
2023-09-26 21:00:00,SWM13,5.1,52.005526863,0.114
2023-09-26 21:00:00,SWM14,5.1,52.005526863,0.364
2023-09-26 21:00:00,SWM15,4.9,49.96609443700001,0.019
2023-09-26 21:00:00,SWM2,5.1,52.005526863,0.003
2023-09-26 21:00:00,SWM3,5.1,52.005526863,0.021
2023-09-26 21:00:00,SWM4,5.0,50.985810650000005,0.0
2023-09-26 21:00:00,SWM6,4.9,49.96609443700001,0.026
2023-09-26 21:00:00,SWM7,5.1,52.005526863,0.0
2023-09-26 21:00:00,SWM8,5.0,50.985810650000005,0.0
2023-09-26 21:00:00,SWM9,5.5,56.084391715,0.0
2023-09-26 22:00:00,SWM10,4.3,43.847797159,0.0
2023-09-26 22:00:00,SWM10B,4.2,42.82808094600001,0.005
2023-09-26 22:00:00,SWM10C,4.2,42.82808094600001,0.0
2023-09-26 22:00:00,SWM11,5.2,53.025243076,0.0
2023-09-26 22:00:00,SWM12,5.0,50.985810650000005,0.0
2023-09-26 22:00:00,SWM13,5.2,53.025243076,0.0
2023-09-26 22:00:00,SWM14,5.3,54.044959289000005,0.37
2023-09-26 22:00:00,SWM15,5.0,50.985810650000005,0.0
2023-09-26 22:00:00,SWM2,5.2,53.025243076,0.0
2023-09-26 22:00:00,SWM3,5.3,54.044959289000005,0.0
2023-09-26 22:00:00,SWM4,5.2,53.025243076,0.011
2023-09-26 22:00:00,SWM6,5.1,52.005526863,0.013
2023-09-26 22:00:00,SWM7,5.3,54.044959289000005,0.0
2023-09-26 22:00:00,SWM8,5.1,52.005526863,0.0
2023-09-26 22:00:00,SWM9,5.3,54.044959289000005,0.0
2023-09-26 23:00:00,SWM10,4.4,44.867513372000005,0.0
2023-09-26 23:00:00,SWM10B,4.3,43.847797159,0.007
2023-09-26 23:00:00,SWM10C,4.3,43.847797159,0.0
2023-09-26 23:00:00,SWM11,5.15,52.515384969500005,0.0
2023-09-26 23:00:00,SWM12,5.0,50.985810650000005,0.008
2023-09-26 23:00:00,SWM13,5.1,52.005526863,0.0
2023-09-26 23:00:00,SWM14,5.2,53.025243076,0.373
2023-09-26 23:00:00,SWM15,5.0,50.985810650000005,0.003
2023-09-26 23:00:00,SWM2,5.2,53.025243076,0.0
2023-09-26 23:00:00,SWM3,5.2,53.025243076,0.0
2023-09-26 23:00:00,SWM4,5.2,53.025243076,0.0
2023-09-26 23:00:00,SWM6,5.1,52.005526863,0.018
2023-09-26 23:00:00,SWM7,5.3,54.044959289000005,0.006
2023-09-26 23:00:00,SWM8,5.1,52.005526863,0.0
2023-09-26 23:00:00,SWM9,5.0,50.985810650000005,0.0
2023-09-27 00:00:00,SWM10,4.4,44.867513372000005,0.0
2023-09-27 00:00:00,SWM10B,4.3,43.847797159,0.0
2023-09-27 00:00:00,SWM10C,4.3,43.847797159,0.0
2023-09-27 00:00:00,SWM11,5.1,52.005526863,0.001
2023-09-27 00:00:00,SWM12,5.0,50.985810650000005,0.0
2023-09-27 00:00:00,SWM13,5.1,52.005526863,0.0
2023-09-27 00:00:00,SWM14,5.2,53.025243076,0.375
2023-09-27 00:00:00,SWM15,4.9,49.96609443700001,0.0
2023-09-27 00:00:00,SWM2,5.1,52.005526863,0.0
2023-09-27 00:00:00,SWM3,5.2,53.025243076,0.0
2023-09-27 00:00:00,SWM4,5.2,53.025243076,0.0
2023-09-27 00:00:00,SWM6,5.0,50.985810650000005,0.0
2023-09-27 00:00:00,SWM7,5.2,53.025243076,0.0
2023-09-27 00:00:00,SWM8,5.0,50.985810650000005,0.0
2023-09-27 00:00:00,SWM9,4.8,48.946378224,0.0
2023-09-27 01:00:00,SWM10,4.3,43.847797159,0.0
2023-09-27 01:00:00,SWM10B,4.2,42.82808094600001,0.0
2023-09-27 01:00:00,SWM10C,4.2,42.82808094600001,0.0
2023-09-27 01:00:00,SWM11,5.3,54.044959289000005,0.0
2023-09-27 01:00:00,SWM12,5.1,52.005526863,0.0
2023-09-27 01:00:00,SWM13,5.2,53.025243076,0.0
2023-09-27 01:00:00,SWM14,5.4,55.06467550200001,0.38
2023-09-27 01:00:00,SWM15,5.1,52.005526863,0.0
2023-09-27 01:00:00,SWM2,5.3,54.044959289000005,0.0
2023-09-27 01:00:00,SWM3,5.3,54.044959289000005,0.0
2023-09-27 01:00:00,SWM4,5.3,54.044959289000005,0.011
2023-09-27 01:00:00,SWM6,5.2,53.025243076,0.027
2023-09-27 01:00:00,SWM7,5.4,55.06467550200001,0.006
2023-09-27 01:00:00,SWM8,5.2,53.025243076,0.0
2023-09-27 01:00:00,SWM9,4.6,46.906945798,0.0
2023-09-27 02:00:00,SWM10,4.3,43.847797159,0.0
2023-09-27 02:00:00,SWM10B,4.15,42.31822283950001,0.0
2023-09-27 02:00:00,SWM10C,4.3,43.847797159,0.008
2023-09-27 02:00:00,SWM11,5.2,53.025243076,0.0
2023-09-27 02:00:00,SWM12,5.1,52.005526863,0.0
2023-09-27 02:00:00,SWM13,5.2,53.025243076,0.0
2023-09-27 02:00:00,SWM14,5.3,54.044959289000005,0.376
2023-09-27 02:00:00,SWM15,5.0,50.985810650000005,0.0
2023-09-27 02:00:00,SWM2,5.2,53.025243076,0.0
2023-09-27 02:00:00,SWM3,5.3,54.044959289000005,0.0
2023-09-27 02:00:00,SWM4,5.3,54.044959289000005,0.0
2023-09-27 02:00:00,SWM6,5.2,53.025243076,0.0
2023-09-27 02:00:00,SWM7,5.4,55.06467550200001,0.0
2023-09-27 02:00:00,SWM8,5.1,52.005526863,0.0
2023-09-27 02:00:00,SWM9,5.95,60.6731146735,0.0
2023-09-27 03:00:00,SWM10,4.3,43.847797159,0.007
2023-09-27 03:00:00,SWM10B,4.2,42.82808094600001,0.001
2023-09-27 03:00:00,SWM10C,4.2,42.82808094600001,0.0
2023-09-27 03:00:00,SWM11,5.2,53.025243076,0.026
2023-09-27 03:00:00,SWM12,5.0,50.985810650000005,0.0
2023-09-27 03:00:00,SWM13,5.2,53.025243076,0.0
2023-09-27 03:00:00,SWM14,5.3,54.044959289000005,0.375
2023-09-27 03:00:00,SWM15,5.0,50.985810650000005,0.006
2023-09-27 03:00:00,SWM2,5.2,53.025243076,0.0
2023-09-27 03:00:00,SWM3,5.3,54.044959289000005,0.0
2023-09-27 03:00:00,SWM4,5.2,53.025243076,0.004
2023-09-27 03:00:00,SWM6,5.1,52.005526863,0.008
2023-09-27 03:00:00,SWM7,5.3,54.044959289000005,0.029
2023-09-27 03:00:00,SWM8,5.1,52.005526863,0.0
2023-09-27 03:00:00,SWM9,5.8,59.143540354,0.0
2023-09-27 04:00:00,SWM10,4.4,44.867513372000005,0.0
2023-09-27 04:00:00,SWM10B,4.2,42.82808094600001,0.0
2023-09-27 04:00:00,SWM10C,4.2,42.82808094600001,0.0
2023-09-27 04:00:00,SWM11,5.2,53.025243076,0.01
2023-09-27 04:00:00,SWM12,5.1,52.005526863,0.0
2023-09-27 04:00:00,SWM13,5.2,53.025243076,0.002
2023-09-27 04:00:00,SWM14,5.3,54.044959289000005,0.375
2023-09-27 04:00:00,SWM15,5.0,50.985810650000005,0.01
2023-09-27 04:00:00,SWM2,5.2,53.025243076,0.0
2023-09-27 04:00:00,SWM3,5.3,54.044959289000005,0.0
2023-09-27 04:00:00,SWM4,5.2,53.025243076,0.0
2023-09-27 04:00:00,SWM6,5.1,52.005526863,0.015
2023-09-27 04:00:00,SWM7,5.3,54.044959289000005,0.136
2023-09-27 04:00:00,SWM8,5.1,52.005526863,0.0
2023-09-27 04:00:00,SWM9,5.5,56.084391715,0.0
2023-09-27 05:00:00,SWM10,4.4,44.867513372000005,0.049
2023-09-27 05:00:00,SWM10B,4.2,42.82808094600001,0.002
2023-09-27 05:00:00,SWM10C,4.2,42.82808094600001,0.0
2023-09-27 05:00:00,SWM11,5.0,50.985810650000005,0.0
2023-09-27 05:00:00,SWM12,4.8,48.946378224,0.0
2023-09-27 05:00:00,SWM13,5.0,50.985810650000005,0.022
2023-09-27 05:00:00,SWM14,5.0,50.985810650000005,0.397
2023-09-27 05:00:00,SWM15,4.8,48.946378224,0.011
2023-09-27 05:00:00,SWM2,5.0,50.985810650000005,0.008
2023-09-27 05:00:00,SWM3,5.1,52.005526863,0.055
2023-09-27 05:00:00,SWM4,5.0,50.985810650000005,0.0
2023-09-27 05:00:00,SWM6,4.9,49.96609443700001,0.004
2023-09-27 05:00:00,SWM7,5.1,52.005526863,0.024
2023-09-27 05:00:00,SWM8,4.9,49.96609443700001,0.0
2023-09-27 05:00:00,SWM9,5.2,53.025243076,0.0
2023-09-27 06:00:00,SWM10,4.5,45.887229585,0.093
2023-09-27 06:00:00,SWM10B,4.4,44.867513372000005,0.032
2023-09-27 06:00:00,SWM10C,4.4,44.867513372000005,0.0
2023-09-27 06:00:00,SWM11,5.1,52.005526863,0.013
2023-09-27 06:00:00,SWM12,5.0,50.985810650000005,0.078
2023-09-27 06:00:00,SWM13,5.1,52.005526863,0.039
2023-09-27 06:00:00,SWM14,5.2,53.025243076,0.378
2023-09-27 06:00:00,SWM15,4.9,49.96609443700001,0.0
2023-09-27 06:00:00,SWM2,5.2,53.025243076,0.016
2023-09-27 06:00:00,SWM3,5.2,53.025243076,0.012
2023-09-27 06:00:00,SWM4,5.1,52.005526863,0.016
2023-09-27 06:00:00,SWM6,5.0,50.985810650000005,0.0
2023-09-27 06:00:00,SWM7,5.2,53.025243076,0.0
2023-09-27 06:00:00,SWM8,5.0,50.985810650000005,0.002
2023-09-27 06:00:00,SWM9,5.0,50.985810650000005,0.004
2023-09-27 07:00:00,SWM10,4.3,43.847797159,0.0
2023-09-27 07:00:00,SWM10B,4.3,43.847797159,0.009
2023-09-27 07:00:00,SWM10C,4.4,44.867513372000005,0.008
2023-09-27 07:00:00,SWM11,5.2,53.025243076,0.011
2023-09-27 07:00:00,SWM12,5.2,53.025243076,0.0
2023-09-27 07:00:00,SWM13,5.2,53.025243076,0.139
2023-09-27 07:00:00,SWM14,5.3,54.044959289000005,0.373
2023-09-27 07:00:00,SWM15,5.0,50.985810650000005,0.0
2023-09-27 07:00:00,SWM2,5.3,54.044959289000005,0.004
2023-09-27 07:00:00,SWM3,5.3,54.044959289000005,0.0
2023-09-27 07:00:00,SWM4,5.3,54.044959289000005,0.028
2023-09-27 07:00:00,SWM6,5.1,52.005526863,0.0
2023-09-27 07:00:00,SWM7,5.3,54.044959289000005,0.0
2023-09-27 07:00:00,SWM8,5.15,52.515384969500005,
2023-09-27 07:00:00,SWM9,4.5,45.887229585,0.017
2023-09-27 08:00:00,SWM10,4.1,41.808364733,0.0
2023-09-27 08:00:00,SWM10B,4.1,41.808364733,0.0
2023-09-27 08:00:00,SWM10C,4.1,41.808364733,0.003
2023-09-27 08:00:00,SWM11,5.2,53.025243076,0.002
2023-09-27 08:00:00,SWM12,5.4,55.06467550200001,0.0
2023-09-27 08:00:00,SWM13,5.2,53.025243076,0.003
2023-09-27 08:00:00,SWM14,5.3,54.044959289000005,0.356
2023-09-27 08:00:00,SWM15,5.0,50.985810650000005,0.0
2023-09-27 08:00:00,SWM2,5.2,53.025243076,0.0
2023-09-27 08:00:00,SWM3,5.3,54.044959289000005,0.0
2023-09-27 08:00:00,SWM4,5.2,53.025243076,0.014
2023-09-27 08:00:00,SWM6,5.1,52.005526863,0.007
2023-09-27 08:00:00,SWM7,5.3,54.044959289000005,0.0
2023-09-27 08:00:00,SWM8,5.1,52.005526863,0.0
2023-09-27 08:00:00,SWM9,4.5,45.887229585,0.004
2023-09-27 09:00:00,SWM10,4.3,43.847797159,0.0
2023-09-27 09:00:00,SWM10B,4.2,42.82808094600001,0.004
2023-09-27 09:00:00,SWM10C,4.3,43.847797159,0.018
2023-09-27 09:00:00,SWM11,5.3,54.044959289000005,0.011
2023-09-27 09:00:00,SWM12,5.2,53.025243076,0.018
2023-09-27 09:00:00,SWM13,5.3,54.044959289000005,0.014
2023-09-27 09:00:00,SWM14,5.3,54.044959289000005,0.372
2023-09-27 09:00:00,SWM15,5.1,52.005526863,0.0
2023-09-27 09:00:00,SWM2,5.3,54.044959289000005,0.0
2023-09-27 09:00:00,SWM3,5.4,55.06467550200001,0.0
2023-09-27 09:00:00,SWM4,5.3,54.044959289000005,0.009
2023-09-27 09:00:00,SWM6,5.2,53.025243076,0.0
2023-09-27 09:00:00,SWM7,5.4,55.06467550200001,0.0
2023-09-27 09:00:00,SWM8,5.2,53.025243076,0.0
2023-09-27 09:00:00,SWM9,4.5,45.887229585,0.013
2023-09-27 10:00:00,SWM10,4.3,43.847797159,0.0
2023-09-27 10:00:00,SWM10B,4.2,42.82808094600001,0.001
2023-09-27 10:00:00,SWM10C,4.3,43.847797159,0.0
2023-09-27 10:00:00,SWM11,5.3,54.044959289000005,0.001
2023-09-27 10:00:00,SWM12,5.2,53.025243076,0.065
2023-09-27 10:00:00,SWM13,5.3,54.044959289000005,0.0
2023-09-27 10:00:00,SWM14,5.4,55.06467550200001,0.371
2023-09-27 10:00:00,SWM15,5.1,52.005526863,0.0
2023-09-27 10:00:00,SWM2,5.3,54.044959289000005,0.003
2023-09-27 10:00:00,SWM3,5.4,55.06467550200001,0.0
2023-09-27 10:00:00,SWM4,5.3,54.044959289000005,0.02
2023-09-27 10:00:00,SWM6,5.2,53.025243076,0.0
2023-09-27 10:00:00,SWM7,5.4,55.06467550200001,0.0
2023-09-27 10:00:00,SWM8,5.2,53.025243076,0.001
2023-09-27 10:00:00,SWM9,4.5,45.887229585,0.012
2023-09-27 11:00:00,SWM10,4.2,42.82808094600001,0.0
2023-09-27 11:00:00,SWM10B,4.1,41.808364733,0.003
2023-09-27 11:00:00,SWM10C,4.1,41.808364733,0.0
2023-09-27 11:00:00,SWM11,5.3,54.044959289000005,0.037
2023-09-27 11:00:00,SWM12,5.2,53.025243076,0.007
2023-09-27 11:00:00,SWM13,5.3,54.044959289000005,0.0
2023-09-27 11:00:00,SWM14,5.35,54.5548173955,0.372
2023-09-27 11:00:00,SWM15,5.1,52.005526863,0.015
2023-09-27 11:00:00,SWM2,5.3,54.044959289000005,0.0
2023-09-27 11:00:00,SWM3,5.4,55.06467550200001,0.0
2023-09-27 11:00:00,SWM4,5.3,54.044959289000005,0.0
2023-09-27 11:00:00,SWM6,5.2,53.025243076,0.008
2023-09-27 11:00:00,SWM7,5.4,55.06467550200001,0.0
2023-09-27 11:00:00,SWM8,5.2,53.025243076,
2023-09-27 11:00:00,SWM9,4.5,45.887229585,0.006
2023-09-27 12:00:00,SWM10,4.2,42.82808094600001,0.0
2023-09-27 12:00:00,SWM10B,4.1,41.808364733,0.0
2023-09-27 12:00:00,SWM10C,4.2,42.82808094600001,0.008
2023-09-27 12:00:00,SWM11,5.3,54.044959289000005,0.01
2023-09-27 12:00:00,SWM12,5.2,53.025243076,0.0
2023-09-27 12:00:00,SWM13,5.3,54.044959289000005,0.002
2023-09-27 12:00:00,SWM14,5.4,55.06467550200001,0.376
2023-09-27 12:00:00,SWM15,5.1,52.005526863,0.0
2023-09-27 12:00:00,SWM2,5.3,54.044959289000005,0.0
2023-09-27 12:00:00,SWM3,5.3,54.044959289000005,0.0
2023-09-27 12:00:00,SWM4,5.3,54.044959289000005,0.004
2023-09-27 12:00:00,SWM6,5.2,53.025243076,0.005
2023-09-27 12:00:00,SWM7,5.4,55.06467550200001,0.0
2023-09-27 12:00:00,SWM8,5.2,53.025243076,0.0
2023-09-27 12:00:00,SWM9,4.6,46.906945798,0.004
2023-09-27 13:00:00,SWM10,4.4,44.867513372000005,0.006
2023-09-27 13:00:00,SWM10B,4.2,42.82808094600001,0.001
2023-09-27 13:00:00,SWM10C,4.2,42.82808094600001,0.0
2023-09-27 13:00:00,SWM11,5.2,53.025243076,0.009
2023-09-27 13:00:00,SWM12,5.1,52.005526863,0.01
2023-09-27 13:00:00,SWM13,5.2,53.025243076,0.017
2023-09-27 13:00:00,SWM14,5.3,54.044959289000005,0.372
2023-09-27 13:00:00,SWM15,5.0,50.985810650000005,0.0
2023-09-27 13:00:00,SWM2,5.3,54.044959289000005,0.0
2023-09-27 13:00:00,SWM3,5.3,54.044959289000005,0.0
2023-09-27 13:00:00,SWM4,5.3,54.044959289000005,0.007
2023-09-27 13:00:00,SWM6,5.2,53.025243076,0.029
2023-09-27 13:00:00,SWM7,5.3,54.044959289000005,0.0
2023-09-27 13:00:00,SWM8,5.2,53.025243076,0.001
2023-09-27 13:00:00,SWM9,4.4,44.867513372000005,0.0
2023-09-27 14:00:00,SWM10,4.4,44.867513372000005,0.017
2023-09-27 14:00:00,SWM10B,4.2,42.82808094600001,0.0
2023-09-27 14:00:00,SWM10C,4.3,43.847797159,0.005
2023-09-27 14:00:00,SWM11,5.15,52.515384969500005,0.022
2023-09-27 14:00:00,SWM12,5.0,50.985810650000005,0.0
2023-09-27 14:00:00,SWM13,5.2,53.025243076,0.015
2023-09-27 14:00:00,SWM14,5.2,53.025243076,0.407
2023-09-27 14:00:00,SWM15,5.0,50.985810650000005,0.007
2023-09-27 14:00:00,SWM2,5.2,53.025243076,0.016
2023-09-27 14:00:00,SWM3,5.2,53.025243076,0.002
2023-09-27 14:00:00,SWM4,5.2,53.025243076,0.005
2023-09-27 14:00:00,SWM6,5.1,52.005526863,0.018
2023-09-27 14:00:00,SWM7,5.2,53.025243076,0.0
2023-09-27 14:00:00,SWM8,5.1,52.005526863,
2023-09-27 14:00:00,SWM9,4.4,44.867513372000005,0.0
2023-09-27 15:00:00,SWM10,4.4,44.867513372000005,0.008
2023-09-27 15:00:00,SWM10B,4.2,42.82808094600001,0.0
2023-09-27 15:00:00,SWM10C,4.3,43.847797159,0.036
2023-09-27 15:00:00,SWM11,5.2,53.025243076,0.009
2023-09-27 15:00:00,SWM12,5.1,52.005526863,0.0
2023-09-27 15:00:00,SWM13,5.2,53.025243076,0.036
2023-09-27 15:00:00,SWM14,5.3,54.044959289000005,0.378
2023-09-27 15:00:00,SWM15,5.0,50.985810650000005,0.0
2023-09-27 15:00:00,SWM2,5.3,54.044959289000005,0.054
2023-09-27 15:00:00,SWM3,5.3,54.044959289000005,0.009
2023-09-27 15:00:00,SWM4,5.2,53.025243076,0.005
2023-09-27 15:00:00,SWM6,5.1,52.005526863,0.005
2023-09-27 15:00:00,SWM7,5.3,54.044959289000005,0.0
2023-09-27 15:00:00,SWM8,5.1,52.005526863,0.001
2023-09-27 15:00:00,SWM9,4.4,44.867513372000005,0.0
2023-09-27 16:00:00,SWM10,4.4,44.867513372000005,0.015
2023-09-27 16:00:00,SWM10B,4.3,43.847797159,0.067
2023-09-27 16:00:00,SWM10C,4.3,43.847797159,0.01
2023-09-27 16:00:00,SWM11,5.2,53.025243076,0.015
2023-09-27 16:00:00,SWM12,5.0,50.985810650000005,0.0
2023-09-27 16:00:00,SWM13,5.2,53.025243076,0.009
2023-09-27 16:00:00,SWM14,5.2,53.025243076,0.369
2023-09-27 16:00:00,SWM15,5.0,50.985810650000005,0.0
2023-09-27 16:00:00,SWM2,5.3,54.044959289000005,0.131
2023-09-27 16:00:00,SWM3,5.3,54.044959289000005,0.026
2023-09-27 16:00:00,SWM4,5.2,53.025243076,0.012
2023-09-27 16:00:00,SWM6,5.1,52.005526863,0.01
2023-09-27 16:00:00,SWM7,5.3,54.044959289000005,0.142
2023-09-27 16:00:00,SWM8,5.1,52.005526863,0.0
2023-09-27 16:00:00,SWM9,4.4,44.867513372000005,0.0
2023-09-27 17:00:00,SWM10,4.4,44.867513372000005,0.002
2023-09-27 17:00:00,SWM10B,4.2,42.82808094600001,0.018
2023-09-27 17:00:00,SWM10C,4.3,43.847797159,0.0
2023-09-27 17:00:00,SWM11,5.2,53.025243076,0.009
2023-09-27 17:00:00,SWM12,5.1,52.005526863,0.0
2023-09-27 17:00:00,SWM13,5.2,53.025243076,0.021
2023-09-27 17:00:00,SWM14,5.3,54.044959289000005,0.369
2023-09-27 17:00:00,SWM15,5.0,50.985810650000005,0.002
2023-09-27 17:00:00,SWM2,5.3,54.044959289000005,0.029
2023-09-27 17:00:00,SWM3,5.3,54.044959289000005,0.008
2023-09-27 17:00:00,SWM4,5.2,53.025243076,0.0
2023-09-27 17:00:00,SWM6,5.1,52.005526863,0.035
2023-09-27 17:00:00,SWM7,5.3,54.044959289000005,0.276
2023-09-27 17:00:00,SWM8,5.1,52.005526863,
2023-09-27 17:00:00,SWM9,4.4,44.867513372000005,0.0
2023-09-27 18:00:00,SWM10,4.4,44.867513372000005,0.019
2023-09-27 18:00:00,SWM10B,4.2,42.82808094600001,0.013
2023-09-27 18:00:00,SWM10C,4.3,43.847797159,0.02
2023-09-27 18:00:00,SWM11,5.2,53.025243076,0.011
2023-09-27 18:00:00,SWM12,5.0,50.985810650000005,0.008
2023-09-27 18:00:00,SWM13,5.2,53.025243076,0.159
2023-09-27 18:00:00,SWM14,5.3,54.044959289000005,0.386
2023-09-27 18:00:00,SWM15,5.0,50.985810650000005,0.002
2023-09-27 18:00:00,SWM2,5.3,54.044959289000005,0.023
2023-09-27 18:00:00,SWM3,5.3,54.044959289000005,0.0
2023-09-27 18:00:00,SWM4,5.2,53.025243076,0.0
2023-09-27 18:00:00,SWM6,5.1,52.005526863,0.006
2023-09-27 18:00:00,SWM7,5.3,54.044959289000005,0.102
2023-09-27 18:00:00,SWM8,5.1,52.005526863,0.0
2023-09-27 18:00:00,SWM9,4.4,44.867513372000005,0.0
2023-09-27 19:00:00,SWM10,4.4,44.867513372000005,0.002
2023-09-27 19:00:00,SWM10B,4.3,43.847797159,0.104
2023-09-27 19:00:00,SWM10C,4.3,43.847797159,0.0
2023-09-27 19:00:00,SWM11,5.2,53.025243076,0.016
2023-09-27 19:00:00,SWM12,5.1,52.005526863,0.001
2023-09-27 19:00:00,SWM13,5.2,53.025243076,0.004
2023-09-27 19:00:00,SWM14,5.3,54.044959289000005,0.406
2023-09-27 19:00:00,SWM15,5.1,52.005526863,0.002
2023-09-27 19:00:00,SWM2,5.3,54.044959289000005,0.025
2023-09-27 19:00:00,SWM3,5.3,54.044959289000005,0.01
2023-09-27 19:00:00,SWM4,5.2,53.025243076,0.0
2023-09-27 19:00:00,SWM6,5.1,52.005526863,0.017
2023-09-27 19:00:00,SWM7,5.4,55.06467550200001,0.043
2023-09-27 19:00:00,SWM8,5.15,52.515384969500005,0.0
2023-09-27 19:00:00,SWM9,5.95,60.6731146735,0.0
2023-09-27 20:00:00,SWM10,4.4,44.867513372000005,0.008
2023-09-27 20:00:00,SWM10B,4.1,41.808364733,0.0
2023-09-27 20:00:00,SWM10C,4.3,43.847797159,0.014
2023-09-27 20:00:00,SWM11,5.0,50.985810650000005,0.0
2023-09-27 20:00:00,SWM12,4.9,49.96609443700001,0.0
2023-09-27 20:00:00,SWM13,5.0,50.985810650000005,0.132
2023-09-27 20:00:00,SWM14,5.1,52.005526863,0.367
2023-09-27 20:00:00,SWM15,4.85,49.4562363305,0.0
2023-09-27 20:00:00,SWM2,5.1,52.005526863,0.058
2023-09-27 20:00:00,SWM3,5.1,52.005526863,0.011
2023-09-27 20:00:00,SWM4,5.0,50.985810650000005,0.007
2023-09-27 20:00:00,SWM6,4.9,49.96609443700001,0.015
2023-09-27 20:00:00,SWM7,5.1,52.005526863,0.031
2023-09-27 20:00:00,SWM8,4.95,50.47595254350001,0.0
2023-09-27 20:00:00,SWM9,6.2,63.222405206000005,0.0
2023-09-27 21:00:00,SWM10,4.6,46.906945798,0.135
2023-09-27 21:00:00,SWM10B,4.4,44.867513372000005,0.0
2023-09-27 21:00:00,SWM10C,4.5,45.887229585,0.003
2023-09-27 21:00:00,SWM11,5.1,52.005526863,0.008
2023-09-27 21:00:00,SWM12,4.9,49.96609443700001,0.0
2023-09-27 21:00:00,SWM13,5.1,52.005526863,0.041
2023-09-27 21:00:00,SWM14,5.2,53.025243076,0.363
2023-09-27 21:00:00,SWM15,4.9,49.96609443700001,0.0
2023-09-27 21:00:00,SWM2,5.15,52.515384969500005,0.01
2023-09-27 21:00:00,SWM3,5.2,53.025243076,0.015
2023-09-27 21:00:00,SWM4,5.1,52.005526863,0.0
2023-09-27 21:00:00,SWM6,5.0,50.985810650000005,0.211
2023-09-27 21:00:00,SWM7,5.2,53.025243076,0.01
2023-09-27 21:00:00,SWM8,5.0,50.985810650000005,0.0
2023-09-27 21:00:00,SWM9,5.8,59.143540354,0.0
2023-09-27 22:00:00,SWM10,4.7,47.926662011000005,0.021
2023-09-27 22:00:00,SWM10B,4.6,46.906945798,0.007
2023-09-27 22:00:00,SWM10C,4.7,47.926662011000005,0.0
2023-09-27 22:00:00,SWM11,5.3,54.044959289000005,0.001
2023-09-27 22:00:00,SWM12,5.1,52.005526863,0.0
2023-09-27 22:00:00,SWM13,5.3,54.044959289000005,0.009
2023-09-27 22:00:00,SWM14,5.3,54.044959289000005,0.369
2023-09-27 22:00:00,SWM15,5.1,52.005526863,0.006
2023-09-27 22:00:00,SWM2,5.3,54.044959289000005,0.0
2023-09-27 22:00:00,SWM3,5.4,55.06467550200001,0.012
2023-09-27 22:00:00,SWM4,5.3,54.044959289000005,0.0
2023-09-27 22:00:00,SWM6,5.2,53.025243076,0.114
2023-09-27 22:00:00,SWM7,5.4,55.06467550200001,0.0
2023-09-27 22:00:00,SWM8,5.2,53.025243076,0.002
2023-09-27 22:00:00,SWM9,5.5,56.084391715,0.0
2023-09-27 23:00:00,SWM10,5.1,52.005526863,0.0
2023-09-27 23:00:00,SWM10B,5.1,52.005526863,0.0
2023-09-27 23:00:00,SWM10C,5.1,52.005526863,0.0
2023-09-27 23:00:00,SWM11,5.3,54.044959289000005,0.002
2023-09-27 23:00:00,SWM12,5.1,52.005526863,0.0
2023-09-27 23:00:00,SWM13,5.3,54.044959289000005,0.0
2023-09-27 23:00:00,SWM14,5.3,54.044959289000005,0.369
2023-09-27 23:00:00,SWM15,5.1,52.005526863,0.003
2023-09-27 23:00:00,SWM2,5.3,54.044959289000005,0.0
2023-09-27 23:00:00,SWM3,5.4,55.06467550200001,0.0
2023-09-27 23:00:00,SWM4,5.3,54.044959289000005,0.004
2023-09-27 23:00:00,SWM6,5.2,53.025243076,0.07
2023-09-27 23:00:00,SWM7,5.4,55.06467550200001,0.0
2023-09-27 23:00:00,SWM8,5.2,53.025243076,
2023-09-27 23:00:00,SWM9,5.3,54.044959289000005,0.0
2023-09-28 00:00:00,SWM10,5.1,52.005526863,0.0
2023-09-28 00:00:00,SWM10B,5.0,50.985810650000005,0.0
2023-09-28 00:00:00,SWM10C,5.1,52.005526863,0.0
2023-09-28 00:00:00,SWM11,5.3,54.044959289000005,0.001
2023-09-28 00:00:00,SWM12,5.2,53.025243076,0.0
2023-09-28 00:00:00,SWM13,5.3,54.044959289000005,0.0
2023-09-28 00:00:00,SWM14,5.4,55.06467550200001,0.376
2023-09-28 00:00:00,SWM15,5.2,53.025243076,0.05
2023-09-28 00:00:00,SWM2,5.3,54.044959289000005,0.0
2023-09-28 00:00:00,SWM3,5.4,55.06467550200001,0.0
2023-09-28 00:00:00,SWM4,5.3,54.044959289000005,0.0
2023-09-28 00:00:00,SWM6,5.2,53.025243076,0.039
2023-09-28 00:00:00,SWM7,5.4,55.06467550200001,0.006
2023-09-28 00:00:00,SWM8,5.2,53.025243076,0.0
2023-09-28 00:00:00,SWM9,5.0,50.985810650000005,0.0
2023-09-28 01:00:00,SWM10,5.0,50.985810650000005,0.0
2023-09-28 01:00:00,SWM10B,4.9,49.96609443700001,0.0
2023-09-28 01:00:00,SWM10C,4.9,49.96609443700001,0.0
2023-09-28 01:00:00,SWM11,5.3,54.044959289000005,0.0
2023-09-28 01:00:00,SWM12,5.2,53.025243076,0.0
2023-09-28 01:00:00,SWM13,5.3,54.044959289000005,0.0
2023-09-28 01:00:00,SWM14,5.4,55.06467550200001,0.371
2023-09-28 01:00:00,SWM15,5.2,53.025243076,0.0
2023-09-28 01:00:00,SWM2,5.3,54.044959289000005,0.0
2023-09-28 01:00:00,SWM3,5.4,55.06467550200001,0.0
2023-09-28 01:00:00,SWM4,5.3,54.044959289000005,0.0
2023-09-28 01:00:00,SWM6,5.3,54.044959289000005,0.012
2023-09-28 01:00:00,SWM7,5.5,56.084391715,0.007
2023-09-28 01:00:00,SWM8,5.2,53.025243076,0.0
2023-09-28 01:00:00,SWM9,4.8,48.946378224,0.0
2023-09-28 02:00:00,SWM10,5.0,50.985810650000005,0.0
2023-09-28 02:00:00,SWM10B,4.9,49.96609443700001,0.0
2023-09-28 02:00:00,SWM10C,4.9,49.96609443700001,0.0
2023-09-28 02:00:00,SWM11,5.3,54.044959289000005,0.0
2023-09-28 02:00:00,SWM12,5.2,53.025243076,0.009
2023-09-28 02:00:00,SWM13,5.3,54.044959289000005,0.0
2023-09-28 02:00:00,SWM14,5.4,55.06467550200001,0.37
2023-09-28 02:00:00,SWM15,5.1,52.005526863,0.0
2023-09-28 02:00:00,SWM2,5.3,54.044959289000005,0.0
2023-09-28 02:00:00,SWM3,5.4,55.06467550200001,0.0
2023-09-28 02:00:00,SWM4,5.3,54.044959289000005,0.0
2023-09-28 02:00:00,SWM6,5.2,53.025243076,0.0
2023-09-28 02:00:00,SWM7,5.4,55.06467550200001,0.0
2023-09-28 02:00:00,SWM8,5.2,53.025243076,0.0
2023-09-28 02:00:00,SWM9,4.5,45.887229585,0.0
2023-09-28 03:00:00,SWM10,4.4,44.867513372000005,0.0
2023-09-28 03:00:00,SWM10B,4.2,42.82808094600001,0.001
2023-09-28 03:00:00,SWM10C,4.3,43.847797159,0.0
2023-09-28 03:00:00,SWM11,5.2,53.025243076,0.02
2023-09-28 03:00:00,SWM12,5.1,52.005526863,0.0
2023-09-28 03:00:00,SWM13,5.2,53.025243076,0.0
2023-09-28 03:00:00,SWM14,5.3,54.044959289000005,0.365
2023-09-28 03:00:00,SWM15,5.0,50.985810650000005,0.0
2023-09-28 03:00:00,SWM2,5.3,54.044959289000005,0.007
2023-09-28 03:00:00,SWM3,5.3,54.044959289000005,0.0
2023-09-28 03:00:00,SWM4,5.2,53.025243076,0.0
2023-09-28 03:00:00,SWM6,5.1,52.005526863,0.0
2023-09-28 03:00:00,SWM7,5.4,55.06467550200001,0.13
2023-09-28 03:00:00,SWM8,5.1,52.005526863,0.0
2023-09-28 03:00:00,SWM9,5.800000000000001,59.14354035400001,0.0
2023-09-28 04:00:00,SWM10,4.2,42.82808094600001,0.0
2023-09-28 04:00:00,SWM10B,4.1,41.808364733,0.0
2023-09-28 04:00:00,SWM10C,4.1,41.808364733,0.0
2023-09-28 04:00:00,SWM11,5.2,53.025243076,0.009
2023-09-28 04:00:00,SWM12,5.1,52.005526863,0.0
2023-09-28 04:00:00,SWM13,5.2,53.025243076,0.0
2023-09-28 04:00:00,SWM14,5.3,54.044959289000005,0.367
2023-09-28 04:00:00,SWM15,5.1,52.005526863,0.009
2023-09-28 04:00:00,SWM2,5.3,54.044959289000005,0.0
2023-09-28 04:00:00,SWM3,5.3,54.044959289000005,0.0
2023-09-28 04:00:00,SWM4,5.3,54.044959289000005,0.001
2023-09-28 04:00:00,SWM6,5.2,53.025243076,0.0
2023-09-28 04:00:00,SWM7,5.4,55.06467550200001,0.141
2023-09-28 04:00:00,SWM8,5.2,53.025243076,0.0
2023-09-28 04:00:00,SWM9,6.2,63.222405206000005,0.0
2023-09-28 05:00:00,SWM10,4.3,43.847797159,0.007
2023-09-28 05:00:00,SWM10B,4.1,41.808364733,0.017
2023-09-28 05:00:00,SWM10C,4.1,41.808364733,0.001
2023-09-28 05:00:00,SWM11,5.0,50.985810650000005,0.0
2023-09-28 05:00:00,SWM12,4.9,49.96609443700001,0.0
2023-09-28 05:00:00,SWM13,5.0,50.985810650000005,0.029
2023-09-28 05:00:00,SWM14,5.1,52.005526863,0.382
2023-09-28 05:00:00,SWM15,4.9,49.96609443700001,0.011
2023-09-28 05:00:00,SWM2,5.1,52.005526863,0.015
2023-09-28 05:00:00,SWM3,5.1,52.005526863,0.058
2023-09-28 05:00:00,SWM4,5.0,50.985810650000005,0.0
2023-09-28 05:00:00,SWM6,4.9,49.96609443700001,0.0
2023-09-28 05:00:00,SWM7,5.1,52.005526863,0.021
2023-09-28 05:00:00,SWM8,4.9,49.96609443700001,0.0
2023-09-28 05:00:00,SWM9,5.8,59.143540354,0.0
2023-09-28 06:00:00,SWM10,4.3,43.847797159,0.03
2023-09-28 06:00:00,SWM10B,4.2,42.82808094600001,0.005
2023-09-28 06:00:00,SWM10C,4.2,42.82808094600001,0.008
2023-09-28 06:00:00,SWM11,5.1,52.005526863,0.038
2023-09-28 06:00:00,SWM12,4.9,49.96609443700001,0.0
2023-09-28 06:00:00,SWM13,5.1,52.005526863,0.058
2023-09-28 06:00:00,SWM14,5.2,53.025243076,0.382
2023-09-28 06:00:00,SWM15,4.9,49.96609443700001,0.0
2023-09-28 06:00:00,SWM2,5.1,52.005526863,0.0
2023-09-28 06:00:00,SWM3,5.2,53.025243076,0.024
2023-09-28 06:00:00,SWM4,5.1,52.005526863,0.014
2023-09-28 06:00:00,SWM6,5.0,50.985810650000005,0.0
2023-09-28 06:00:00,SWM7,5.2,53.025243076,0.0
2023-09-28 06:00:00,SWM8,5.0,50.985810650000005,0.0
2023-09-28 06:00:00,SWM9,4.6,46.906945798,0.039
2023-09-28 07:00:00,SWM10,4.3,43.847797159,0.0
2023-09-28 07:00:00,SWM10B,4.15,42.31822283950001,0.003
2023-09-28 07:00:00,SWM10C,4.2,42.82808094600001,0.028
2023-09-28 07:00:00,SWM11,5.1,52.005526863,0.01
2023-09-28 07:00:00,SWM12,5.0,50.985810650000005,0.0
2023-09-28 07:00:00,SWM13,5.2,53.025243076,0.123
2023-09-28 07:00:00,SWM14,5.2,53.025243076,0.371
2023-09-28 07:00:00,SWM15,5.0,50.985810650000005,0.003
2023-09-28 07:00:00,SWM2,5.2,53.025243076,0.008
2023-09-28 07:00:00,SWM3,5.2,53.025243076,0.0
2023-09-28 07:00:00,SWM4,5.2,53.025243076,0.007
2023-09-28 07:00:00,SWM6,5.1,52.005526863,0.008
2023-09-28 07:00:00,SWM7,5.2,53.025243076,0.0
2023-09-28 07:00:00,SWM8,5.1,52.005526863,0.0
2023-09-28 07:00:00,SWM9,4.5,45.887229585,0.01
2023-09-28 08:00:00,SWM10,4.5,45.887229585,0.046
2023-09-28 08:00:00,SWM10B,4.4,44.867513372000005,0.0
2023-09-28 08:00:00,SWM10C,4.4,44.867513372000005,0.007
2023-09-28 08:00:00,SWM11,5.1,52.005526863,0.005
2023-09-28 08:00:00,SWM12,5.0,50.985810650000005,0.078
2023-09-28 08:00:00,SWM13,5.1,52.005526863,0.0
2023-09-28 08:00:00,SWM14,5.2,53.025243076,0.364
2023-09-28 08:00:00,SWM15,4.9,49.96609443700001,0.019
2023-09-28 08:00:00,SWM2,5.2,53.025243076,0.0
2023-09-28 08:00:00,SWM3,5.2,53.025243076,0.0
2023-09-28 08:00:00,SWM4,5.2,53.025243076,0.0
2023-09-28 08:00:00,SWM6,5.0,50.985810650000005,0.0
2023-09-28 08:00:00,SWM7,5.3,54.044959289000005,0.033
2023-09-28 08:00:00,SWM8,5.05,51.4956687565,0.0
2023-09-28 08:00:00,SWM9,4.5,45.887229585,0.025
2023-09-28 09:00:00,SWM10,4.4,44.867513372000005,0.0
2023-09-28 09:00:00,SWM10B,4.2,42.82808094600001,0.0
2023-09-28 09:00:00,SWM10C,4.3,43.847797159,0.002
2023-09-28 09:00:00,SWM11,5.2,53.025243076,0.007
2023-09-28 09:00:00,SWM12,5.1,52.005526863,0.012
2023-09-28 09:00:00,SWM13,5.2,53.025243076,0.014
2023-09-28 09:00:00,SWM14,5.2,53.025243076,0.374
2023-09-28 09:00:00,SWM15,5.0,50.985810650000005,0.083
2023-09-28 09:00:00,SWM2,5.2,53.025243076,0.005
2023-09-28 09:00:00,SWM3,5.2,53.025243076,0.0
2023-09-28 09:00:00,SWM4,5.2,53.025243076,0.0
2023-09-28 09:00:00,SWM6,5.1,52.005526863,0.0
2023-09-28 09:00:00,SWM7,5.3,54.044959289000005,0.023
2023-09-28 09:00:00,SWM8,5.1,52.005526863,0.0
2023-09-28 09:00:00,SWM9,4.5,45.887229585,0.028
2023-09-28 10:00:00,SWM10,4.3,43.847797159,0.0
2023-09-28 10:00:00,SWM10B,4.2,42.82808094600001,0.01
2023-09-28 10:00:00,SWM10C,4.2,42.82808094600001,0.001
2023-09-28 10:00:00,SWM11,5.3,54.044959289000005,0.016
2023-09-28 10:00:00,SWM12,5.2,53.025243076,0.028
2023-09-28 10:00:00,SWM13,5.4,55.06467550200001,0.017
2023-09-28 10:00:00,SWM14,5.4,55.06467550200001,0.373
2023-09-28 10:00:00,SWM15,5.1,52.005526863,0.0
2023-09-28 10:00:00,SWM2,5.4,55.06467550200001,0.006
2023-09-28 10:00:00,SWM3,5.4,55.06467550200001,0.0
2023-09-28 10:00:00,SWM4,5.3,54.044959289000005,0.0
2023-09-28 10:00:00,SWM6,5.2,53.025243076,0.027
2023-09-28 10:00:00,SWM7,5.4,55.06467550200001,0.138
2023-09-28 10:00:00,SWM8,5.2,53.025243076,0.0
2023-09-28 10:00:00,SWM9,4.5,45.887229585,0.015
2023-09-28 11:00:00,SWM10,4.3,43.847797159,0.0
2023-09-28 11:00:00,SWM10B,4.2,42.82808094600001,0.027
2023-09-28 11:00:00,SWM10C,4.3,43.847797159,0.003
2023-09-28 11:00:00,SWM11,5.2,53.025243076,0.01
2023-09-28 11:00:00,SWM12,5.1,52.005526863,0.025
2023-09-28 11:00:00,SWM13,5.2,53.025243076,0.002
2023-09-28 11:00:00,SWM14,5.3,54.044959289000005,0.372
2023-09-28 11:00:00,SWM15,5.0,50.985810650000005,0.0
2023-09-28 11:00:00,SWM2,5.3,54.044959289000005,0.0
2023-09-28 11:00:00,SWM3,5.3,54.044959289000005,0.0
2023-09-28 11:00:00,SWM4,5.2,53.025243076,0.0
2023-09-28 11:00:00,SWM6,5.1,52.005526863,0.015
2023-09-28 11:00:00,SWM7,5.4,55.06467550200001,0.036
2023-09-28 11:00:00,SWM8,5.1,52.005526863,0.0
2023-09-28 11:00:00,SWM9,4.6,46.906945798,0.027
2023-09-28 12:00:00,SWM10,4.3,43.847797159,0.001
2023-09-28 12:00:00,SWM10B,4.2,42.82808094600001,0.003
2023-09-28 12:00:00,SWM10C,4.2,42.82808094600001,0.01
2023-09-28 12:00:00,SWM11,5.3,54.044959289000005,0.017
2023-09-28 12:00:00,SWM12,5.2,53.025243076,0.037
2023-09-28 12:00:00,SWM13,5.3,54.044959289000005,0.01
2023-09-28 12:00:00,SWM14,5.3,54.044959289000005,0.368
2023-09-28 12:00:00,SWM15,5.1,52.005526863,0.0
2023-09-28 12:00:00,SWM2,5.3,54.044959289000005,0.008
2023-09-28 12:00:00,SWM3,5.4,55.06467550200001,0.0
2023-09-28 12:00:00,SWM4,5.3,54.044959289000005,0.0
2023-09-28 12:00:00,SWM6,5.2,53.025243076,0.142
2023-09-28 12:00:00,SWM7,5.4,55.06467550200001,0.011
2023-09-28 12:00:00,SWM8,5.2,53.025243076,0.0
2023-09-28 12:00:00,SWM9,4.5,45.887229585,0.019
2023-09-28 13:00:00,SWM10,4.4,44.867513372000005,0.006
2023-09-28 13:00:00,SWM10B,4.3,43.847797159,0.01
2023-09-28 13:00:00,SWM10C,4.3,43.847797159,0.006
2023-09-28 13:00:00,SWM11,5.3,54.044959289000005,0.009
2023-09-28 13:00:00,SWM12,5.2,53.025243076,0.0
2023-09-28 13:00:00,SWM13,5.3,54.044959289000005,0.005
2023-09-28 13:00:00,SWM14,5.4,55.06467550200001,0.375
2023-09-28 13:00:00,SWM15,5.1,52.005526863,0.0
2023-09-28 13:00:00,SWM2,5.3,54.044959289000005,0.002
2023-09-28 13:00:00,SWM3,5.4,55.06467550200001,0.047
2023-09-28 13:00:00,SWM4,5.3,54.044959289000005,0.022
2023-09-28 13:00:00,SWM6,5.0,50.985810650000005,0.223
2023-09-28 13:00:00,SWM7,5.4,55.06467550200001,0.001
2023-09-28 13:00:00,SWM8,5.2,53.025243076,0.0
2023-09-28 13:00:00,SWM9,4.5,45.887229585,0.016
2023-09-28 14:00:00,SWM10,4.3,43.847797159,0.0
2023-09-28 14:00:00,SWM10B,4.1,41.808364733,0.001
2023-09-28 14:00:00,SWM10C,4.2,42.82808094600001,0.001
2023-09-28 14:00:00,SWM11,5.3,54.044959289000005,0.024
2023-09-28 14:00:00,SWM12,5.2,53.025243076,0.0
2023-09-28 14:00:00,SWM13,5.3,54.044959289000005,0.019
2023-09-28 14:00:00,SWM14,5.3,54.044959289000005,0.374
2023-09-28 14:00:00,SWM15,5.1,52.005526863,0.019
2023-09-28 14:00:00,SWM2,5.4,55.06467550200001,0.018
2023-09-28 14:00:00,SWM3,4.6,46.906945798,0.014
2023-09-28 14:00:00,SWM4,5.3,54.044959289000005,0.002
2023-09-28 14:00:00,SWM6,5.0,50.985810650000005,0.428
2023-09-28 14:00:00,SWM7,5.4,55.06467550200001,0.009
2023-09-28 14:00:00,SWM8,5.2,53.025243076,0.0
2023-09-28 14:00:00,SWM9,4.8,48.946378224,0.01
2023-09-28 15:00:00,SWM10,4.3,43.847797159,0.01
2023-09-28 15:00:00,SWM10B,4.2,42.82808094600001,0.029
2023-09-28 15:00:00,SWM10C,4.2,42.82808094600001,0.0
2023-09-28 15:00:00,SWM11,5.3,54.044959289000005,0.033
2023-09-28 15:00:00,SWM12,5.2,53.025243076,0.0
2023-09-28 15:00:00,SWM13,5.3,54.044959289000005,0.017
2023-09-28 15:00:00,SWM14,5.4,55.06467550200001,0.49
2023-09-28 15:00:00,SWM15,5.1,52.005526863,0.003
2023-09-28 15:00:00,SWM2,5.4,55.06467550200001,0.018
2023-09-28 15:00:00,SWM3,3.5,35.690067455000005,0.0
2023-09-28 15:00:00,SWM4,5.3,54.044959289000005,0.03
2023-09-28 15:00:00,SWM6,5.2,53.025243076,0.361
2023-09-28 15:00:00,SWM7,5.4,55.06467550200001,0.007
2023-09-28 15:00:00,SWM8,5.2,53.025243076,0.0
2023-09-28 15:00:00,SWM9,4.5,45.887229585,0.0
2023-09-28 16:00:00,SWM10,4.4,44.867513372000005,0.004
2023-09-28 16:00:00,SWM10B,4.3,43.847797159,0.043
2023-09-28 16:00:00,SWM10C,4.3,43.847797159,0.004
2023-09-28 16:00:00,SWM11,5.2,53.025243076,0.0
2023-09-28 16:00:00,SWM12,5.1,52.005526863,0.009
2023-09-28 16:00:00,SWM13,5.2,53.025243076,0.025
2023-09-28 16:00:00,SWM14,5.3,54.044959289000005,0.37
2023-09-28 16:00:00,SWM15,5.0,50.985810650000005,0.002
2023-09-28 16:00:00,SWM2,5.2,53.025243076,0.01
2023-09-28 16:00:00,SWM3,2.9,29.571770177,0.0
2023-09-28 16:00:00,SWM4,5.2,53.025243076,0.027
2023-09-28 16:00:00,SWM6,5.1,52.005526863,0.169
2023-09-28 16:00:00,SWM7,5.3,54.044959289000005,0.068
2023-09-28 16:00:00,SWM8,5.1,52.005526863,0.0
2023-09-28 16:00:00,SWM9,4.5,45.887229585,0.0
2023-09-28 17:00:00,SWM10,4.3,43.847797159,0.006
2023-09-28 17:00:00,SWM10B,4.2,42.82808094600001,0.008
2023-09-28 17:00:00,SWM10C,4.2,42.82808094600001,0.006
2023-09-28 17:00:00,SWM11,5.2,53.025243076,0.025
2023-09-28 17:00:00,SWM12,5.1,52.005526863,0.0
2023-09-28 17:00:00,SWM13,5.3,54.044959289000005,0.011
2023-09-28 17:00:00,SWM14,5.3,54.044959289000005,0.374
2023-09-28 17:00:00,SWM15,5.0,50.985810650000005,0.0
2023-09-28 17:00:00,SWM2,5.3,54.044959289000005,0.122
2023-09-28 17:00:00,SWM3,4.35,44.3576552655,0.0
2023-09-28 17:00:00,SWM4,5.3,54.044959289000005,0.005
2023-09-28 17:00:00,SWM6,5.2,53.025243076,0.099
2023-09-28 17:00:00,SWM7,5.4,55.06467550200001,0.03
2023-09-28 17:00:00,SWM8,5.2,53.025243076,0.0
2023-09-28 17:00:00,SWM9,5.85,59.6533984605,0.0
2023-09-28 18:00:00,SWM10,4.4,44.867513372000005,0.011
2023-09-28 18:00:00,SWM10B,4.3,43.847797159,0.032
2023-09-28 18:00:00,SWM10C,4.3,43.847797159,0.01
2023-09-28 18:00:00,SWM11,5.2,53.025243076,0.002
2023-09-28 18:00:00,SWM12,5.1,52.005526863,0.0
2023-09-28 18:00:00,SWM13,5.2,53.025243076,0.016
2023-09-28 18:00:00,SWM14,5.3,54.044959289000005,0.382
2023-09-28 18:00:00,SWM15,5.0,50.985810650000005,0.001
2023-09-28 18:00:00,SWM2,5.3,54.044959289000005,0.048
2023-09-28 18:00:00,SWM3,3.3,33.650635029,0.0
2023-09-28 18:00:00,SWM4,5.3,54.044959289000005,0.063
2023-09-28 18:00:00,SWM6,5.2,53.025243076,0.145
2023-09-28 18:00:00,SWM7,5.4,55.06467550200001,0.116
2023-09-28 18:00:00,SWM8,5.1,52.005526863,0.0
2023-09-28 18:00:00,SWM9,5.8,59.143540354,0.0
2023-09-28 19:00:00,SWM10,4.4,44.867513372000005,0.015
2023-09-28 19:00:00,SWM10B,4.2,42.82808094600001,0.042
2023-09-28 19:00:00,SWM10C,4.3,43.847797159,0.004
2023-09-28 19:00:00,SWM11,5.2,53.025243076,0.009
2023-09-28 19:00:00,SWM12,5.1,52.005526863,0.008
2023-09-28 19:00:00,SWM13,5.3,54.044959289000005,0.047
2023-09-28 19:00:00,SWM14,5.3,54.044959289000005,0.377
2023-09-28 19:00:00,SWM15,5.0,50.985810650000005,0.008
2023-09-28 19:00:00,SWM2,5.3,54.044959289000005,0.029
2023-09-28 19:00:00,SWM3,2.3,23.453472899,0.0
2023-09-28 19:00:00,SWM4,5.3,54.044959289000005,0.037
2023-09-28 19:00:00,SWM6,5.1,52.005526863,0.008
2023-09-28 19:00:00,SWM7,5.35,54.5548173955,0.047
2023-09-28 19:00:00,SWM8,5.1,52.005526863,0.0
2023-09-28 19:00:00,SWM9,5.5,56.084391715,0.0
2023-09-28 20:00:00,SWM10,4.4,44.867513372000005,0.03
2023-09-28 20:00:00,SWM10B,4.3,43.847797159,0.006
2023-09-28 20:00:00,SWM10C,4.3,43.847797159,0.008
2023-09-28 20:00:00,SWM11,5.0,50.985810650000005,0.001
2023-09-28 20:00:00,SWM12,4.8,48.946378224,0.0
2023-09-28 20:00:00,SWM13,5.0,50.985810650000005,0.101
2023-09-28 20:00:00,SWM14,5.0,50.985810650000005,0.378
2023-09-28 20:00:00,SWM15,4.8,48.946378224,0.003
2023-09-28 20:00:00,SWM2,5.0,50.985810650000005,0.004
2023-09-28 20:00:00,SWM3,5.75,58.633682247500005,0.0
2023-09-28 20:00:00,SWM4,5.0,50.985810650000005,0.0
2023-09-28 20:00:00,SWM6,4.9,49.96609443700001,0.026
2023-09-28 20:00:00,SWM7,5.1,52.005526863,0.064
2023-09-28 20:00:00,SWM8,4.9,49.96609443700001,0.0
2023-09-28 20:00:00,SWM9,5.2,53.025243076,0.0
2023-09-28 21:00:00,SWM10,4.3,43.847797159,0.03
2023-09-28 21:00:00,SWM10B,4.2,42.82808094600001,0.006
2023-09-28 21:00:00,SWM10C,4.2,42.82808094600001,0.0
2023-09-28 21:00:00,SWM11,5.05,51.4956687565,0.0
2023-09-28 21:00:00,SWM12,4.9,49.96609443700001,0.0
2023-09-28 21:00:00,SWM13,5.1,52.005526863,0.124
2023-09-28 21:00:00,SWM14,5.1,52.005526863,0.361
2023-09-28 21:00:00,SWM15,4.9,49.96609443700001,0.012
2023-09-28 21:00:00,SWM2,5.1,52.005526863,0.01
2023-09-28 21:00:00,SWM3,5.3,54.044959289000005,0.0
2023-09-28 21:00:00,SWM4,5.1,52.005526863,0.0
2023-09-28 21:00:00,SWM6,5.0,50.985810650000005,0.018
2023-09-28 21:00:00,SWM7,5.2,53.025243076,0.007
2023-09-28 21:00:00,SWM8,5.0,50.985810650000005,0.0
2023-09-28 21:00:00,SWM9,5.0,50.985810650000005,0.0
2023-09-28 22:00:00,SWM10,4.3,43.847797159,0.003
2023-09-28 22:00:00,SWM10B,4.2,42.82808094600001,0.007
2023-09-28 22:00:00,SWM10C,4.2,42.82808094600001,0.0
2023-09-28 22:00:00,SWM11,5.2,53.025243076,0.0
2023-09-28 22:00:00,SWM12,5.1,52.005526863,0.0
2023-09-28 22:00:00,SWM13,5.3,54.044959289000005,0.004
2023-09-28 22:00:00,SWM14,5.3,54.044959289000005,0.373
2023-09-28 22:00:00,SWM15,5.1,52.005526863,0.004
2023-09-28 22:00:00,SWM2,5.3,54.044959289000005,0.0
2023-09-28 22:00:00,SWM3,6.7,68.32098627100001,0.0
2023-09-28 22:00:00,SWM4,5.3,54.044959289000005,0.0
2023-09-28 22:00:00,SWM6,5.2,53.025243076,0.086
2023-09-28 22:00:00,SWM7,5.4,55.06467550200001,0.007
2023-09-28 22:00:00,SWM8,5.2,53.025243076,0.0
2023-09-28 22:00:00,SWM9,4.7,47.926662011000005,0.0
2023-09-28 23:00:00,SWM10,4.3,43.847797159,0.019
2023-09-28 23:00:00,SWM10B,4.1,41.808364733,0.0
2023-09-28 23:00:00,SWM10C,4.1,41.808364733,0.0
2023-09-28 23:00:00,SWM11,5.3,54.044959289000005,0.0
2023-09-28 23:00:00,SWM12,5.1,52.005526863,0.0
2023-09-28 23:00:00,SWM13,5.3,54.044959289000005,0.0
2023-09-28 23:00:00,SWM14,5.35,54.5548173955,0.376
2023-09-28 23:00:00,SWM15,5.1,52.005526863,0.0
2023-09-28 23:00:00,SWM2,5.3,54.044959289000005,0.008
2023-09-28 23:00:00,SWM3,5.6,57.104107928,0.0
2023-09-28 23:00:00,SWM4,5.3,54.044959289000005,0.0
2023-09-28 23:00:00,SWM6,5.2,53.025243076,0.039
2023-09-28 23:00:00,SWM7,5.4,55.06467550200001,0.0
2023-09-28 23:00:00,SWM8,5.2,53.025243076,0.0
2023-09-28 23:00:00,SWM9,4.5,45.887229585,0.0
2023-09-29 00:00:00,SWM10,4.5,45.887229585,0.006
2023-09-29 00:00:00,SWM10B,4.3,43.847797159,0.0
2023-09-29 00:00:00,SWM10C,4.3,43.847797159,0.0
2023-09-29 00:00:00,SWM11,5.3,54.044959289000005,0.007
2023-09-29 00:00:00,SWM12,5.1,52.005526863,0.0
2023-09-29 00:00:00,SWM13,5.2,53.025243076,0.003
2023-09-29 00:00:00,SWM14,5.3,54.044959289000005,0.379
2023-09-29 00:00:00,SWM15,5.1,52.005526863,0.0
2023-09-29 00:00:00,SWM2,5.3,54.044959289000005,0.0
2023-09-29 00:00:00,SWM3,4.5,45.887229585,0.0
2023-09-29 00:00:00,SWM4,5.3,54.044959289000005,0.0
2023-09-29 00:00:00,SWM6,5.2,53.025243076,0.007
2023-09-29 00:00:00,SWM7,5.4,55.06467550200001,0.0
2023-09-29 00:00:00,SWM8,5.2,53.025243076,0.0
2023-09-29 00:00:00,SWM9,6.1,62.202688993,0.0
2023-09-29 01:00:00,SWM10,4.2,42.82808094600001,0.0
2023-09-29 01:00:00,SWM10B,4.1,41.808364733,0.003
2023-09-29 01:00:00,SWM10C,4.1,41.808364733,0.0
2023-09-29 01:00:00,SWM11,5.2,53.025243076,0.002
2023-09-29 01:00:00,SWM12,5.1,52.005526863,0.0
2023-09-29 01:00:00,SWM13,5.2,53.025243076,0.0
2023-09-29 01:00:00,SWM14,5.3,54.044959289000005,0.371
2023-09-29 01:00:00,SWM15,5.05,51.4956687565,0.001
2023-09-29 01:00:00,SWM2,5.2,53.025243076,0.0
2023-09-29 01:00:00,SWM3,3.5,35.690067455000005,0.0
2023-09-29 01:00:00,SWM4,5.3,54.044959289000005,0.0
2023-09-29 01:00:00,SWM6,5.2,53.025243076,0.0
2023-09-29 01:00:00,SWM7,5.4,55.06467550200001,0.006
2023-09-29 01:00:00,SWM8,5.1,52.005526863,0.0
2023-09-29 01:00:00,SWM9,5.7,58.12382414100001,0.0
2023-09-29 02:00:00,SWM10,4.3,43.847797159,0.0
2023-09-29 02:00:00,SWM10B,4.2,42.82808094600001,0.0
2023-09-29 02:00:00,SWM10C,4.2,42.82808094600001,0.0
2023-09-29 02:00:00,SWM11,5.3,54.044959289000005,0.002
2023-09-29 02:00:00,SWM12,5.1,52.005526863,0.0
2023-09-29 02:00:00,SWM13,5.3,54.044959289000005,0.0
2023-09-29 02:00:00,SWM14,5.3,54.044959289000005,0.373
2023-09-29 02:00:00,SWM15,5.1,52.005526863,0.0
2023-09-29 02:00:00,SWM2,5.3,54.044959289000005,0.0
2023-09-29 02:00:00,SWM3,2.6,26.512621538,0.0
2023-09-29 02:00:00,SWM4,5.3,54.044959289000005,0.0
2023-09-29 02:00:00,SWM6,5.2,53.025243076,0.0
2023-09-29 02:00:00,SWM7,5.4,55.06467550200001,0.011
2023-09-29 02:00:00,SWM8,5.2,53.025243076,0.0
2023-09-29 02:00:00,SWM9,5.4,55.06467550200001,0.0
2023-09-29 03:00:00,SWM10,4.2,42.82808094600001,0.0
2023-09-29 03:00:00,SWM10B,4.1,41.808364733,0.002
2023-09-29 03:00:00,SWM10C,4.1,41.808364733,0.0
2023-09-29 03:00:00,SWM11,5.2,53.025243076,0.004
2023-09-29 03:00:00,SWM12,5.1,52.005526863,0.016
2023-09-29 03:00:00,SWM13,5.2,53.025243076,0.0
2023-09-29 03:00:00,SWM14,5.3,54.044959289000005,0.372
2023-09-29 03:00:00,SWM15,5.0,50.985810650000005,0.0
2023-09-29 03:00:00,SWM2,5.2,53.025243076,0.0
2023-09-29 03:00:00,SWM3,4.1,41.808364733,0.0
2023-09-29 03:00:00,SWM4,5.2,53.025243076,0.0
2023-09-29 03:00:00,SWM6,5.2,53.025243076,0.009
2023-09-29 03:00:00,SWM7,5.4,55.06467550200001,0.04
2023-09-29 03:00:00,SWM8,5.1,52.005526863,0.0
2023-09-29 03:00:00,SWM9,5.2,53.025243076,0.0
2023-09-29 04:00:00,SWM10,4.4,44.867513372000005,0.007
2023-09-29 04:00:00,SWM10B,4.3,43.847797159,0.0
2023-09-29 04:00:00,SWM10C,4.3,43.847797159,0.001
2023-09-29 04:00:00,SWM11,5.3,54.044959289000005,0.009
2023-09-29 04:00:00,SWM12,5.15,52.515384969500005,0.0
2023-09-29 04:00:00,SWM13,5.3,54.044959289000005,0.057
2023-09-29 04:00:00,SWM14,5.3,54.044959289000005,0.374
2023-09-29 04:00:00,SWM15,5.1,52.005526863,0.009
2023-09-29 04:00:00,SWM2,5.3,54.044959289000005,0.007
2023-09-29 04:00:00,SWM3,3.2,32.630918816000005,0.0
2023-09-29 04:00:00,SWM4,5.3,54.044959289000005,0.0
2023-09-29 04:00:00,SWM6,5.2,53.025243076,0.01
2023-09-29 04:00:00,SWM7,5.4,55.06467550200001,0.135
2023-09-29 04:00:00,SWM8,5.1,52.005526863,0.0
2023-09-29 04:00:00,SWM9,4.9,49.96609443700001,0.0
2023-09-29 05:00:00,SWM10,4.4,44.867513372000005,0.061
2023-09-29 05:00:00,SWM10B,4.3,43.847797159,0.011
2023-09-29 05:00:00,SWM10C,4.25,43.337939052500005,0.042
2023-09-29 05:00:00,SWM11,5.0,50.985810650000005,0.002
2023-09-29 05:00:00,SWM12,4.9,49.96609443700001,0.0
2023-09-29 05:00:00,SWM13,5.1,52.005526863,0.01
2023-09-29 05:00:00,SWM14,5.1,52.005526863,0.384
2023-09-29 05:00:00,SWM15,4.9,49.96609443700001,0.0
2023-09-29 05:00:00,SWM2,5.1,52.005526863,0.013
2023-09-29 05:00:00,SWM3,2.6,26.512621538,0.0
2023-09-29 05:00:00,SWM4,5.1,52.005526863,0.012
2023-09-29 05:00:00,SWM6,5.0,50.985810650000005,0.022
2023-09-29 05:00:00,SWM7,5.2,53.025243076,0.011
2023-09-29 05:00:00,SWM8,5.0,50.985810650000005,0.0
2023-09-29 05:00:00,SWM9,4.7,47.926662011000005,0.002
2023-09-29 06:00:00,SWM10,4.4,44.867513372000005,0.024
2023-09-29 06:00:00,SWM10B,4.3,43.847797159,0.041
2023-09-29 06:00:00,SWM10C,4.3,43.847797159,0.006
2023-09-29 06:00:00,SWM11,5.1,52.005526863,0.005
2023-09-29 06:00:00,SWM12,5.0,50.985810650000005,0.069
2023-09-29 06:00:00,SWM13,5.1,52.005526863,0.049
2023-09-29 06:00:00,SWM14,5.2,53.025243076,0.384
2023-09-29 06:00:00,SWM15,4.9,49.96609443700001,0.0
2023-09-29 06:00:00,SWM2,5.2,53.025243076,0.005
2023-09-29 06:00:00,SWM3,5.9,60.163256567000005,0.0
2023-09-29 06:00:00,SWM4,5.2,53.025243076,0.007
2023-09-29 06:00:00,SWM6,5.0,50.985810650000005,0.0
2023-09-29 06:00:00,SWM7,5.2,53.025243076,0.0
2023-09-29 06:00:00,SWM8,5.05,51.4956687565,0.0
2023-09-29 06:00:00,SWM9,4.45,45.3773714785,0.023
2023-09-29 07:00:00,SWM10,4.6,46.906945798,0.003
2023-09-29 07:00:00,SWM10B,4.4,44.867513372000005,0.003
2023-09-29 07:00:00,SWM10C,4.5,45.887229585,0.034
2023-09-29 07:00:00,SWM11,5.1,52.005526863,0.069
2023-09-29 07:00:00,SWM12,5.1,52.005526863,0.039
2023-09-29 07:00:00,SWM13,5.2,53.025243076,0.013
2023-09-29 07:00:00,SWM14,5.2,53.025243076,0.367
2023-09-29 07:00:00,SWM15,4.9,49.96609443700001,0.0
2023-09-29 07:00:00,SWM2,5.2,53.025243076,0.013
2023-09-29 07:00:00,SWM3,4.8,48.946378224,0.0
2023-09-29 07:00:00,SWM4,5.1,52.005526863,0.0
2023-09-29 07:00:00,SWM6,5.0,50.985810650000005,0.004
2023-09-29 07:00:00,SWM7,5.2,53.025243076,0.0
2023-09-29 07:00:00,SWM8,5.05,51.4956687565,0.0
2023-09-29 07:00:00,SWM9,6.3,64.242121419,0.004
2023-09-29 08:00:00,SWM10,4.3,43.847797159,0.006
2023-09-29 08:00:00,SWM10B,4.1,41.808364733,0.0
2023-09-29 08:00:00,SWM10C,4.3,43.847797159,0.017
2023-09-29 08:00:00,SWM11,5.1,52.005526863,0.005
2023-09-29 08:00:00,SWM12,5.1,52.005526863,0.0
2023-09-29 08:00:00,SWM13,5.1,52.005526863,0.009
2023-09-29 08:00:00,SWM14,5.2,53.025243076,0.367
2023-09-29 08:00:00,SWM15,4.9,49.96609443700001,0.0
2023-09-29 08:00:00,SWM2,5.1,52.005526863,0.0
2023-09-29 08:00:00,SWM3,6.2,63.222405206000005,0.0
2023-09-29 08:00:00,SWM4,5.1,52.005526863,0.0
2023-09-29 08:00:00,SWM6,5.0,50.985810650000005,0.043
2023-09-29 08:00:00,SWM7,5.2,53.025243076,0.008
2023-09-29 08:00:00,SWM8,5.0,50.985810650000005,0.0
2023-09-29 08:00:00,SWM9,4.4,44.867513372000005,0.007
2023-09-29 09:00:00,SWM10,4.2,42.82808094600001,0.0
2023-09-29 09:00:00,SWM10B,4.1,41.808364733,0.001
2023-09-29 09:00:00,SWM10C,4.2,42.82808094600001,0.005
2023-09-29 09:00:00,SWM11,5.2,53.025243076,0.012
2023-09-29 09:00:00,SWM12,5.1,52.005526863,0.0
2023-09-29 09:00:00,SWM13,5.2,53.025243076,0.01
2023-09-29 09:00:00,SWM14,5.2,53.025243076,0.372
2023-09-29 09:00:00,SWM15,5.0,50.985810650000005,0.0
2023-09-29 09:00:00,SWM2,5.2,53.025243076,0.0
2023-09-29 09:00:00,SWM3,5.35,54.5548173955,0.0
2023-09-29 09:00:00,SWM4,5.2,53.025243076,0.0
2023-09-29 09:00:00,SWM6,5.1,52.005526863,0.078
2023-09-29 09:00:00,SWM7,5.3,54.044959289000005,0.007
2023-09-29 09:00:00,SWM8,5.1,52.005526863,0.004
2023-09-29 09:00:00,SWM9,4.5,45.887229585,0.018
2023-09-29 10:00:00,SWM10,4.3,43.847797159,0.0
2023-09-29 10:00:00,SWM10B,4.1,41.808364733,0.0
2023-09-29 10:00:00,SWM10C,4.2,42.82808094600001,0.012
2023-09-29 10:00:00,SWM11,5.2,53.025243076,0.03
2023-09-29 10:00:00,SWM12,5.1,52.005526863,0.005
2023-09-29 10:00:00,SWM13,5.2,53.025243076,0.015
2023-09-29 10:00:00,SWM14,5.25,53.5351011825,0.371
2023-09-29 10:00:00,SWM15,5.0,50.985810650000005,0.0
2023-09-29 10:00:00,SWM2,5.2,53.025243076,0.0
2023-09-29 10:00:00,SWM3,4.3,43.847797159,0.0
2023-09-29 10:00:00,SWM4,5.2,53.025243076,0.0
2023-09-29 10:00:00,SWM6,5.1,52.005526863,0.069
2023-09-29 10:00:00,SWM7,5.3,54.044959289000005,0.007
2023-09-29 10:00:00,SWM8,5.1,52.005526863,
2023-09-29 10:00:00,SWM9,4.5,45.887229585,0.001
2023-09-29 11:00:00,SWM10,4.3,43.847797159,0.018
2023-09-29 11:00:00,SWM10B,4.2,42.82808094600001,0.017
2023-09-29 11:00:00,SWM10C,4.25,43.337939052500005,0.007
2023-09-29 11:00:00,SWM11,5.0,50.985810650000005,0.007
2023-09-29 11:00:00,SWM12,4.9,49.96609443700001,0.022
2023-09-29 11:00:00,SWM13,5.0,50.985810650000005,0.0
2023-09-29 11:00:00,SWM14,5.1,52.005526863,0.368
2023-09-29 11:00:00,SWM15,4.9,49.96609443700001,0.013
2023-09-29 11:00:00,SWM2,5.0,50.985810650000005,0.0
2023-09-29 11:00:00,SWM3,3.3,33.650635029,0.0
2023-09-29 11:00:00,SWM4,5.0,50.985810650000005,0.009
2023-09-29 11:00:00,SWM6,4.9,49.96609443700001,0.011
2023-09-29 11:00:00,SWM7,5.1,52.005526863,0.0
2023-09-29 11:00:00,SWM8,4.9,49.96609443700001,
2023-09-29 11:00:00,SWM9,4.5,45.887229585,0.025
2023-09-29 12:00:00,SWM10,4.3,43.847797159,0.0
2023-09-29 12:00:00,SWM10B,4.2,42.82808094600001,0.007
2023-09-29 12:00:00,SWM10C,4.2,42.82808094600001,0.004
2023-09-29 12:00:00,SWM11,5.0,50.985810650000005,0.013
2023-09-29 12:00:00,SWM12,5.0,50.985810650000005,0.019
2023-09-29 12:00:00,SWM13,5.0,50.985810650000005,0.01
2023-09-29 12:00:00,SWM14,5.1,52.005526863,0.363
2023-09-29 12:00:00,SWM15,4.9,49.96609443700001,0.006
2023-09-29 12:00:00,SWM2,5.0,50.985810650000005,0.0
2023-09-29 12:00:00,SWM3,2.3,23.453472899,0.0
2023-09-29 12:00:00,SWM4,5.1,52.005526863,0.001
2023-09-29 12:00:00,SWM6,5.0,50.985810650000005,0.023
2023-09-29 12:00:00,SWM7,5.1,52.005526863,0.0
2023-09-29 12:00:00,SWM8,4.9,49.96609443700001,0.0
2023-09-29 12:00:00,SWM9,4.5,45.887229585,0.009
2023-09-29 13:00:00,SWM10,4.3,43.847797159,0.043
2023-09-29 13:00:00,SWM10B,4.2,42.82808094600001,0.0
2023-09-29 13:00:00,SWM10C,4.2,42.82808094600001,0.0
2023-09-29 13:00:00,SWM11,5.2,53.025243076,0.01
2023-09-29 13:00:00,SWM12,5.1,52.005526863,0.0
2023-09-29 13:00:00,SWM13,5.2,53.025243076,0.019
2023-09-29 13:00:00,SWM14,5.3,54.044959289000005,0.367
2023-09-29 13:00:00,SWM15,5.0,50.985810650000005,0.002
2023-09-29 13:00:00,SWM2,5.3,54.044959289000005,0.039
2023-09-29 13:00:00,SWM3,3.6,36.709783668,0.0
2023-09-29 13:00:00,SWM4,5.2,53.025243076,0.0
2023-09-29 13:00:00,SWM6,5.1,52.005526863,0.019
2023-09-29 13:00:00,SWM7,5.3,54.044959289000005,0.003
2023-09-29 13:00:00,SWM8,5.1,52.005526863,0.0
2023-09-29 13:00:00,SWM9,4.5,45.887229585,0.0
2023-09-29 14:00:00,SWM10,4.3,43.847797159,0.0
2023-09-29 14:00:00,SWM10B,4.1,41.808364733,0.004
2023-09-29 14:00:00,SWM10C,4.1,41.808364733,0.0
2023-09-29 14:00:00,SWM11,5.2,53.025243076,0.009
2023-09-29 14:00:00,SWM12,5.1,52.005526863,0.0
2023-09-29 14:00:00,SWM13,5.2,53.025243076,0.019
2023-09-29 14:00:00,SWM14,5.3,54.044959289000005,0.378
2023-09-29 14:00:00,SWM15,5.1,52.005526863,0.005
2023-09-29 14:00:00,SWM2,5.3,54.044959289000005,0.023
2023-09-29 14:00:00,SWM3,3.0,30.59148639,0.0
2023-09-29 14:00:00,SWM4,5.3,54.044959289000005,0.0
2023-09-29 14:00:00,SWM6,5.1,52.005526863,0.005
2023-09-29 14:00:00,SWM7,5.3,54.044959289000005,0.0
2023-09-29 14:00:00,SWM8,5.1,52.005526863,0.0
2023-09-29 14:00:00,SWM9,4.4,44.867513372000005,0.0
2023-09-29 15:00:00,SWM10,4.3,43.847797159,0.016
2023-09-29 15:00:00,SWM10B,4.1,41.808364733,0.007
2023-09-29 15:00:00,SWM10C,4.15,42.31822283950001,0.0
2023-09-29 15:00:00,SWM11,5.2,53.025243076,0.028
2023-09-29 15:00:00,SWM12,5.1,52.005526863,0.0
2023-09-29 15:00:00,SWM13,5.2,53.025243076,0.015
2023-09-29 15:00:00,SWM14,5.3,54.044959289000005,0.438
2023-09-29 15:00:00,SWM15,5.0,50.985810650000005,0.0
2023-09-29 15:00:00,SWM2,5.3,54.044959289000005,0.015
2023-09-29 15:00:00,SWM3,6.0,61.18297278,0.0
2023-09-29 15:00:00,SWM4,5.3,54.044959289000005,0.0
2023-09-29 15:00:00,SWM6,5.1,52.005526863,0.002
2023-09-29 15:00:00,SWM7,5.3,54.044959289000005,0.0
2023-09-29 15:00:00,SWM8,5.1,52.005526863,0.0
2023-09-29 15:00:00,SWM9,4.5,45.887229585,0.004
2023-09-29 16:00:00,SWM10,4.3,43.847797159,0.007
2023-09-29 16:00:00,SWM10B,4.2,42.82808094600001,0.008
2023-09-29 16:00:00,SWM10C,4.2,42.82808094600001,0.001
2023-09-29 16:00:00,SWM11,5.3,54.044959289000005,0.012
2023-09-29 16:00:00,SWM12,5.2,53.025243076,0.0
2023-09-29 16:00:00,SWM13,5.3,54.044959289000005,0.002
2023-09-29 16:00:00,SWM14,5.4,55.06467550200001,0.378
2023-09-29 16:00:00,SWM15,5.1,52.005526863,0.0
2023-09-29 16:00:00,SWM2,5.4,55.06467550200001,0.008
2023-09-29 16:00:00,SWM3,5.5,56.084391715,0.0
2023-09-29 16:00:00,SWM4,5.4,55.06467550200001,0.004
2023-09-29 16:00:00,SWM6,5.3,54.044959289000005,0.015
2023-09-29 16:00:00,SWM7,5.5,56.084391715,0.122
2023-09-29 16:00:00,SWM8,5.3,54.044959289000005,0.0
2023-09-29 16:00:00,SWM9,4.4,44.867513372000005,0.0
2023-09-29 17:00:00,SWM10,4.3,43.847797159,0.0
2023-09-29 17:00:00,SWM10B,4.2,42.82808094600001,0.041
2023-09-29 17:00:00,SWM10C,4.2,42.82808094600001,0.0
2023-09-29 17:00:00,SWM11,5.4,55.06467550200001,0.015
2023-09-29 17:00:00,SWM12,5.2,53.025243076,0.0
2023-09-29 17:00:00,SWM13,5.4,55.06467550200001,0.065
2023-09-29 17:00:00,SWM14,5.4,55.06467550200001,0.413
2023-09-29 17:00:00,SWM15,5.2,53.025243076,0.0
2023-09-29 17:00:00,SWM2,5.4,55.06467550200001,0.0
2023-09-29 17:00:00,SWM3,4.5,45.887229585,0.0
2023-09-29 17:00:00,SWM4,5.35,54.5548173955,0.004
2023-09-29 17:00:00,SWM6,5.3,54.044959289000005,0.005
2023-09-29 17:00:00,SWM7,5.5,56.084391715,0.091
2023-09-29 17:00:00,SWM8,5.3,54.044959289000005,0.0
2023-09-29 17:00:00,SWM9,4.5,45.887229585,0.0
2023-09-29 18:00:00,SWM10,4.4,44.867513372000005,0.007
2023-09-29 18:00:00,SWM10B,4.25,43.337939052500005,0.012
2023-09-29 18:00:00,SWM10C,4.2,42.82808094600001,0.0
2023-09-29 18:00:00,SWM11,5.4,55.06467550200001,0.009
2023-09-29 18:00:00,SWM12,5.2,53.025243076,0.011
2023-09-29 18:00:00,SWM13,5.4,55.06467550200001,0.146
2023-09-29 18:00:00,SWM14,5.4,55.06467550200001,0.404
2023-09-29 18:00:00,SWM15,5.2,53.025243076,0.006
2023-09-29 18:00:00,SWM2,5.4,55.06467550200001,0.019
2023-09-29 18:00:00,SWM3,5.6,57.104107928,0.0
2023-09-29 18:00:00,SWM4,5.4,55.06467550200001,0.249
2023-09-29 18:00:00,SWM6,5.3,54.044959289000005,0.0
2023-09-29 18:00:00,SWM7,5.5,56.084391715,0.074
2023-09-29 18:00:00,SWM8,5.3,54.044959289000005,0.0
2023-09-29 18:00:00,SWM9,6.0,61.18297278,0.0
2023-09-29 19:00:00,SWM10,4.3,43.847797159,0.0
2023-09-29 19:00:00,SWM10B,4.2,42.82808094600001,0.017
2023-09-29 19:00:00,SWM10C,4.2,42.82808094600001,0.0
2023-09-29 19:00:00,SWM11,5.4,55.06467550200001,0.018
2023-09-29 19:00:00,SWM12,5.3,54.044959289000005,0.005
2023-09-29 19:00:00,SWM13,5.4,55.06467550200001,0.014
2023-09-29 19:00:00,SWM14,5.4,55.06467550200001,0.378
2023-09-29 19:00:00,SWM15,5.2,53.025243076,0.014
2023-09-29 19:00:00,SWM2,5.4,55.06467550200001,0.003
2023-09-29 19:00:00,SWM3,5.0,50.985810650000005,0.0
2023-09-29 19:00:00,SWM4,5.4,55.06467550200001,0.0
2023-09-29 19:00:00,SWM6,5.3,54.044959289000005,0.006
2023-09-29 19:00:00,SWM7,5.5,56.084391715,0.1
2023-09-29 19:00:00,SWM8,5.3,54.044959289000005,0.0
2023-09-29 19:00:00,SWM9,5.6,57.104107928,0.0
2023-09-29 20:00:00,SWM10,4.4,44.867513372000005,0.015
2023-09-29 20:00:00,SWM10B,4.3,43.847797159,0.045
2023-09-29 20:00:00,SWM10C,4.3,43.847797159,0.0
2023-09-29 20:00:00,SWM11,5.2,53.025243076,0.008
2023-09-29 20:00:00,SWM12,5.1,52.005526863,0.0
2023-09-29 20:00:00,SWM13,5.2,53.025243076,0.003
2023-09-29 20:00:00,SWM14,5.2,53.025243076,0.375
2023-09-29 20:00:00,SWM15,5.0,50.985810650000005,0.001
2023-09-29 20:00:00,SWM2,5.3,54.044959289000005,0.094
2023-09-29 20:00:00,SWM3,4.0,40.78864852,0.0
2023-09-29 20:00:00,SWM4,5.2,53.025243076,0.0
2023-09-29 20:00:00,SWM6,5.1,52.005526863,0.006
2023-09-29 20:00:00,SWM7,5.3,54.044959289000005,0.041
2023-09-29 20:00:00,SWM8,5.1,52.005526863,0.0
2023-09-29 20:00:00,SWM9,5.3,54.044959289000005,0.0
2023-09-29 21:00:00,SWM10,4.4,44.867513372000005,0.011
2023-09-29 21:00:00,SWM10B,4.3,43.847797159,0.003
2023-09-29 21:00:00,SWM10C,4.3,43.847797159,0.0
2023-09-29 21:00:00,SWM11,5.2,53.025243076,0.002
2023-09-29 21:00:00,SWM12,5.0,50.985810650000005,0.0
2023-09-29 21:00:00,SWM13,5.2,53.025243076,0.016
2023-09-29 21:00:00,SWM14,5.2,53.025243076,0.37
2023-09-29 21:00:00,SWM15,5.0,50.985810650000005,0.0
2023-09-29 21:00:00,SWM2,5.2,53.025243076,0.019
2023-09-29 21:00:00,SWM3,3.0,30.59148639,0.0
2023-09-29 21:00:00,SWM4,5.2,53.025243076,0.011
2023-09-29 21:00:00,SWM6,5.1,52.005526863,0.018
2023-09-29 21:00:00,SWM7,5.3,54.044959289000005,0.015
2023-09-29 21:00:00,SWM8,5.1,52.005526863,0.0
2023-09-29 21:00:00,SWM9,5.05,51.4956687565,0.0
2023-09-29 22:00:00,SWM10,4.3,43.847797159,0.0
2023-09-29 22:00:00,SWM10B,4.2,42.82808094600001,0.014
2023-09-29 22:00:00,SWM10C,4.2,42.82808094600001,0.0
2023-09-29 22:00:00,SWM11,5.2,53.025243076,0.0
2023-09-29 22:00:00,SWM12,5.1,52.005526863,0.0
2023-09-29 22:00:00,SWM13,5.2,53.025243076,0.035
2023-09-29 22:00:00,SWM14,5.3,54.044959289000005,0.374
2023-09-29 22:00:00,SWM15,5.0,50.985810650000005,0.0
2023-09-29 22:00:00,SWM2,5.3,54.044959289000005,0.0
2023-09-29 22:00:00,SWM3,2.0,20.39432426,0.0
2023-09-29 22:00:00,SWM4,5.2,53.025243076,0.0
2023-09-29 22:00:00,SWM6,5.1,52.005526863,0.022
2023-09-29 22:00:00,SWM7,5.3,54.044959289000005,0.0
2023-09-29 22:00:00,SWM8,5.1,52.005526863,0.0
2023-09-29 22:00:00,SWM9,4.8,48.946378224,0.0
2023-09-29 23:00:00,SWM10,4.2,42.82808094600001,0.0
2023-09-29 23:00:00,SWM10B,4.1,41.808364733,0.003
2023-09-29 23:00:00,SWM10C,4.1,41.808364733,0.0
2023-09-29 23:00:00,SWM11,5.3,54.044959289000005,0.001
2023-09-29 23:00:00,SWM12,5.15,52.515384969500005,0.0
2023-09-29 23:00:00,SWM13,5.3,54.044959289000005,0.002
2023-09-29 23:00:00,SWM14,5.4,55.06467550200001,0.376
2023-09-29 23:00:00,SWM15,5.1,52.005526863,0.005
2023-09-29 23:00:00,SWM2,5.3,54.044959289000005,0.0
2023-09-29 23:00:00,SWM3,3.0,30.59148639,0.0
2023-09-29 23:00:00,SWM4,5.3,54.044959289000005,0.0
2023-09-29 23:00:00,SWM6,5.2,53.025243076,0.015
2023-09-29 23:00:00,SWM7,5.4,55.06467550200001,0.002
2023-09-29 23:00:00,SWM8,5.2,53.025243076,0.0
2023-09-29 23:00:00,SWM9,4.6,46.906945798,0.0
2023-09-30 00:00:00,SWM10,4.3,43.847797159,0.0
2023-09-30 00:00:00,SWM10B,4.2,42.82808094600001,0.0
2023-09-30 00:00:00,SWM10C,4.2,42.82808094600001,0.0
2023-09-30 00:00:00,SWM11,5.3,54.044959289000005,0.004
2023-09-30 00:00:00,SWM12,5.1,52.005526863,0.0
2023-09-30 00:00:00,SWM13,5.3,54.044959289000005,0.0
2023-09-30 00:00:00,SWM14,5.4,55.06467550200001,0.376
2023-09-30 00:00:00,SWM15,5.1,52.005526863,0.0
2023-09-30 00:00:00,SWM2,5.3,54.044959289000005,0.0
2023-09-30 00:00:00,SWM3,4.0,40.78864852,0.0
2023-09-30 00:00:00,SWM4,5.3,54.044959289000005,0.005
2023-09-30 00:00:00,SWM6,5.2,53.025243076,0.022
2023-09-30 00:00:00,SWM7,5.4,55.06467550200001,0.008
2023-09-30 00:00:00,SWM8,5.2,53.025243076,0.0
2023-09-30 00:00:00,SWM9,4.4,44.867513372000005,0.0
2023-09-30 01:00:00,SWM10,4.15,42.31822283950001,0.0
2023-09-30 01:00:00,SWM10B,4.0,40.78864852,0.0
2023-09-30 01:00:00,SWM10C,4.1,41.808364733,0.0
2023-09-30 01:00:00,SWM11,5.3,54.044959289000005,0.021
2023-09-30 01:00:00,SWM12,5.1,52.005526863,0.0
2023-09-30 01:00:00,SWM13,5.3,54.044959289000005,0.002
2023-09-30 01:00:00,SWM14,5.4,55.06467550200001,0.374
2023-09-30 01:00:00,SWM15,5.1,52.005526863,0.0
2023-09-30 01:00:00,SWM2,5.3,54.044959289000005,0.0
2023-09-30 01:00:00,SWM3,5.9,60.163256567000005,0.0
2023-09-30 01:00:00,SWM4,5.3,54.044959289000005,0.0
2023-09-30 01:00:00,SWM6,5.2,53.025243076,0.01
2023-09-30 01:00:00,SWM7,5.4,55.06467550200001,0.02
2023-09-30 01:00:00,SWM8,5.2,53.025243076,0.0
2023-09-30 01:00:00,SWM9,6.0,61.18297278,0.0
2023-09-30 02:00:00,SWM10,4.4,44.867513372000005,0.029
2023-09-30 02:00:00,SWM10B,4.3,43.847797159,0.004
2023-09-30 02:00:00,SWM10C,4.3,43.847797159,0.0
2023-09-30 02:00:00,SWM11,5.3,54.044959289000005,0.009
2023-09-30 02:00:00,SWM12,5.2,53.025243076,0.0
2023-09-30 02:00:00,SWM13,5.3,54.044959289000005,0.0
2023-09-30 02:00:00,SWM14,5.4,55.06467550200001,0.377
2023-09-30 02:00:00,SWM15,5.1,52.005526863,0.0
2023-09-30 02:00:00,SWM2,5.3,54.044959289000005,0.0
2023-09-30 02:00:00,SWM3,4.8,48.946378224,0.0
2023-09-30 02:00:00,SWM4,5.3,54.044959289000005,0.0
2023-09-30 02:00:00,SWM6,5.2,53.025243076,0.0
2023-09-30 02:00:00,SWM7,5.4,55.06467550200001,0.0
2023-09-30 02:00:00,SWM8,5.2,53.025243076,0.0
2023-09-30 02:00:00,SWM9,5.8,59.143540354,0.0
2023-09-30 03:00:00,SWM10,4.5,45.887229585,0.005
2023-09-30 03:00:00,SWM10B,4.3,43.847797159,0.0
2023-09-30 03:00:00,SWM10C,4.3,43.847797159,0.0
2023-09-30 03:00:00,SWM11,5.3,54.044959289000005,0.01
2023-09-30 03:00:00,SWM12,5.1,52.005526863,0.0
2023-09-30 03:00:00,SWM13,5.3,54.044959289000005,0.0
2023-09-30 03:00:00,SWM14,5.3,54.044959289000005,0.376
2023-09-30 03:00:00,SWM15,5.1,52.005526863,0.0
2023-09-30 03:00:00,SWM2,5.3,54.044959289000005,0.0
2023-09-30 03:00:00,SWM3,3.8,38.749216094,0.0
2023-09-30 03:00:00,SWM4,5.3,54.044959289000005,0.0
2023-09-30 03:00:00,SWM6,5.2,53.025243076,0.001
2023-09-30 03:00:00,SWM7,5.4,55.06467550200001,0.029
2023-09-30 03:00:00,SWM8,5.2,53.025243076,0.0
2023-09-30 03:00:00,SWM9,5.5,56.084391715,0.0
2023-09-30 04:00:00,SWM10,4.3,43.847797159,0.0
2023-09-30 04:00:00,SWM10B,4.1,41.808364733,0.004
2023-09-30 04:00:00,SWM10C,4.15,42.31822283950001,0.0
2023-09-30 04:00:00,SWM11,5.6,57.104107928,0.037
2023-09-30 04:00:00,SWM12,5.4,55.06467550200001,0.001
2023-09-30 04:00:00,SWM13,5.5,56.084391715,0.0
2023-09-30 04:00:00,SWM14,5.6,57.104107928,0.379
2023-09-30 04:00:00,SWM15,5.4,55.06467550200001,0.01
2023-09-30 04:00:00,SWM2,5.6,57.104107928,0.0
2023-09-30 04:00:00,SWM3,5.1,52.005526863,0.0
2023-09-30 04:00:00,SWM4,5.6,57.104107928,0.0
2023-09-30 04:00:00,SWM6,5.5,56.084391715,0.0
2023-09-30 04:00:00,SWM7,5.7,58.12382414100001,0.055
2023-09-30 04:00:00,SWM8,5.5,56.084391715,0.0
2023-09-30 04:00:00,SWM9,5.2,53.025243076,0.0
2023-09-30 05:00:00,SWM10,4.2,42.82808094600001,0.0
2023-09-30 05:00:00,SWM10B,4.1,41.808364733,0.021
2023-09-30 05:00:00,SWM10C,4.1,41.808364733,0.0
2023-09-30 05:00:00,SWM11,5.4,55.06467550200001,0.012
2023-09-30 05:00:00,SWM12,5.3,54.044959289000005,0.007
2023-09-30 05:00:00,SWM13,5.3,54.044959289000005,0.0
2023-09-30 05:00:00,SWM14,5.4,55.06467550200001,0.382
2023-09-30 05:00:00,SWM15,5.2,53.025243076,0.0
2023-09-30 05:00:00,SWM2,5.5,56.084391715,0.044
2023-09-30 05:00:00,SWM3,4.35,44.3576552655,0.0
2023-09-30 05:00:00,SWM4,5.4,55.06467550200001,0.0
2023-09-30 05:00:00,SWM6,5.3,54.044959289000005,0.037
2023-09-30 05:00:00,SWM7,5.5,56.084391715,0.028
2023-09-30 05:00:00,SWM8,5.3,54.044959289000005,0.001
2023-09-30 05:00:00,SWM9,4.9,49.96609443700001,0.0
2023-09-30 06:00:00,SWM10,4.3,43.847797159,0.0
2023-09-30 06:00:00,SWM10B,4.2,42.82808094600001,0.038
2023-09-30 06:00:00,SWM10C,4.2,42.82808094600001,0.0
2023-09-30 06:00:00,SWM11,5.2,53.025243076,0.027
2023-09-30 06:00:00,SWM12,5.1,52.005526863,0.0
2023-09-30 06:00:00,SWM13,5.2,53.025243076,0.012
2023-09-30 06:00:00,SWM14,5.3,54.044959289000005,0.375
2023-09-30 06:00:00,SWM15,5.0,50.985810650000005,0.0
2023-09-30 06:00:00,SWM2,5.3,54.044959289000005,0.025
2023-09-30 06:00:00,SWM3,3.3,33.650635029,0.0
2023-09-30 06:00:00,SWM4,5.3,54.044959289000005,0.0
2023-09-30 06:00:00,SWM6,5.2,53.025243076,0.0
2023-09-30 06:00:00,SWM7,5.4,55.06467550200001,0.011
2023-09-30 06:00:00,SWM8,5.2,53.025243076,
2023-09-30 06:00:00,SWM9,4.7,47.926662011000005,0.0
2023-09-30 07:00:00,SWM10,4.3,43.847797159,0.016
2023-09-30 07:00:00,SWM10B,4.2,42.82808094600001,0.021
2023-09-30 07:00:00,SWM10C,4.2,42.82808094600001,0.0
2023-09-30 07:00:00,SWM11,5.2,53.025243076,0.008
2023-09-30 07:00:00,SWM12,5.0,50.985810650000005,0.0
2023-09-30 07:00:00,SWM13,5.2,53.025243076,0.013
2023-09-30 07:00:00,SWM14,5.2,53.025243076,0.371
2023-09-30 07:00:00,SWM15,5.0,50.985810650000005,0.006
2023-09-30 07:00:00,SWM2,5.2,53.025243076,0.031
2023-09-30 07:00:00,SWM3,2.3499999999999996,23.9633310055,0.0
2023-09-30 07:00:00,SWM4,5.2,53.025243076,0.079
2023-09-30 07:00:00,SWM6,5.05,51.4956687565,0.0
2023-09-30 07:00:00,SWM7,5.3,54.044959289000005,0.092
2023-09-30 07:00:00,SWM8,5.1,52.005526863,0.0
2023-09-30 07:00:00,SWM9,4.5,45.887229585,0.0
2023-09-30 08:00:00,SWM10,4.4,44.867513372000005,0.008
2023-09-30 08:00:00,SWM10B,4.3,43.847797159,0.052
2023-09-30 08:00:00,SWM10C,4.2,42.82808094600001,0.0
2023-09-30 08:00:00,SWM11,5.1,52.005526863,0.008
2023-09-30 08:00:00,SWM12,5.0,50.985810650000005,0.0
2023-09-30 08:00:00,SWM13,5.2,53.025243076,0.031
2023-09-30 08:00:00,SWM14,5.2,53.025243076,0.371
2023-09-30 08:00:00,SWM15,5.0,50.985810650000005,0.033
2023-09-30 08:00:00,SWM2,5.2,53.025243076,0.013
2023-09-30 08:00:00,SWM3,1.4,14.276026982,0.0
2023-09-30 08:00:00,SWM4,5.15,52.515384969500005,0.001
2023-09-30 08:00:00,SWM6,5.0,50.985810650000005,0.0
2023-09-30 08:00:00,SWM7,5.2,53.025243076,0.124
2023-09-30 08:00:00,SWM8,5.0,50.985810650000005,0.0
2023-09-30 08:00:00,SWM9,5.75,58.633682247500005,0.0
2023-09-30 09:00:00,SWM10,4.3,43.847797159,0.0
2023-09-30 09:00:00,SWM10B,4.2,42.82808094600001,0.004
2023-09-30 09:00:00,SWM10C,4.15,42.31822283950001,0.0
2023-09-30 09:00:00,SWM11,5.1,52.005526863,0.023
2023-09-30 09:00:00,SWM12,5.0,50.985810650000005,0.029
2023-09-30 09:00:00,SWM13,5.15,52.515384969500005,0.028
2023-09-30 09:00:00,SWM14,5.2,53.025243076,0.377
2023-09-30 09:00:00,SWM15,5.0,50.985810650000005,0.024
2023-09-30 09:00:00,SWM2,5.2,53.025243076,0.035
2023-09-30 09:00:00,SWM3,6.0,61.18297278,0.0
2023-09-30 09:00:00,SWM4,5.2,53.025243076,0.053
2023-09-30 09:00:00,SWM6,5.0,50.985810650000005,0.0
2023-09-30 09:00:00,SWM7,5.3,54.044959289000005,0.148
2023-09-30 09:00:00,SWM8,5.1,52.005526863,0.0
2023-09-30 09:00:00,SWM9,6.0,61.18297278,0.0
2023-09-30 10:00:00,SWM10,4.4,44.867513372000005,0.007
2023-09-30 10:00:00,SWM10B,4.2,42.82808094600001,0.003
2023-09-30 10:00:00,SWM10C,4.2,42.82808094600001,0.0
2023-09-30 10:00:00,SWM11,5.1,52.005526863,0.001
2023-09-30 10:00:00,SWM12,5.0,50.985810650000005,0.016
2023-09-30 10:00:00,SWM13,5.1,52.005526863,0.062
2023-09-30 10:00:00,SWM14,5.2,53.025243076,0.383
2023-09-30 10:00:00,SWM15,5.0,50.985810650000005,0.019
2023-09-30 10:00:00,SWM2,5.2,53.025243076,0.008
2023-09-30 10:00:00,SWM3,6.8,69.340702484,0.0
2023-09-30 10:00:00,SWM4,5.2,53.025243076,0.042
2023-09-30 10:00:00,SWM6,5.0,50.985810650000005,0.015
2023-09-30 10:00:00,SWM7,5.3,54.044959289000005,0.155
2023-09-30 10:00:00,SWM8,5.05,51.4956687565,0.0
2023-09-30 10:00:00,SWM9,5.7,58.12382414100001,0.0
2023-09-30 11:00:00,SWM10,4.3,43.847797159,0.024
2023-09-30 11:00:00,SWM10B,4.2,42.82808094600001,0.002
2023-09-30 11:00:00,SWM10C,4.2,42.82808094600001,0.0
2023-09-30 11:00:00,SWM11,5.1,52.005526863,0.0
2023-09-30 11:00:00,SWM12,5.0,50.985810650000005,0.108
2023-09-30 11:00:00,SWM13,5.1,52.005526863,0.046
2023-09-30 11:00:00,SWM14,5.1,52.005526863,0.368
2023-09-30 11:00:00,SWM15,4.9,49.96609443700001,0.005
2023-09-30 11:00:00,SWM2,5.1,52.005526863,0.033
2023-09-30 11:00:00,SWM3,5.7,58.12382414100001,0.0
2023-09-30 11:00:00,SWM4,5.1,52.005526863,0.0
2023-09-30 11:00:00,SWM6,5.0,50.985810650000005,0.023
2023-09-30 11:00:00,SWM7,5.2,53.025243076,0.117
2023-09-30 11:00:00,SWM8,5.0,50.985810650000005,0.0
2023-09-30 11:00:00,SWM9,5.4,55.06467550200001,0.0
2023-09-30 12:00:00,SWM10,4.3,43.847797159,0.021
2023-09-30 12:00:00,SWM10B,4.2,42.82808094600001,0.021
2023-09-30 12:00:00,SWM10C,4.1,41.808364733,0.001
2023-09-30 12:00:00,SWM11,5.1,52.005526863,0.015
2023-09-30 12:00:00,SWM12,5.0,50.985810650000005,0.005
2023-09-30 12:00:00,SWM13,5.1,52.005526863,0.033
2023-09-30 12:00:00,SWM14,5.1,52.005526863,0.368
2023-09-30 12:00:00,SWM15,4.9,49.96609443700001,0.002
2023-09-30 12:00:00,SWM2,5.1,52.005526863,0.0
2023-09-30 12:00:00,SWM3,4.7,47.926662011000005,0.0
2023-09-30 12:00:00,SWM4,5.1,52.005526863,0.006
2023-09-30 12:00:00,SWM6,5.0,50.985810650000005,0.003
2023-09-30 12:00:00,SWM7,5.2,53.025243076,0.056
2023-09-30 12:00:00,SWM8,5.0,50.985810650000005,0.0
2023-09-30 12:00:00,SWM9,5.2,53.025243076,0.0
2023-09-30 13:00:00,SWM10,4.4,44.867513372000005,0.003
2023-09-30 13:00:00,SWM10B,4.2,42.82808094600001,0.013
2023-09-30 13:00:00,SWM10C,4.2,42.82808094600001,0.0
2023-09-30 13:00:00,SWM11,5.2,53.025243076,0.0
2023-09-30 13:00:00,SWM12,5.1,52.005526863,0.006
2023-09-30 13:00:00,SWM13,5.2,53.025243076,0.0
2023-09-30 13:00:00,SWM14,5.2,53.025243076,0.365
2023-09-30 13:00:00,SWM15,5.0,50.985810650000005,0.005
2023-09-30 13:00:00,SWM2,5.2,53.025243076,0.001
2023-09-30 13:00:00,SWM3,3.6500000000000004,37.219641774500005,0.0
2023-09-30 13:00:00,SWM4,5.2,53.025243076,0.019
2023-09-30 13:00:00,SWM6,5.1,52.005526863,0.01
2023-09-30 13:00:00,SWM7,5.3,54.044959289000005,0.09
2023-09-30 13:00:00,SWM8,5.1,52.005526863,0.0
2023-09-30 13:00:00,SWM9,4.9,49.96609443700001,0.0
2023-09-30 14:00:00,SWM10,4.4,44.867513372000005,0.002
2023-09-30 14:00:00,SWM10B,4.2,42.82808094600001,0.002
2023-09-30 14:00:00,SWM10C,4.2,42.82808094600001,0.0
2023-09-30 14:00:00,SWM11,5.2,53.025243076,0.001
2023-09-30 14:00:00,SWM12,5.1,52.005526863,0.01
2023-09-30 14:00:00,SWM13,5.3,54.044959289000005,0.077
2023-09-30 14:00:00,SWM14,5.3,54.044959289000005,0.373
2023-09-30 14:00:00,SWM15,5.05,51.4956687565,0.004
2023-09-30 14:00:00,SWM2,5.3,54.044959289000005,0.019
2023-09-30 14:00:00,SWM3,5.1,52.005526863,0.0
2023-09-30 14:00:00,SWM4,5.3,54.044959289000005,0.022
2023-09-30 14:00:00,SWM6,5.1,52.005526863,0.009
2023-09-30 14:00:00,SWM7,5.4,55.06467550200001,0.047
2023-09-30 14:00:00,SWM8,5.1,52.005526863,0.0
2023-09-30 14:00:00,SWM9,4.7,47.926662011000005,0.0
2023-09-30 15:00:00,SWM10,4.550000000000001,46.39708769150001,0.06
2023-09-30 15:00:00,SWM10B,4.35,44.3576552655,0.006
2023-09-30 15:00:00,SWM10C,4.35,44.3576552655,0.0
2023-09-30 15:00:00,SWM11,5.2,53.025243076,0.01
2023-09-30 15:00:00,SWM12,5.1,52.005526863,0.025
2023-09-30 15:00:00,SWM13,5.2,53.025243076,0.057
2023-09-30 15:00:00,SWM14,5.3,54.044959289000005,0.377
2023-09-30 15:00:00,SWM15,5.0,50.985810650000005,0.0
2023-09-30 15:00:00,SWM2,5.3,54.044959289000005,0.008
2023-09-30 15:00:00,SWM3,4.2,42.82808094600001,0.0
2023-09-30 15:00:00,SWM4,5.2,53.025243076,0.005
2023-09-30 15:00:00,SWM6,5.1,52.005526863,0.009
2023-09-30 15:00:00,SWM7,5.4,55.06467550200001,0.047
2023-09-30 15:00:00,SWM8,5.1,52.005526863,0.0
2023-09-30 15:00:00,SWM9,4.5,45.887229585,0.0
2023-09-30 16:00:00,SWM10,4.3,43.847797159,0.015
2023-09-30 16:00:00,SWM10B,4.2,42.82808094600001,0.023
2023-09-30 16:00:00,SWM10C,4.2,42.82808094600001,0.0
2023-09-30 16:00:00,SWM11,5.2,53.025243076,0.01
2023-09-30 16:00:00,SWM12,5.1,52.005526863,0.009
2023-09-30 16:00:00,SWM13,5.2,53.025243076,0.028
2023-09-30 16:00:00,SWM14,5.2,53.025243076,0.426
2023-09-30 16:00:00,SWM15,5.0,50.985810650000005,0.096
2023-09-30 16:00:00,SWM2,5.2,53.025243076,0.007
2023-09-30 16:00:00,SWM3,3.2,32.630918816000005,0.0
2023-09-30 16:00:00,SWM4,5.2,53.025243076,0.01
2023-09-30 16:00:00,SWM6,5.1,52.005526863,0.01
2023-09-30 16:00:00,SWM7,5.3,54.044959289000005,0.065
2023-09-30 16:00:00,SWM8,5.1,52.005526863,0.0
2023-09-30 16:00:00,SWM9,6.2,63.222405206000005,0.0
2023-09-30 17:00:00,SWM10,4.3,43.847797159,0.0
2023-09-30 17:00:00,SWM10B,4.2,42.82808094600001,0.016
2023-09-30 17:00:00,SWM10C,4.2,42.82808094600001,0.0
2023-09-30 17:00:00,SWM11,5.3,54.044959289000005,0.016
2023-09-30 17:00:00,SWM12,5.2,53.025243076,0.0
2023-09-30 17:00:00,SWM13,5.3,54.044959289000005,0.056
2023-09-30 17:00:00,SWM14,5.3,54.044959289000005,0.432
2023-09-30 17:00:00,SWM15,5.1,52.005526863,0.016
2023-09-30 17:00:00,SWM2,5.3,54.044959289000005,0.029
2023-09-30 17:00:00,SWM3,2.25,22.9436147925,0.0
2023-09-30 17:00:00,SWM4,5.3,54.044959289000005,0.005
2023-09-30 17:00:00,SWM6,5.2,53.025243076,0.019
2023-09-30 17:00:00,SWM7,5.4,55.06467550200001,0.046
2023-09-30 17:00:00,SWM8,5.2,53.025243076,0.0
2023-09-30 17:00:00,SWM9,6.0,61.18297278,0.0
2023-09-30 18:00:00,SWM10,4.3,43.847797159,0.006
2023-09-30 18:00:00,SWM10B,4.1,41.808364733,0.01
2023-09-30 18:00:00,SWM10C,4.1,41.808364733,0.0
2023-09-30 18:00:00,SWM11,5.3,54.044959289000005,0.019
2023-09-30 18:00:00,SWM12,5.2,53.025243076,0.0
2023-09-30 18:00:00,SWM13,5.3,54.044959289000005,0.014
2023-09-30 18:00:00,SWM14,5.4,55.06467550200001,0.381
2023-09-30 18:00:00,SWM15,5.1,52.005526863,0.005
2023-09-30 18:00:00,SWM2,5.4,55.06467550200001,0.009
2023-09-30 18:00:00,SWM3,1.45,14.7858850885,0.0
2023-09-30 18:00:00,SWM4,5.3,54.044959289000005,0.001
2023-09-30 18:00:00,SWM6,5.2,53.025243076,0.013
2023-09-30 18:00:00,SWM7,5.5,56.084391715,0.04
2023-09-30 18:00:00,SWM8,5.2,53.025243076,0.0
2023-09-30 18:00:00,SWM9,5.7,58.12382414100001,0.0
2023-09-30 19:00:00,SWM10,4.3,43.847797159,0.0
2023-09-30 19:00:00,SWM10B,4.2,42.82808094600001,0.015
2023-09-30 19:00:00,SWM10C,4.2,42.82808094600001,0.0
2023-09-30 19:00:00,SWM11,5.3,54.044959289000005,0.017
2023-09-30 19:00:00,SWM12,5.1,52.005526863,0.0
2023-09-30 19:00:00,SWM13,5.3,54.044959289000005,0.153
2023-09-30 19:00:00,SWM14,5.3,54.044959289000005,0.386
2023-09-30 19:00:00,SWM15,5.1,52.005526863,0.032
2023-09-30 19:00:00,SWM2,5.4,55.06467550200001,0.059
2023-09-30 19:00:00,SWM3,7.3,74.43928354900001,0.0
2023-09-30 19:00:00,SWM4,5.3,54.044959289000005,0.005
2023-09-30 19:00:00,SWM6,5.2,53.025243076,0.011
2023-09-30 19:00:00,SWM7,5.4,55.06467550200001,0.05
2023-09-30 19:00:00,SWM8,5.2,53.025243076,0.0
2023-09-30 19:00:00,SWM9,5.4,55.06467550200001,0.0
2023-09-30 20:00:00,SWM10,4.3,43.847797159,0.008
2023-09-30 20:00:00,SWM10B,4.15,42.31822283950001,0.007
2023-09-30 20:00:00,SWM10C,4.1,41.808364733,0.0
2023-09-30 20:00:00,SWM11,5.1,52.005526863,0.015
2023-09-30 20:00:00,SWM12,4.9,49.96609443700001,0.0
2023-09-30 20:00:00,SWM13,5.1,52.005526863,0.01
2023-09-30 20:00:00,SWM14,5.1,52.005526863,0.408
2023-09-30 20:00:00,SWM15,4.9,49.96609443700001,0.082
2023-09-30 20:00:00,SWM2,5.1,52.005526863,0.024
2023-09-30 20:00:00,SWM3,6.5,66.281553845,0.0
2023-09-30 20:00:00,SWM4,5.1,52.005526863,0.0
2023-09-30 20:00:00,SWM6,5.0,50.985810650000005,0.045
2023-09-30 20:00:00,SWM7,5.2,53.025243076,0.033
2023-09-30 20:00:00,SWM8,5.0,50.985810650000005,0.0
2023-09-30 20:00:00,SWM9,5.2,53.025243076,0.0
2023-09-30 21:00:00,SWM10,4.4,44.867513372000005,0.024
2023-09-30 21:00:00,SWM10B,4.3,43.847797159,0.006
2023-09-30 21:00:00,SWM10C,4.25,43.337939052500005,0.0
2023-09-30 21:00:00,SWM11,5.1,52.005526863,0.01
2023-09-30 21:00:00,SWM12,5.0,50.985810650000005,0.009
2023-09-30 21:00:00,SWM13,5.1,52.005526863,0.02
2023-09-30 21:00:00,SWM14,5.2,53.025243076,0.38
2023-09-30 21:00:00,SWM15,5.0,50.985810650000005,0.04
2023-09-30 21:00:00,SWM2,5.2,53.025243076,0.016
2023-09-30 21:00:00,SWM3,5.45,55.574533608500005,0.0
2023-09-30 21:00:00,SWM4,5.1,52.005526863,0.005
2023-09-30 21:00:00,SWM6,5.0,50.985810650000005,0.024
2023-09-30 21:00:00,SWM7,5.2,53.025243076,0.015
2023-09-30 21:00:00,SWM8,5.0,50.985810650000005,0.0
2023-09-30 21:00:00,SWM9,4.8,48.946378224,0.0
2023-09-30 22:00:00,SWM10,4.4,44.867513372000005,0.004
2023-09-30 22:00:00,SWM10B,4.25,43.337939052500005,0.003
2023-09-30 22:00:00,SWM10C,4.2,42.82808094600001,0.0
2023-09-30 22:00:00,SWM11,5.2,53.025243076,0.0
2023-09-30 22:00:00,SWM12,5.1,52.005526863,0.0
2023-09-30 22:00:00,SWM13,5.2,53.025243076,0.025
2023-09-30 22:00:00,SWM14,5.3,54.044959289000005,0.36
2023-09-30 22:00:00,SWM15,5.0,50.985810650000005,0.108
2023-09-30 22:00:00,SWM2,5.2,53.025243076,0.001
2023-09-30 22:00:00,SWM3,4.4,44.867513372000005,0.0
2023-09-30 22:00:00,SWM4,5.2,53.025243076,0.0
2023-09-30 22:00:00,SWM6,5.1,52.005526863,0.027
2023-09-30 22:00:00,SWM7,5.3,54.044959289000005,0.025
2023-09-30 22:00:00,SWM8,5.1,52.005526863,0.0
2023-09-30 22:00:00,SWM9,4.6,46.906945798,0.0
2023-09-30 23:00:00,SWM10,4.4,44.867513372000005,0.014
2023-09-30 23:00:00,SWM10B,4.3,43.847797159,0.004
2023-09-30 23:00:00,SWM10C,4.3,43.847797159,0.0
2023-09-30 23:00:00,SWM11,5.25,53.5351011825,0.0
2023-09-30 23:00:00,SWM12,5.1,52.005526863,0.0
2023-09-30 23:00:00,SWM13,5.25,53.5351011825,0.0
2023-09-30 23:00:00,SWM14,5.3,54.044959289000005,0.379
2023-09-30 23:00:00,SWM15,5.1,52.005526863,0.002
2023-09-30 23:00:00,SWM2,5.3,54.044959289000005,0.0
2023-09-30 23:00:00,SWM3,3.5,35.690067455000005,0.0
2023-09-30 23:00:00,SWM4,5.3,54.044959289000005,0.0
2023-09-30 23:00:00,SWM6,5.2,53.025243076,0.01
2023-09-30 23:00:00,SWM7,5.4,55.06467550200001,0.001
2023-09-30 23:00:00,SWM8,5.2,53.025243076,0.0
2023-09-30 23:00:00,SWM9,4.4,44.867513372000005,0.0
2023-10-01 00:00:00,SWM10,4.4,44.867513372000005,
2023-10-01 00:00:00,SWM10B,4.1,41.808364733,
2023-10-01 00:00:00,SWM10C,4.1,41.808364733,
2023-10-01 00:00:00,SWM11,5.3,54.044959289000005,
2023-10-01 00:00:00,SWM12,5.1,52.005526863,
2023-10-01 00:00:00,SWM13,5.3,54.044959289000005,
2023-10-01 00:00:00,SWM14,5.3,54.044959289000005,
2023-10-01 00:00:00,SWM15,5.1,52.005526863,
2023-10-01 00:00:00,SWM2,5.3,54.044959289000005,
2023-10-01 00:00:00,SWM3,5.15,52.515384969500005,
2023-10-01 00:00:00,SWM4,5.3,54.044959289000005,
2023-10-01 00:00:00,SWM6,5.2,53.025243076,
2023-10-01 00:00:00,SWM7,5.4,55.06467550200001,
2023-10-01 00:00:00,SWM8,5.2,53.025243076,0.0
2023-10-01 00:00:00,SWM9,5.9,60.163256567000005,
