timestamp,zone_id,interval_hours,flow_m3_per_hour,flow_volume_m3,outflow_m3h,outflow_volume_m3,consumption_m3,pressure_m_head,unaccounted_water_m3,meter_coverage,pressure_site_coverage,inflow_m3h_samples,outflow_m3h_samples,is_controlled_leak,leak_event_ids
2023-09-01 01:00:00,REAL_DMA_01,1.0,3.2858297967479673,3.2858297967479673,1.95315,1.95315,0.041,53.025243076,1.2916797967479674,15,15,41.0,60.0,False,NONE
2023-09-01 02:00:00,REAL_DMA_01,1.0,3.225483455284553,3.225483455284553,1.95315,1.95315,0.036,52.515384969500005,1.2363334552845529,15,15,41.0,60.0,False,NONE
2023-09-01 03:00:00,REAL_DMA_01,1.0,5.408377142857143,5.408377142857143,3.3729449999999996,3.3729449999999996,0.107,52.005526863,1.9284321428571432,15,15,21.0,52.0,False,NONE
2023-09-01 04:00:00,REAL_DMA_01,1.0,10.351359222222223,10.351359222222223,6.870108720930232,6.870108720930232,0.116,53.025243076,3.365250501291991,15,15,45.0,43.0,False,NONE
2023-09-01 05:00:00,REAL_DMA_01,1.0,14.516814892006803,14.516814892006803,11.091666346153847,11.091666346153847,0.362,50.985810650000005,3.0631485458529557,15,15,56.0,26.0,False,NONE
2023-09-01 06:00:00,REAL_DMA_01,1.0,14.826312844681148,14.826312844681148,12.114985972222222,12.114985972222222,0.525,50.985810650000005,2.186326872458926,15,15,57.0,36.0,False,NONE
2023-09-01 07:00:00,REAL_DMA_01,1.0,13.431421932234432,13.431421932234432,11.454018678160919,11.454018678160919,0.243,49.96609443700001,1.7344032540735133,15,15,52.0,29.0,False,NONE
2023-09-01 08:00:00,REAL_DMA_01,1.0,13.44050343664966,13.44050343664966,11.162359715447154,11.162359715447154,0.195,49.96609443700001,2.083143721202506,15,15,56.0,41.0,False,NONE
2023-09-01 09:00:00,REAL_DMA_01,1.0,13.2322393,13.2322393,10.658164137931035,10.658164137931035,0.219,50.985810650000005,2.355075162068965,15,15,55.0,29.0,False,NONE
2023-09-01 10:00:00,REAL_DMA_01,1.0,11.904225328674949,11.904225328674949,9.773911250000001,9.773911250000001,0.3,52.005526863,1.8303140786749477,15,15,46.0,18.0,False,NONE
2023-09-01 11:00:00,REAL_DMA_01,1.0,12.385348743589743,12.385348743589743,10.565120925925926,10.565120925925926,0.34700000000000003,52.005526863,1.4732278176638167,15,15,52.0,27.0,False,NONE
2023-09-01 12:00:00,REAL_DMA_01,1.0,11.363541421768709,11.363541421768709,9.7071805,9.7071805,0.43,52.005526863,1.2263609217687088,15,15,49.0,20.0,False,NONE
2023-09-01 13:00:00,REAL_DMA_01,1.0,10.881242572916667,10.881242572916667,7.64171828125,7.64171828125,0.293,53.025243076,2.946524291666667,15,15,48.0,32.0,False,NONE
2023-09-01 14:00:00,REAL_DMA_01,1.0,9.96956717013889,9.96956717013889,7.294488888888888,7.294488888888888,0.079,54.044959289000005,2.596078281250001,15,15,48.0,36.0,False,NONE
2023-09-01 15:00:00,REAL_DMA_01,1.0,9.983062583333332,9.983062583333332,7.812619999999999,7.812619999999999,0.366,54.044959289000005,1.804442583333333,15,15,40.0,50.0,False,NONE
2023-09-01 16:00:00,REAL_DMA_01,1.0,11.268155914634146,11.268155914634146,7.77192625,7.77192625,0.442,54.044959289000005,3.0542296646341462,15,15,41.0,48.0,False,NONE
2023-09-01 17:00:00,REAL_DMA_01,1.0,9.875952264957265,9.875952264957265,7.6173,7.6173,0.487,53.025243076,1.7716522649572646,15,15,39.0,60.0,False,NONE
2023-09-01 18:00:00,REAL_DMA_01,1.0,9.634776424731182,9.634776424731182,7.6173,7.6173,0.267,53.025243076,1.7504764247311821,15,15,31.0,60.0,False,NONE
2023-09-01 19:00:00,REAL_DMA_01,1.0,8.092276136363637,8.092276136363637,7.6173,7.6173,0.20700000000000002,53.025243076,0.26797613636363665,15,15,44.0,60.0,False,NONE
2023-09-01 20:00:00,REAL_DMA_01,1.0,8.802929270833333,8.802929270833333,7.6173,7.6173,0.33,52.005526863,0.8556292708333331,15,15,32.0,60.0,False,NONE
2023-09-01 21:00:00,REAL_DMA_01,1.0,8.364792249999999,8.364792249999999,7.6173,7.6173,0.158,52.005526863,0.5894922499999987,15,15,40.0,60.0,False,NONE
2023-09-01 22:00:00,REAL_DMA_01,1.0,6.289158333333334,6.289158333333334,7.222913461538462,7.222913461538462,0.195,52.005526863,-1.128755128205128,15,15,20.0,52.0,False,NONE
2023-09-01 23:00:00,REAL_DMA_01,1.0,4.417244057971015,4.417244057971015,3.51568,3.51568,0.068,53.025243076,0.8335640579710146,15,15,23.0,60.0,False,NONE
2023-09-02 00:00:00,REAL_DMA_01,1.0,3.761943913043478,3.761943913043478,3.51568,3.51568,0.041,52.005526863,0.20526391304347805,15,15,23.0,60.0,False,NONE
2023-09-02 01:00:00,REAL_DMA_01,1.0,3.2471217857142856,3.2471217857142856,3.51568,3.51568,0.056,53.025243076,-0.3245582142857146,15,15,28.0,60.0,False,NONE
2023-09-02 02:00:00,REAL_DMA_01,1.0,3.6429826785714288,3.6429826785714288,3.51568,3.51568,0.052,53.025243076,0.07530267857142864,15,15,28.0,60.0,False,NONE
2023-09-02 03:00:00,REAL_DMA_01,1.0,3.4847146341463415,3.4847146341463415,3.51568,3.51568,0.098,53.025243076,-0.12896536585365861,15,15,41.0,60.0,False,NONE
2023-09-02 04:00:00,REAL_DMA_01,1.0,5.323553209876543,5.323553209876543,3.51568,3.51568,0.14400000000000002,55.06467550200001,1.663873209876543,15,15,27.0,60.0,False,NONE
2023-09-02 05:00:00,REAL_DMA_01,1.0,7.588819861111111,7.588819861111111,6.136159444444445,6.136159444444445,0.079,53.025243076,1.3736604166666664,15,15,36.0,36.0,False,NONE
2023-09-02 06:00:00,REAL_DMA_01,1.0,10.733418902439025,10.733418902439025,7.697724117647059,7.697724117647059,0.218,52.005526863,2.817694784791966,15,15,41.0,51.0,False,NONE
2023-09-02 07:00:00,REAL_DMA_01,1.0,10.843227325581395,10.843227325581395,8.300905192307692,8.300905192307692,0.064,50.985810650000005,2.4783221332737035,15,15,43.0,26.0,False,NONE
2023-09-02 08:00:00,REAL_DMA_01,1.0,11.500168591269842,11.500168591269842,8.283465892857143,8.283465892857143,0.303,50.985810650000005,2.9137026984127,15,15,42.0,28.0,False,NONE
2023-09-02 09:00:00,REAL_DMA_01,1.0,11.304399154471545,11.304399154471545,8.30842,8.30842,0.571,52.005526863,2.4249791544715453,15,15,41.0,13.0,False,NONE
2023-09-02 10:00:00,REAL_DMA_01,1.0,11.730647977777776,11.730647977777776,9.5446075,9.5446075,0.614,52.005526863,1.5720404777777768,15,15,45.0,34.0,False,NONE
2023-09-02 11:00:00,REAL_DMA_01,1.0,10.88907030952381,10.88907030952381,7.285269000000001,7.285269000000001,0.46799999999999997,50.985810650000005,3.135801309523808,15,15,35.0,40.0,False,NONE
2023-09-02 12:00:00,REAL_DMA_01,1.0,9.05216125,9.05216125,7.03136,7.03136,0.41600000000000004,50.985810650000005,1.604801249999999,15,15,32.0,60.0,False,NONE
2023-09-02 13:00:00,REAL_DMA_01,1.0,9.256558714285715,9.256558714285715,7.269826279069767,7.269826279069767,0.369,52.005526863,1.6177324352159477,15,15,35.0,43.0,False,NONE
2023-09-02 14:00:00,REAL_DMA_01,1.0,9.817601074561404,9.817601074561404,7.26085075,7.26085075,0.177,52.005526863,2.3797503245614036,15,15,38.0,40.0,False,NONE
2023-09-02 15:00:00,REAL_DMA_01,1.0,10.745689957264958,10.745689957264958,7.380669038461539,7.380669038461539,0.414,52.005526863,2.9510209188034184,15,15,39.0,52.0,False,NONE
2023-09-02 16:00:00,REAL_DMA_01,1.0,11.107377581300813,11.107377581300813,7.731236249999999,7.731236249999999,0.216,53.025243076,3.1601413313008138,15,15,41.0,24.0,False,NONE
2023-09-02 17:00:00,REAL_DMA_01,1.0,10.57181204074074,10.57181204074074,7.6173,7.6173,0.311,55.06467550200001,2.64351204074074,15,15,45.0,53.0,False,NONE
2023-09-02 18:00:00,REAL_DMA_01,1.0,9.361437719298245,9.361437719298245,7.6173,7.6173,0.272,55.06467550200001,1.4721377192982443,15,15,38.0,60.0,False,NONE
2023-09-02 19:00:00,REAL_DMA_01,1.0,8.75811281300813,8.75811281300813,7.6173,7.6173,0.31200000000000006,55.06467550200001,0.8288128130081305,15,15,41.0,60.0,False,NONE
2023-09-02 20:00:00,REAL_DMA_01,1.0,7.837541666666667,7.837541666666667,7.6173,7.6173,0.13,52.515384969500005,0.09024166666666644,15,15,32.0,60.0,False,NONE
2023-09-02 21:00:00,REAL_DMA_01,1.0,8.914140735294117,8.914140735294117,7.6173,7.6173,0.30900000000000005,52.005526863,0.9878407352941166,15,15,34.0,60.0,False,NONE
2023-09-02 22:00:00,REAL_DMA_01,1.0,6.6292374019607845,6.6292374019607845,6.612000980392158,6.612000980392158,0.034,53.025243076,-0.0167635784313733,15,15,34.0,51.0,False,NONE
2023-09-02 23:00:00,REAL_DMA_01,1.0,4.8143393269230765,4.8143393269230765,3.51568,3.51568,0.065,53.025243076,1.2336593269230764,15,15,26.0,60.0,False,NONE
2023-09-03 00:00:00,REAL_DMA_01,1.0,3.7797993939393937,3.7797993939393937,3.51568,3.51568,0.101,53.025243076,0.16311939393939354,15,15,22.0,60.0,False,NONE
2023-09-03 01:00:00,REAL_DMA_01,1.0,4.1094378,4.1094378,3.51568,3.51568,0.03,53.025243076,0.5637578000000001,15,15,25.0,60.0,False,NONE
2023-09-03 02:00:00,REAL_DMA_01,1.0,3.6019456666666665,3.6019456666666665,3.51568,3.51568,0.020000000000000004,53.025243076,0.06626566666666635,15,15,30.0,60.0,False,NONE
2023-09-03 03:00:00,REAL_DMA_01,1.0,3.630012642276423,3.630012642276423,3.51568,3.51568,0.049,53.025243076,0.06533264227642281,15,15,41.0,60.0,False,NONE
2023-09-03 04:00:00,REAL_DMA_01,1.0,4.821850416666666,4.821850416666666,3.51568,3.51568,0.056,56.084391715,1.2501704166666658,15,15,24.0,60.0,False,NONE
2023-09-03 05:00:00,REAL_DMA_01,1.0,7.479695404040404,7.479695404040404,4.870037105263158,4.870037105263158,0.10500000000000001,54.044959289000005,2.504658298777246,15,15,33.0,38.0,False,NONE
2023-09-03 06:00:00,REAL_DMA_01,1.0,10.150486022727272,10.150486022727272,7.748929782608696,7.748929782608696,0.223,52.005526863,2.178556240118576,15,15,44.0,46.0,False,NONE
2023-09-03 07:00:00,REAL_DMA_01,1.0,11.020184437984495,11.020184437984495,7.81262,7.81262,0.191,52.005526863,3.0165644379844956,15,15,43.0,60.0,False,NONE
2023-09-03 08:00:00,REAL_DMA_01,1.0,11.631998920454546,11.631998920454546,8.333460606060605,8.333460606060605,0.22899999999999998,53.025243076,3.0695383143939408,15,15,44.0,33.0,False,NONE
2023-09-03 09:00:00,REAL_DMA_01,1.0,10.762697175925926,10.762697175925926,8.04814205882353,8.04814205882353,0.402,53.025243076,2.312555117102396,15,15,36.0,51.0,False,NONE
2023-09-03 10:00:00,REAL_DMA_01,1.0,11.069040238095239,11.069040238095239,8.00793,8.00793,0.394,53.025243076,2.6671102380952387,15,15,42.0,60.0,False,NONE
2023-09-03 11:00:00,REAL_DMA_01,1.0,10.833855406504066,10.833855406504066,8.15101011627907,8.15101011627907,0.42700000000000005,52.005526863,2.2558452902249964,15,15,41.0,43.0,False,NONE
2023-09-03 12:00:00,REAL_DMA_01,1.0,11.143770445736434,11.143770445736434,8.721377638888889,8.721377638888889,0.32799999999999996,50.985810650000005,2.0943928068475457,15,15,43.0,36.0,False,NONE
2023-09-03 13:00:00,REAL_DMA_01,1.0,10.624562675438597,10.624562675438597,8.59388,8.59388,0.534,52.005526863,1.4966826754385962,15,15,38.0,60.0,False,NONE
2023-09-03 14:00:00,REAL_DMA_01,1.0,10.604655066666666,10.604655066666666,8.59388,8.59388,0.551,52.005526863,1.4597750666666656,15,15,45.0,60.0,False,NONE
2023-09-03 15:00:00,REAL_DMA_01,1.0,10.49101480620155,10.49101480620155,8.687781923076923,8.687781923076923,0.367,52.005526863,1.4362328831246272,15,15,43.0,52.0,False,NONE
2023-09-03 16:00:00,REAL_DMA_01,1.0,11.221622612612613,11.221622612612613,8.7892,8.7892,0.39,52.005526863,2.0424226126126137,15,15,37.0,60.0,False,NONE
2023-09-03 17:00:00,REAL_DMA_01,1.0,10.61702396031746,10.61702396031746,8.7892,8.7892,0.268,53.025243076,1.5598239603174615,15,15,42.0,60.0,False,NONE
2023-09-03 18:00:00,REAL_DMA_01,1.0,10.206250895833334,10.206250895833334,8.629755102040816,8.629755102040816,0.421,53.025243076,1.1554957937925174,15,15,40.0,49.0,False,NONE
2023-09-03 19:00:00,REAL_DMA_01,1.0,10.36396302173913,10.36396302173913,8.833298387096773,8.833298387096773,0.46699999999999997,52.005526863,1.0636646346423562,15,15,46.0,31.0,False,NONE
2023-09-03 20:00:00,REAL_DMA_01,1.0,10.632919148936171,10.632919148936171,9.094687435897436,9.094687435897436,0.213,50.985810650000005,1.3252317130387352,15,15,47.0,39.0,False,NONE
2023-09-03 21:00:00,REAL_DMA_01,1.0,8.606417364864866,8.606417364864866,9.128006530612245,9.128006530612245,0.299,50.985810650000005,-0.820589165747379,15,15,37.0,49.0,False,NONE
2023-09-03 22:00:00,REAL_DMA_01,1.0,5.383834444444444,5.383834444444444,4.88289,4.88289,0.17099999999999999,53.025243076,0.32994444444444443,15,15,27.0,53.0,False,NONE
2023-09-03 23:00:00,REAL_DMA_01,1.0,3.885381964285714,3.885381964285714,4.88289,4.88289,0.119,53.025243076,-1.1165080357142856,15,15,28.0,60.0,False,NONE
2023-09-04 00:00:00,REAL_DMA_01,1.0,3.5793042424242425,3.5793042424242425,4.88289,4.88289,0.034,53.025243076,-1.3375857575757573,15,15,22.0,60.0,False,NONE
2023-09-04 01:00:00,REAL_DMA_01,1.0,3.415693571428571,3.415693571428571,4.88289,4.88289,0.059000000000000004,53.025243076,-1.5261964285714285,15,15,21.0,60.0,False,NONE
2023-09-04 02:00:00,REAL_DMA_01,1.0,3.4145335119047617,3.4145335119047617,4.88289,4.88289,0.039,53.025243076,-1.507356488095238,15,15,28.0,60.0,False,NONE
2023-09-04 03:00:00,REAL_DMA_01,1.0,5.974693809523809,5.974693809523809,5.96526175925926,5.96526175925926,0.09399999999999999,52.005526863,-0.08456794973545069,15,15,49.0,36.0,False,NONE
2023-09-04 04:00:00,REAL_DMA_01,1.0,12.251536378472222,12.251536378472222,9.1095116,9.1095116,0.221,52.005526863,2.9210247784722227,15,15,48.0,25.0,False,NONE
2023-09-04 05:00:00,REAL_DMA_01,1.0,15.96078556862745,15.96078556862745,11.42130619047619,11.42130619047619,0.239,49.96609443700001,4.30047937815126,15,15,51.0,21.0,False,NONE
2023-09-04 06:00:00,REAL_DMA_01,1.0,14.973867623511905,14.973867623511905,12.578441826923077,12.578441826923077,0.356,50.985810650000005,2.0394257965888283,15,15,56.0,26.0,False,NONE
2023-09-04 07:00:00,REAL_DMA_01,1.0,14.096072209608844,14.096072209608844,12.379746500000001,12.379746500000001,0.112,50.985810650000005,1.6043257096088421,15,15,56.0,30.0,False,NONE
2023-09-04 08:00:00,REAL_DMA_01,1.0,13.787848907738095,13.787848907738095,11.50116256321839,11.50116256321839,0.163,50.985810650000005,2.123686344519705,15,15,56.0,29.0,False,NONE
2023-09-04 09:00:00,REAL_DMA_01,1.0,13.868601807881774,13.868601807881774,12.057925172413793,12.057925172413793,0.153,53.025243076,1.6576766354679813,15,15,58.0,29.0,False,NONE
2023-09-04 10:00:00,REAL_DMA_01,1.0,11.328637503472223,11.328637503472223,9.606334285714286,9.606334285714286,0.14100000000000001,53.025243076,1.5813032177579363,15,15,48.0,49.0,False,NONE
2023-09-04 11:00:00,REAL_DMA_01,1.0,14.96955762202381,14.96955762202381,11.921282297297298,11.921282297297298,0.17,52.005526863,2.8782753247265127,15,15,60.0,37.0,False,NONE
2023-09-04 12:00:00,REAL_DMA_01,1.0,12.483035363315697,12.483035363315697,10.724771,10.724771,0.417,52.005526863,1.3412643633156962,15,15,54.0,25.0,False,NONE
2023-09-04 13:00:00,REAL_DMA_01,1.0,11.233692350694445,11.233692350694445,9.974286486486488,9.974286486486488,0.216,53.025243076,1.0434058642079578,15,15,48.0,37.0,False,NONE
2023-09-04 14:00:00,REAL_DMA_01,1.0,11.564536836734693,11.564536836734693,10.19128517857143,10.19128517857143,0.354,53.025243076,1.0192516581632622,15,15,49.0,28.0,False,NONE
2023-09-04 15:00:00,REAL_DMA_01,1.0,10.933985357142857,10.933985357142857,7.885860416666667,7.885860416666667,0.634,53.025243076,2.414124940476191,15,15,42.0,24.0,False,NONE
2023-09-04 16:00:00,REAL_DMA_01,1.0,10.596324170940171,10.596324170940171,7.22667,7.22667,0.657,52.005526863,2.712654170940171,15,15,39.0,60.0,False,NONE
2023-09-04 17:00:00,REAL_DMA_01,1.0,10.579802346491228,10.579802346491228,7.722104146341463,7.722104146341463,0.615,52.005526863,2.242698200149764,15,15,38.0,41.0,False,NONE
2023-09-04 18:00:00,REAL_DMA_01,1.0,10.127921845238095,10.127921845238095,7.6173,7.6173,0.458,52.005526863,2.052621845238095,15,15,42.0,60.0,False,NONE
2023-09-04 19:00:00,REAL_DMA_01,1.0,10.111740058139535,10.111740058139535,7.6173,7.6173,0.206,52.005526863,2.288440058139535,15,15,43.0,60.0,False,NONE
2023-09-04 20:00:00,REAL_DMA_01,1.0,10.110498183760685,10.110498183760685,7.801349615384615,7.801349615384615,0.243,49.96609443700001,2.0661485683760694,15,15,39.0,52.0,False,NONE
2023-09-04 21:00:00,REAL_DMA_01,1.0,8.315199146341463,8.315199146341463,7.81262,7.81262,0.178,52.005526863,0.3245791463414633,15,15,41.0,59.0,False,NONE
2023-09-04 22:00:00,REAL_DMA_01,1.0,5.473919513888888,5.473919513888888,3.7898674999999997,3.7898674999999997,0.163,53.025243076,1.5210520138888886,15,15,24.0,52.0,False,NONE
2023-09-04 23:00:00,REAL_DMA_01,1.0,4.0202422222222225,4.0202422222222225,3.71099,3.71099,0.062,53.025243076,0.2472522222222227,15,15,18.0,59.0,False,NONE
2023-09-05 00:00:00,REAL_DMA_01,1.0,3.2516398148148147,3.2516398148148147,3.71099,3.71099,0.08,53.025243076,-0.5393501851851851,15,15,18.0,60.0,False,NONE
2023-09-05 01:00:00,REAL_DMA_01,1.0,3.582541531531531,3.582541531531531,3.71099,3.71099,0.06,53.025243076,-0.18844846846846858,15,15,37.0,60.0,False,NONE
2023-09-05 02:00:00,REAL_DMA_01,1.0,3.08299875,3.08299875,3.71099,3.71099,0.018,52.005526863,-0.64599125,15,15,36.0,59.0,False,NONE
2023-09-05 03:00:00,REAL_DMA_01,1.0,4.797015258620689,4.797015258620689,3.71099,3.71099,0.084,52.005526863,1.0020252586206895,15,15,29.0,60.0,False,NONE
2023-09-05 04:00:00,REAL_DMA_01,1.0,11.019972878787879,11.019972878787879,8.174977105263158,8.174977105263158,0.23299999999999998,53.025243076,2.6119957735247206,15,15,44.0,38.0,False,NONE
2023-09-05 05:00:00,REAL_DMA_01,1.0,16.936740814102563,16.936740814102563,14.351933076923077,14.351933076923077,0.20600000000000002,49.96609443700001,2.378807737179487,15,15,52.0,26.0,False,NONE
2023-09-05 06:00:00,REAL_DMA_01,1.0,14.842752943301049,14.842752943301049,11.943199324561403,11.943199324561403,0.373,50.985810650000005,2.526553618739645,15,15,59.0,38.0,False,NONE
2023-09-05 07:00:00,REAL_DMA_01,1.0,12.854381245057088,12.854381245057088,11.025679259259258,11.025679259259258,0.184,51.4956687565,1.6447019857978298,15,15,57.0,27.0,False,NONE
2023-09-05 08:00:00,REAL_DMA_01,1.0,13.400216298076923,13.400216298076923,10.988304074074074,10.988304074074074,0.305,50.985810650000005,2.106912224002849,15,15,52.0,27.0,False,NONE
2023-09-05 09:00:00,REAL_DMA_01,1.0,13.488351481456043,13.488351481456043,11.892154166666668,11.892154166666668,0.218,50.985810650000005,1.3781973147893751,15,15,52.0,28.0,False,NONE
2023-09-05 10:00:00,REAL_DMA_01,1.0,11.911307901960786,11.911307901960786,9.910452037037036,9.910452037037036,0.236,52.005526863,1.76485586492375,15,15,51.0,27.0,False,NONE
2023-09-05 11:00:00,REAL_DMA_01,1.0,13.682662651785716,13.682662651785716,11.593239907407407,11.593239907407407,0.182,50.985810650000005,1.9074227443783092,15,15,56.0,36.0,False,NONE
2023-09-05 12:00:00,REAL_DMA_01,1.0,12.496858203703702,12.496858203703702,10.74707752688172,10.74707752688172,0.131,50.985810650000005,1.6187806768219828,15,15,54.0,31.0,False,NONE
2023-09-05 13:00:00,REAL_DMA_01,1.0,11.196071673913044,11.196071673913044,9.277485250000002,9.277485250000002,0.382,52.005526863,1.5365864239130427,15,15,46.0,20.0,False,NONE
2023-09-05 14:00:00,REAL_DMA_01,1.0,11.4020297,11.4020297,8.9806062,8.9806062,0.20299999999999999,53.025243076,2.2184234999999997,15,15,50.0,25.0,False,NONE
2023-09-05 15:00:00,REAL_DMA_01,1.0,12.802835580128205,12.802835580128205,9.870407142857143,9.870407142857143,0.509,54.044959289000005,2.423428437271062,15,15,52.0,28.0,False,NONE
2023-09-05 16:00:00,REAL_DMA_01,1.0,11.85753609469697,11.85753609469697,9.231225789473685,9.231225789473685,0.702,54.044959289000005,1.924310305223285,15,15,44.0,19.0,False,NONE
2023-09-05 17:00:00,REAL_DMA_01,1.0,11.225994366666667,11.225994366666667,9.794497352941177,9.794497352941177,0.435,53.025243076,0.9964970137254903,15,15,55.0,17.0,False,NONE
2023-09-05 18:00:00,REAL_DMA_01,1.0,11.360283081395348,11.360283081395348,9.243810689655174,9.243810689655174,0.412,53.025243076,1.7044723917401745,15,15,43.0,29.0,False,NONE
2023-09-05 19:00:00,REAL_DMA_01,1.0,11.057447629251701,11.057447629251701,8.851589027777779,8.851589027777779,0.28700000000000003,53.025243076,1.9188586014739224,15,15,49.0,36.0,False,NONE
2023-09-05 20:00:00,REAL_DMA_01,1.0,11.44362150406504,11.44362150406504,8.761851400000001,8.761851400000001,0.382,50.985810650000005,2.2997701040650393,15,15,41.0,50.0,False,NONE
2023-09-05 21:00:00,REAL_DMA_01,1.0,9.958946418699187,9.958946418699187,8.348694680851063,8.348694680851063,0.40700000000000003,52.005526863,1.2032517378481238,15,15,41.0,47.0,False,NONE
2023-09-05 22:00:00,REAL_DMA_01,1.0,5.976111722222223,5.976111722222223,5.562733461538461,5.562733461538461,0.225,53.025243076,0.18837826068376148,15,15,30.0,52.0,False,NONE
2023-09-05 23:00:00,REAL_DMA_01,1.0,4.811450925925926,4.811450925925926,3.90631,3.90631,0.067,53.025243076,0.838140925925926,15,15,27.0,60.0,False,NONE
2023-09-06 00:00:00,REAL_DMA_01,1.0,3.9682825,3.9682825,3.90631,3.90631,0.038,54.044959289000005,0.023972499999999987,15,15,26.0,60.0,False,NONE
2023-09-06 01:00:00,REAL_DMA_01,1.0,3.876716111111111,3.876716111111111,3.90631,3.90631,0.047,54.044959289000005,-0.07659388888888892,15,15,33.0,59.0,False,NONE
2023-09-06 02:00:00,REAL_DMA_01,1.0,3.816790972222222,3.816790972222222,3.90631,3.90631,0.061,53.025243076,-0.15051902777777798,15,15,36.0,59.0,False,NONE
2023-09-06 03:00:00,REAL_DMA_01,1.0,5.154262403846153,5.154262403846153,3.90631,3.90631,0.083,53.025243076,1.1649524038461532,15,15,26.0,60.0,False,NONE
2023-09-06 04:00:00,REAL_DMA_01,1.0,12.515563407407406,12.515563407407406,7.27697893939394,7.27697893939394,0.201,52.005526863,5.037584468013466,15,15,45.0,33.0,False,NONE
2023-09-06 05:00:00,REAL_DMA_01,1.0,17.574398824242426,17.574398824242426,13.763232416666668,13.763232416666668,0.23800000000000002,49.96609443700001,3.573166407575758,15,15,55.0,20.0,False,NONE
2023-09-06 06:00:00,REAL_DMA_01,1.0,14.035187324561404,14.035187324561404,12.843010520833333,12.843010520833333,0.461,52.005526863,0.7311768037280706,15,15,57.0,32.0,False,NONE
2023-09-06 07:00:00,REAL_DMA_01,1.0,13.119425753679653,13.119425753679653,10.491425694444445,10.491425694444445,0.108,52.005526863,2.5200000592352088,15,15,55.0,36.0,False,NONE
2023-09-06 08:00:00,REAL_DMA_01,1.0,12.564342432458698,12.564342432458698,10.0157794,10.0157794,0.339,52.005526863,2.2095630324586986,15,15,49.0,25.0,False,NONE
2023-09-06 09:00:00,REAL_DMA_01,1.0,13.043257640804597,13.043257640804597,10.647949257575757,10.647949257575757,0.223,50.985810650000005,2.172308383228841,15,15,58.0,33.0,False,NONE
2023-09-06 10:00:00,REAL_DMA_01,1.0,10.797292221088437,10.797292221088437,8.890607884615385,8.890607884615385,0.275,52.515384969500005,1.6316843364730524,15,15,49.0,26.0,False,NONE
2023-09-06 11:00:00,REAL_DMA_01,1.0,10.960718936323367,10.960718936323367,8.91289688888889,8.91289688888889,0.363,52.005526863,1.6848220474344777,15,15,43.0,30.0,False,NONE
2023-09-06 12:00:00,REAL_DMA_01,1.0,11.96351712121212,11.96351712121212,10.921917096774193,10.921917096774193,0.121,50.985810650000005,0.920600024437928,15,15,55.0,31.0,False,NONE
2023-09-06 13:00:00,REAL_DMA_01,1.0,11.085781079861112,11.085781079861112,8.776990625,8.776990625,0.15,52.005526863,2.1587904548611125,15,15,48.0,24.0,False,NONE
2023-09-06 14:00:00,REAL_DMA_01,1.0,10.694388528368794,10.694388528368794,8.511847600000001,8.511847600000001,0.231,50.985810650000005,1.9515409283687928,15,15,47.0,50.0,False,NONE
2023-09-06 15:00:00,REAL_DMA_01,1.0,10.867640697674418,10.867640697674418,8.520176226415094,8.520176226415094,0.39,52.005526863,1.9574644712593234,15,15,43.0,53.0,False,NONE
2023-09-06 16:00:00,REAL_DMA_01,1.0,10.411738802083333,10.411738802083333,8.7892,8.7892,0.271,52.005526863,1.3515388020833337,15,15,32.0,58.0,False,NONE
2023-09-06 17:00:00,REAL_DMA_01,1.0,10.40328687121212,10.40328687121212,8.7892,8.7892,0.34199999999999997,52.005526863,1.2720868712121214,15,15,44.0,60.0,False,NONE
2023-09-06 18:00:00,REAL_DMA_01,1.0,9.498528037634408,9.498528037634408,8.7892,8.7892,0.42800000000000005,52.005526863,0.2813280376344086,15,15,31.0,60.0,False,NONE
2023-09-06 19:00:00,REAL_DMA_01,1.0,10.047202170542636,10.047202170542636,8.7892,8.7892,0.231,53.025243076,1.027002170542637,15,15,43.0,60.0,False,NONE
2023-09-06 20:00:00,REAL_DMA_01,1.0,9.834831357142859,9.834831357142859,8.7892,8.7892,0.351,50.985810650000005,0.6946313571428595,15,15,35.0,60.0,False,NONE
2023-09-06 21:00:00,REAL_DMA_01,1.0,8.395758908045977,8.395758908045977,6.762799464285714,6.762799464285714,0.16999999999999998,50.985810650000005,1.4629594437602629,15,15,29.0,28.0,False,NONE
2023-09-06 22:00:00,REAL_DMA_01,1.0,5.3555492000000005,5.3555492000000005,5.66415,5.66415,0.075,53.025243076,-0.3836007999999998,15,15,25.0,60.0,False,NONE
2023-09-06 23:00:00,REAL_DMA_01,1.0,3.8976277777777777,3.8976277777777777,5.66415,5.66415,0.046,53.025243076,-1.8125222222222226,15,15,15.0,60.0,False,NONE
2023-09-07 00:00:00,REAL_DMA_01,1.0,3.193408,3.193408,2.9034375,2.9034375,0.027999999999999997,53.025243076,0.2619704999999999,15,15,20.0,52.0,False,NONE
2023-09-07 01:00:00,REAL_DMA_01,1.0,3.3168748214285713,3.3168748214285713,1.56252,1.56252,0.028,53.025243076,1.7263548214285713,15,15,28.0,59.0,False,NONE
2023-09-07 02:00:00,REAL_DMA_01,1.0,3.1472420454545453,3.1472420454545453,1.56252,1.56252,0.022,53.025243076,1.5627220454545454,15,15,22.0,59.0,False,NONE
2023-09-07 03:00:00,REAL_DMA_01,1.0,4.565253737373737,4.565253737373737,4.4809874999999995,4.4809874999999995,0.063,53.025243076,0.02126623737373795,15,15,33.0,52.0,False,NONE
2023-09-07 04:00:00,REAL_DMA_01,1.0,11.38041730072464,11.38041730072464,7.583894210526315,7.583894210526315,0.15599999999999997,53.025243076,3.640523090198324,15,15,46.0,38.0,False,NONE
2023-09-07 05:00:00,REAL_DMA_01,1.0,16.626828272108842,16.626828272108842,12.36184277777778,12.36184277777778,0.292,52.005526863,3.9729854943310627,15,15,49.0,24.0,False,NONE
2023-09-07 06:00:00,REAL_DMA_01,1.0,14.11799959404762,14.11799959404762,11.854279561403509,11.854279561403509,0.399,53.025243076,1.8647200326441107,15,15,60.0,38.0,False,NONE
2023-09-07 07:00:00,REAL_DMA_01,1.0,14.0736598358396,14.0736598358396,11.9213653125,11.9213653125,0.28300000000000003,53.025243076,1.8692945233395988,15,15,57.0,32.0,False,NONE
2023-09-07 08:00:00,REAL_DMA_01,1.0,12.708283964633807,12.708283964633807,11.051121911764705,11.051121911764705,0.319,53.025243076,1.3381620528691025,15,15,57.0,34.0,False,NONE
2023-09-07 09:00:00,REAL_DMA_01,1.0,13.815297605121293,13.815297605121293,10.503820114942528,10.503820114942528,0.325,53.025243076,2.986477490178765,15,15,53.0,29.0,False,NONE
2023-09-07 10:00:00,REAL_DMA_01,1.0,12.800420232264335,12.800420232264335,10.984372391304348,10.984372391304348,0.307,53.025243076,1.5090478409599872,15,15,49.0,23.0,False,NONE
2023-09-07 11:00:00,REAL_DMA_01,1.0,12.801977611859838,12.801977611859838,10.26429180952381,10.26429180952381,0.256,52.005526863,2.2816858023360282,15,15,53.0,35.0,False,NONE
2023-09-07 12:00:00,REAL_DMA_01,1.0,12.301212847222223,12.301212847222223,10.320649545454545,10.320649545454545,0.262,49.96609443700001,1.7185633017676776,15,15,48.0,22.0,False,NONE
2023-09-07 13:00:00,REAL_DMA_01,1.0,11.961741462121212,11.961741462121212,10.35172,10.35172,0.187,53.025243076,1.423021462121212,15,15,44.0,57.0,False,NONE
2023-09-07 14:00:00,REAL_DMA_01,1.0,12.501705348837207,12.501705348837207,10.160164807692308,10.160164807692308,0.25,52.005526863,2.0915405411448997,15,15,43.0,52.0,False,NONE
2023-09-07 15:00:00,REAL_DMA_01,1.0,10.623849150537634,10.623849150537634,9.676038648648648,9.676038648648648,0.129,53.025243076,0.818810501888986,15,15,31.0,37.0,False,NONE
2023-09-07 16:00:00,REAL_DMA_01,1.0,11.117982189542484,11.117982189542484,7.648145789473685,7.648145789473685,0.40800000000000003,53.025243076,3.0618364000687994,15,15,51.0,19.0,False,NONE
2023-09-07 17:00:00,REAL_DMA_01,1.0,9.810534351851851,9.810534351851851,6.859961428571428,6.859961428571428,0.319,53.025243076,2.631572923280423,15,15,36.0,49.0,False,NONE
2023-09-07 18:00:00,REAL_DMA_01,1.0,10.10800451754386,10.10800451754386,7.899888510638298,7.899888510638298,0.354,53.025243076,1.8541160069055618,15,15,38.0,47.0,False,NONE
2023-09-07 19:00:00,REAL_DMA_01,1.0,10.000423392857144,10.000423392857144,7.81262,7.81262,0.31,53.025243076,1.8778033928571438,15,15,42.0,52.0,False,NONE
2023-09-07 20:00:00,REAL_DMA_01,1.0,9.99923734375,9.99923734375,7.81262,7.81262,0.13,50.985810650000005,2.05661734375,15,15,32.0,60.0,False,NONE
2023-09-07 21:00:00,REAL_DMA_01,1.0,8.675262638888888,8.675262638888888,6.6294575,6.6294575,0.11900000000000001,50.985810650000005,1.9268051388888885,15,15,36.0,52.0,False,NONE
2023-09-07 22:00:00,REAL_DMA_01,1.0,6.098375535714285,6.098375535714285,3.71099,3.71099,0.114,53.025243076,2.2733855357142856,15,15,28.0,60.0,False,NONE
2023-09-07 23:00:00,REAL_DMA_01,1.0,4.2547440740740745,4.2547440740740745,3.71099,3.71099,0.056999999999999995,54.044959289000005,0.4867540740740747,15,15,27.0,60.0,False,NONE
2023-09-08 00:00:00,REAL_DMA_01,1.0,4.3731420454545455,4.3731420454545455,3.71099,3.71099,0.026,53.025243076,0.6361520454545457,15,15,22.0,60.0,False,NONE
2023-09-08 01:00:00,REAL_DMA_01,1.0,3.6887981818181816,3.6887981818181816,3.3129896226415094,3.3129896226415094,0.017,53.025243076,0.3588085591766722,15,15,22.0,53.0,False,NONE
2023-09-08 02:00:00,REAL_DMA_01,1.0,4.021955789473684,4.021955789473684,2.5391,2.5391,0.016,53.025243076,1.466855789473684,15,15,19.0,60.0,False,NONE
2023-09-08 03:00:00,REAL_DMA_01,1.0,5.453911250000001,5.453911250000001,2.5391,2.5391,0.045,52.005526863,2.869811250000001,15,15,18.0,58.0,False,NONE
2023-09-08 04:00:00,REAL_DMA_01,1.0,11.75612619512195,11.75612619512195,7.461053714285715,7.461053714285715,0.17300000000000001,52.005526863,4.122072480836236,15,15,41.0,35.0,False,NONE
2023-09-08 05:00:00,REAL_DMA_01,1.0,15.959362169000935,15.959362169000935,12.150512903225808,12.150512903225808,0.184,50.985810650000005,3.6248492657751266,15,15,51.0,31.0,False,NONE
2023-09-08 06:00:00,REAL_DMA_01,1.0,14.844734454144621,14.844734454144621,11.374074895833333,11.374074895833333,0.51,50.985810650000005,2.9606595583112885,15,15,54.0,32.0,False,NONE
2023-09-08 07:00:00,REAL_DMA_01,1.0,14.367458738505748,14.367458738505748,12.575526821428571,12.575526821428571,0.28400000000000003,50.985810650000005,1.5079319170771768,15,15,58.0,28.0,False,NONE
2023-09-08 08:00:00,REAL_DMA_01,1.0,13.487179335978837,13.487179335978837,12.323322444444445,12.323322444444445,0.136,50.985810650000005,1.027856891534392,15,15,54.0,30.0,False,NONE
2023-09-08 09:00:00,REAL_DMA_01,1.0,14.053136089710886,14.053136089710886,12.193957469135803,12.193957469135803,0.17200000000000001,52.005526863,1.687178620575083,15,15,56.0,27.0,False,NONE
2023-09-08 10:00:00,REAL_DMA_01,1.0,12.042857916666666,12.042857916666666,10.334737391304348,10.334737391304348,0.314,53.025243076,1.3941205253623181,15,15,52.0,23.0,False,NONE
2023-09-08 11:00:00,REAL_DMA_01,1.0,11.599904782679738,11.599904782679738,9.847806400000001,9.847806400000001,0.193,53.025243076,1.5590983826797369,15,15,51.0,25.0,False,NONE
2023-09-08 12:00:00,REAL_DMA_01,1.0,12.426233199186992,12.426233199186992,10.372068125,10.372068125,0.203,52.005526863,1.8511650741869918,15,15,41.0,24.0,False,NONE
2023-09-08 13:00:00,REAL_DMA_01,1.0,10.229198907801418,10.229198907801418,7.924427391304348,7.924427391304348,0.366,53.025243076,1.9387715164970705,15,15,47.0,46.0,False,NONE
2023-09-08 14:00:00,REAL_DMA_01,1.0,10.307695264227641,10.307695264227641,7.507440416666667,7.507440416666667,0.092,53.025243076,2.708254847560974,15,15,41.0,48.0,False,NONE
2023-09-08 15:00:00,REAL_DMA_01,1.0,10.155334364035088,10.155334364035088,7.468695869565217,7.468695869565217,0.11399999999999999,53.025243076,2.5726384944698717,15,15,38.0,46.0,False,NONE
2023-09-08 16:00:00,REAL_DMA_01,1.0,9.526769824561404,9.526769824561404,7.42199,7.42199,0.46900000000000003,52.005526863,1.6357798245614037,15,15,38.0,60.0,False,NONE
2023-09-08 17:00:00,REAL_DMA_01,1.0,9.829209572649573,9.829209572649573,7.42199,7.42199,0.5720000000000001,53.025243076,1.8352195726495726,15,15,39.0,60.0,False,NONE
2023-09-08 18:00:00,REAL_DMA_01,1.0,8.76677137037037,8.76677137037037,7.42199,7.42199,0.496,54.044959289000005,0.8487813703703693,15,15,45.0,60.0,False,NONE
2023-09-08 19:00:00,REAL_DMA_01,1.0,8.459635131944443,8.459635131944443,7.42199,7.42199,0.416,54.044959289000005,0.6216451319444434,15,15,48.0,58.0,False,NONE
2023-09-08 20:00:00,REAL_DMA_01,1.0,8.989432596899226,8.989432596899226,7.42199,7.42199,0.27099999999999996,52.005526863,1.296442596899226,15,15,43.0,60.0,False,NONE
2023-09-08 21:00:00,REAL_DMA_01,1.0,8.026753723958333,8.026753723958333,7.42199,7.42199,0.251,50.985810650000005,0.35376372395833255,15,15,32.0,58.0,False,NONE
2023-09-08 22:00:00,REAL_DMA_01,1.0,5.908293333333334,5.908293333333334,5.607807500000001,5.607807500000001,0.128,53.025243076,0.17248583333333312,15,15,21.0,52.0,False,NONE
2023-09-08 23:00:00,REAL_DMA_01,1.0,4.403986153846153,4.403986153846153,3.32036,3.32036,0.139,53.025243076,0.9446261538461533,15,15,26.0,58.0,False,NONE
2023-09-09 00:00:00,REAL_DMA_01,1.0,3.53246171875,3.53246171875,3.32036,3.32036,0.052,53.025243076,0.16010171875000007,15,15,32.0,60.0,False,NONE
2023-09-09 01:00:00,REAL_DMA_01,1.0,3.2202635,3.2202635,3.32036,3.32036,0.095,52.005526863,-0.1950964999999998,15,15,20.0,60.0,False,NONE
2023-09-09 02:00:00,REAL_DMA_01,1.0,3.4579715909090907,3.4579715909090907,3.32036,3.32036,0.034,53.025243076,0.1036115909090907,15,15,22.0,60.0,False,NONE
2023-09-09 03:00:00,REAL_DMA_01,1.0,3.7197126785714287,3.7197126785714287,3.32036,3.32036,0.027,53.025243076,0.37235267857142873,15,15,28.0,60.0,False,NONE
2023-09-09 04:00:00,REAL_DMA_01,1.0,4.890762741935483,4.890762741935483,3.32036,3.32036,0.18000000000000002,55.06467550200001,1.3904027419354834,15,15,31.0,58.0,False,NONE
2023-09-09 05:00:00,REAL_DMA_01,1.0,7.557497248062015,7.557497248062015,4.787732051282052,4.787732051282052,0.151,54.044959289000005,2.6187651967799637,15,15,43.0,39.0,False,NONE
2023-09-09 06:00:00,REAL_DMA_01,1.0,10.769328913022353,10.769328913022353,8.66201465116279,8.66201465116279,0.244,52.005526863,1.8633142618595622,15,15,49.0,43.0,False,NONE
2023-09-09 07:00:00,REAL_DMA_01,1.0,12.486627261904763,12.486627261904763,10.969166774193548,10.969166774193548,0.213,52.005526863,1.3044604877112151,15,15,42.0,31.0,False,NONE
2023-09-09 08:00:00,REAL_DMA_01,1.0,11.915600436507937,11.915600436507937,11.044627142857143,11.044627142857143,0.359,50.985810650000005,0.5119732936507937,15,15,42.0,42.0,False,NONE
2023-09-09 09:00:00,REAL_DMA_01,1.0,11.979681326530612,11.979681326530612,8.447395,8.447395,0.486,52.005526863,3.0462863265306117,15,15,49.0,32.0,False,NONE
2023-09-09 10:00:00,REAL_DMA_01,1.0,10.479670138888888,10.479670138888888,7.58758152173913,7.58758152173913,0.895,53.025243076,1.9970886171497582,15,15,36.0,46.0,False,NONE
2023-09-09 11:00:00,REAL_DMA_01,1.0,10.45162964539007,10.45162964539007,8.433036862745098,8.433036862745098,0.473,53.025243076,1.545592782644973,15,15,47.0,51.0,False,NONE
2023-09-09 12:00:00,REAL_DMA_01,1.0,10.147109455555556,10.147109455555556,8.821750555555555,8.821750555555555,0.434,53.025243076,0.8913589000000013,15,15,45.0,36.0,False,NONE
2023-09-09 13:00:00,REAL_DMA_01,1.0,9.631140398550725,9.631140398550725,8.477447307692307,8.477447307692307,0.17700000000000002,53.025243076,0.9766930908584182,15,15,46.0,52.0,False,NONE
2023-09-09 14:00:00,REAL_DMA_01,1.0,10.395785894308943,10.395785894308943,8.39857,8.39857,0.536,53.025243076,1.461215894308944,15,15,41.0,60.0,False,NONE
2023-09-09 15:00:00,REAL_DMA_01,1.0,10.51448375,10.51448375,8.39857,8.39857,0.219,53.025243076,1.8969137500000006,15,15,48.0,58.0,False,NONE
2023-09-09 16:00:00,REAL_DMA_01,1.0,11.264646279761905,11.264646279761905,8.916578260869565,8.916578260869565,0.356,53.025243076,1.9920680188923399,15,15,56.0,23.0,False,NONE
2023-09-09 17:00:00,REAL_DMA_01,1.0,9.831001391666666,9.831001391666666,6.870763111111111,6.870763111111111,0.33,55.06467550200001,2.630238280555555,15,15,40.0,45.0,False,NONE
2023-09-09 18:00:00,REAL_DMA_01,1.0,8.827234438405796,8.827234438405796,6.83604,6.83604,0.273,54.044959289000005,1.718194438405796,15,15,46.0,60.0,False,NONE
2023-09-09 19:00:00,REAL_DMA_01,1.0,8.555961294326242,8.555961294326242,6.83604,6.83604,0.374,54.044959289000005,1.3459212943262417,15,15,47.0,59.0,False,NONE
2023-09-09 20:00:00,REAL_DMA_01,1.0,8.630908791666666,8.630908791666666,6.83604,6.83604,0.367,52.005526863,1.4278687916666666,15,15,40.0,60.0,False,NONE
2023-09-09 21:00:00,REAL_DMA_01,1.0,7.332468333333333,7.332468333333333,6.83604,6.83604,0.316,52.005526863,0.18042833333333325,15,15,34.0,60.0,False,NONE
2023-09-09 22:00:00,REAL_DMA_01,1.0,6.626774714285714,6.626774714285714,6.83604,6.83604,0.161,52.005526863,-0.3702652857142854,15,15,35.0,60.0,False,NONE
2023-09-09 23:00:00,REAL_DMA_01,1.0,5.2843688095238095,5.2843688095238095,4.78523,4.78523,0.16999999999999998,52.005526863,0.3291388095238092,15,15,21.0,51.0,False,NONE
2023-09-10 00:00:00,REAL_DMA_01,1.0,3.8643657692307696,3.8643657692307696,2.73442,2.73442,0.006,53.025243076,1.1239457692307695,15,15,26.0,60.0,False,NONE
2023-09-10 01:00:00,REAL_DMA_01,1.0,3.908187307692308,3.908187307692308,2.73442,2.73442,0.108,53.025243076,1.0657673076923078,15,15,26.0,60.0,False,NONE
2023-09-10 02:00:00,REAL_DMA_01,1.0,3.2078445652173913,3.2078445652173913,2.73442,2.73442,0.049999999999999996,53.025243076,0.4234245652173912,15,15,23.0,60.0,False,NONE
2023-09-10 03:00:00,REAL_DMA_01,1.0,3.3662468783783783,3.3662468783783783,2.73442,2.73442,0.032,53.025243076,0.5998268783783782,15,15,37.0,60.0,False,NONE
2023-09-10 04:00:00,REAL_DMA_01,1.0,4.191145166666667,4.191145166666667,2.73442,2.73442,0.106,55.06467550200001,1.3507251666666666,15,15,30.0,60.0,False,NONE
2023-09-10 05:00:00,REAL_DMA_01,1.0,6.251808859649123,6.251808859649123,3.1304744444444443,3.1304744444444443,0.108,55.06467550200001,3.0133344152046786,15,15,38.0,36.0,False,NONE
2023-09-10 06:00:00,REAL_DMA_01,1.0,9.159915319148935,9.159915319148935,7.035601739130435,7.035601739130435,0.153,53.025243076,1.9713135800184998,15,15,47.0,46.0,False,NONE
2023-09-10 07:00:00,REAL_DMA_01,1.0,12.118364454545455,12.118364454545455,11.061960606060607,11.061960606060607,0.226,53.025243076,0.8304038484848482,15,15,44.0,33.0,False,NONE
2023-09-10 08:00:00,REAL_DMA_01,1.0,11.893812287234041,11.893812287234041,9.379210208333333,9.379210208333333,0.354,54.044959289000005,2.160602078900708,15,15,47.0,24.0,False,NONE
2023-09-10 09:00:00,REAL_DMA_01,1.0,11.248843078231294,11.248843078231294,8.052689895833334,8.052689895833334,0.41000000000000003,54.044959289000005,2.7861531823979604,15,15,49.0,48.0,False,NONE
2023-09-10 10:00:00,REAL_DMA_01,1.0,11.512310453703705,11.512310453703705,8.247027068965517,8.247027068965517,0.412,54.044959289000005,2.853283384738188,15,15,54.0,29.0,False,NONE
2023-09-10 11:00:00,REAL_DMA_01,1.0,11.044046964814815,11.044046964814815,8.456011078431372,8.456011078431372,0.33599999999999997,52.515384969500005,2.252035886383443,15,15,45.0,34.0,False,NONE
2023-09-10 12:00:00,REAL_DMA_01,1.0,10.205941449275361,10.205941449275361,8.00793,8.00793,0.295,52.005526863,1.9030114492753611,15,15,46.0,60.0,False,NONE
2023-09-10 13:00:00,REAL_DMA_01,1.0,10.015083205128205,10.015083205128205,8.00793,8.00793,0.302,52.515384969500005,1.7051532051282048,15,15,52.0,59.0,False,NONE
2023-09-10 14:00:00,REAL_DMA_01,1.0,10.973320079365081,10.973320079365081,8.00793,8.00793,0.395,52.005526863,2.570390079365081,15,15,42.0,59.0,False,NONE
2023-09-10 15:00:00,REAL_DMA_01,1.0,10.753864268292682,10.753864268292682,7.546503250000001,7.546503250000001,0.39499999999999996,53.025243076,2.8123610182926817,15,15,41.0,40.0,False,NONE
2023-09-10 16:00:00,REAL_DMA_01,1.0,10.6791991,10.6791991,7.998169250000001,7.998169250000001,0.22399999999999998,53.025243076,2.4570298499999987,15,15,50.0,20.0,False,NONE
2023-09-10 17:00:00,REAL_DMA_01,1.0,10.967013333333334,10.967013333333334,7.320571730769231,7.320571730769231,0.305,53.025243076,3.3414416025641027,15,15,33.0,52.0,False,NONE
2023-09-10 18:00:00,REAL_DMA_01,1.0,11.139764912037037,11.139764912037037,8.13000375,8.13000375,0.276,53.025243076,2.7337611620370375,15,15,36.0,40.0,False,NONE
2023-09-10 19:00:00,REAL_DMA_01,1.0,11.330549627659574,11.330549627659574,8.316323684210527,8.316323684210527,0.46799999999999997,52.005526863,2.5462259434490466,15,15,47.0,38.0,False,NONE
2023-09-10 20:00:00,REAL_DMA_01,1.0,10.35078969047619,10.35078969047619,8.00793,8.00793,0.308,49.96609443700001,2.034859690476191,15,15,35.0,60.0,False,NONE
2023-09-10 21:00:00,REAL_DMA_01,1.0,8.153968333333333,8.153968333333333,8.00793,8.00793,0.291,50.985810650000005,-0.1449616666666667,15,15,36.0,60.0,False,NONE
2023-09-10 22:00:00,REAL_DMA_01,1.0,5.568751574074074,5.568751574074074,4.587916530612245,4.587916530612245,0.169,53.025243076,0.8118350434618296,15,15,36.0,49.0,False,NONE
2023-09-10 23:00:00,REAL_DMA_01,1.0,4.178623076923077,4.178623076923077,3.7109899999999993,3.7109899999999993,0.089,54.044959289000005,0.37863307692307746,15,15,26.0,54.0,False,NONE
2023-09-11 00:00:00,REAL_DMA_01,1.0,3.2817064583333333,3.2817064583333333,3.71099,3.71099,0.082,53.5351011825,-0.5112835416666665,15,15,24.0,56.0,False,NONE
2023-09-11 01:00:00,REAL_DMA_01,1.0,3.6394501162790696,3.6394501162790696,3.71099,3.71099,0.04,53.025243076,-0.11153988372093024,15,15,43.0,60.0,False,NONE
2023-09-11 02:00:00,REAL_DMA_01,1.0,3.7885426470588235,3.7885426470588235,3.71099,3.71099,0.056,53.025243076,0.021552647058823697,15,15,34.0,58.0,False,NONE
2023-09-11 03:00:00,REAL_DMA_01,1.0,5.716825424242424,5.716825424242424,4.524805697674418,4.524805697674418,0.068,52.005526863,1.1240197265680059,15,15,33.0,43.0,False,NONE
2023-09-11 04:00:00,REAL_DMA_01,1.0,10.81118808008658,10.81118808008658,9.310038666666665,9.310038666666665,0.195,52.005526863,1.306149413419915,15,15,55.0,30.0,False,NONE
2023-09-11 05:00:00,REAL_DMA_01,1.0,15.170044880485527,15.170044880485527,12.005983686868689,12.005983686868689,0.209,49.96609443700001,2.9550611936168383,15,15,51.0,33.0,False,NONE
2023-09-11 06:00:00,REAL_DMA_01,1.0,14.779413710526315,14.779413710526315,12.559121666666666,12.559121666666666,0.514,52.005526863,1.706292043859649,15,15,57.0,29.0,False,NONE
2023-09-11 07:00:00,REAL_DMA_01,1.0,13.733666078391735,13.733666078391735,11.5589733908046,11.5589733908046,0.269,50.985810650000005,1.9056926875871358,15,15,53.0,29.0,False,NONE
2023-09-11 08:00:00,REAL_DMA_01,1.0,14.334347728835978,14.334347728835978,12.050033095238094,12.050033095238094,0.152,50.985810650000005,2.1323146335978835,15,15,54.0,35.0,False,NONE
2023-09-11 09:00:00,REAL_DMA_01,1.0,12.992360573554421,12.992360573554421,10.257318,10.257318,0.287,50.985810650000005,2.448042573554422,15,15,56.0,30.0,False,NONE
2023-09-11 10:00:00,REAL_DMA_01,1.0,11.656434009433962,11.656434009433962,8.695157037037037,8.695157037037037,0.211,52.005526863,2.7502769723969256,15,15,53.0,27.0,False,NONE
2023-09-11 11:00:00,REAL_DMA_01,1.0,13.415874273809525,13.415874273809525,11.662542916666666,11.662542916666666,0.49200000000000005,50.985810650000005,1.2613313571428586,15,15,54.0,28.0,False,NONE
2023-09-11 12:00:00,REAL_DMA_01,1.0,12.975892703279424,12.975892703279424,12.016909871794873,12.016909871794873,0.277,50.985810650000005,0.6819828314845512,15,15,53.0,26.0,False,NONE
2023-09-11 13:00:00,REAL_DMA_01,1.0,10.649611120567377,10.649611120567377,9.08009,9.08009,0.19699999999999998,52.005526863,1.3725211205673764,15,15,47.0,47.0,False,NONE
2023-09-11 14:00:00,REAL_DMA_01,1.0,9.667465295238095,9.667465295238095,8.98451,8.98451,0.112,53.025243076,0.5709552952380951,15,15,35.0,57.0,False,NONE
2023-09-11 15:00:00,REAL_DMA_01,1.0,10.348669010416666,10.348669010416666,8.98451,8.98451,0.302,53.025243076,1.0621590104166656,15,15,32.0,59.0,False,NONE
2023-09-11 16:00:00,REAL_DMA_01,1.0,10.679055240740741,10.679055240740741,8.899059583333333,8.899059583333333,0.366,52.005526863,1.413995657407408,15,15,45.0,48.0,False,NONE
2023-09-11 17:00:00,REAL_DMA_01,1.0,10.542811591269842,10.542811591269842,8.915336250000001,8.915336250000001,0.476,52.005526863,1.1514753412698413,15,15,42.0,48.0,False,NONE
2023-09-11 18:00:00,REAL_DMA_01,1.0,10.56790235042735,10.56790235042735,9.17983,9.17983,0.375,52.005526863,1.0130723504273487,15,15,39.0,60.0,False,NONE
2023-09-11 19:00:00,REAL_DMA_01,1.0,10.355518944444444,10.355518944444444,8.8380275,8.8380275,0.247,52.005526863,1.2704914444444437,15,15,45.0,48.0,False,NONE
2023-09-11 20:00:00,REAL_DMA_01,1.0,10.573440722222221,10.573440722222221,9.084342444444445,9.084342444444445,0.266,49.96609443700001,1.2230982777777761,15,15,45.0,45.0,False,NONE
2023-09-11 21:00:00,REAL_DMA_01,1.0,8.460052453703703,8.460052453703703,6.097237826086956,6.097237826086956,0.289,52.005526863,2.073814627616747,15,15,36.0,23.0,False,NONE
2023-09-11 22:00:00,REAL_DMA_01,1.0,6.043754677419354,6.043754677419354,5.46883,5.46883,0.177,53.025243076,0.3979246774193546,15,15,31.0,58.0,False,NONE
2023-09-11 23:00:00,REAL_DMA_01,1.0,4.237084838709677,4.237084838709677,5.46883,5.46883,0.059000000000000004,53.025243076,-1.2907451612903225,15,15,31.0,55.0,False,NONE
2023-09-12 00:00:00,REAL_DMA_01,1.0,3.7449037499999998,3.7449037499999998,5.46883,5.46883,0.034,53.025243076,-1.75792625,15,15,36.0,60.0,False,NONE
2023-09-12 01:00:00,REAL_DMA_01,1.0,3.3436159523809525,3.3436159523809525,5.46883,5.46883,0.053,53.025243076,-2.178214047619047,15,15,21.0,56.0,False,NONE
2023-09-12 02:00:00,REAL_DMA_01,1.0,3.359838936170213,3.359838936170213,5.46883,5.46883,0.047,53.025243076,-2.155991063829787,15,15,47.0,60.0,False,NONE
2023-09-12 03:00:00,REAL_DMA_01,1.0,4.878396810344828,4.878396810344828,5.381561489361702,5.381561489361702,0.131,53.025243076,-0.6341646790168738,15,15,29.0,47.0,False,NONE
2023-09-12 04:00:00,REAL_DMA_01,1.0,11.01679765602837,11.01679765602837,7.2236185937499995,7.2236185937499995,0.209,53.025243076,3.5841790622783702,15,15,47.0,32.0,False,NONE
2023-09-12 05:00:00,REAL_DMA_01,1.0,16.470397078656465,16.470397078656465,12.531727526041667,12.531727526041667,0.374,52.005526863,3.5646695526147973,15,15,56.0,32.0,False,NONE
2023-09-12 06:00:00,REAL_DMA_01,1.0,14.414317169753087,14.414317169753087,12.084240925925926,12.084240925925926,0.469,52.005526863,1.8610762438271613,15,15,54.0,27.0,False,NONE
2023-09-12 07:00:00,REAL_DMA_01,1.0,16.081621883547008,16.081621883547008,13.17706025862069,13.17706025862069,0.272,50.985810650000005,2.6325616249263177,15,15,52.0,29.0,False,NONE
2023-09-12 08:00:00,REAL_DMA_01,1.0,13.690540073225517,13.690540073225517,11.013467976190476,11.013467976190476,0.134,50.985810650000005,2.5430720970350404,15,15,53.0,35.0,False,NONE
2023-09-12 09:00:00,REAL_DMA_01,1.0,13.939936341269842,13.939936341269842,11.663927183908047,11.663927183908047,0.23199999999999998,50.985810650000005,2.0440091573617947,15,15,54.0,29.0,False,NONE
2023-09-12 10:00:00,REAL_DMA_01,1.0,11.26383618402778,11.26383618402778,9.156849852941177,9.156849852941177,0.185,50.985810650000005,1.9219863310866026,15,15,48.0,34.0,False,NONE
2023-09-12 11:00:00,REAL_DMA_01,1.0,14.063577193223445,14.063577193223445,12.136498275862069,12.136498275862069,0.255,50.985810650000005,1.6720789173613761,15,15,52.0,29.0,False,NONE
2023-09-12 12:00:00,REAL_DMA_01,1.0,12.242926275510204,12.242926275510204,9.879708333333333,9.879708333333333,0.27,52.005526863,2.0932179421768704,15,15,49.0,18.0,False,NONE
2023-09-12 13:00:00,REAL_DMA_01,1.0,12.329785445652174,12.329785445652174,10.997111304347825,10.997111304347825,0.242,52.005526863,1.0906741413043486,15,15,46.0,23.0,False,NONE
2023-09-12 14:00:00,REAL_DMA_01,1.0,11.347144429824562,11.347144429824562,8.733392857142857,8.733392857142857,0.148,52.005526863,2.465751572681705,15,15,38.0,14.0,False,NONE
2023-09-12 15:00:00,REAL_DMA_01,1.0,11.28844025203252,11.28844025203252,8.157824418604651,8.157824418604651,0.391,52.005526863,2.7396158334278695,15,15,41.0,43.0,False,NONE
2023-09-12 16:00:00,REAL_DMA_01,1.0,10.860548571428572,10.860548571428572,8.580735288461538,8.580735288461538,0.376,52.005526863,1.9038132829670338,15,15,42.0,52.0,False,NONE
2023-09-12 17:00:00,REAL_DMA_01,1.0,10.900805980392157,10.900805980392157,8.59388,8.59388,0.358,52.005526863,1.9489259803921564,15,15,34.0,60.0,False,NONE
2023-09-12 18:00:00,REAL_DMA_01,1.0,12.160947214285715,12.160947214285715,8.59388,8.59388,0.454,53.025243076,3.113067214285714,15,15,35.0,60.0,False,NONE
2023-09-12 19:00:00,REAL_DMA_01,1.0,12.223195146258504,12.223195146258504,8.642708392857143,8.642708392857143,0.317,53.025243076,3.263486753401361,15,15,49.0,28.0,False,NONE
2023-09-12 20:00:00,REAL_DMA_01,1.0,10.921526673611112,10.921526673611112,9.029584102564103,9.029584102564103,0.278,50.985810650000005,1.613942571047009,15,15,48.0,39.0,False,NONE
2023-09-12 21:00:00,REAL_DMA_01,1.0,9.711886103603604,9.711886103603604,8.262691086956522,8.262691086956522,0.289,50.985810650000005,1.1601950166470816,15,15,37.0,46.0,False,NONE
2023-09-12 22:00:00,REAL_DMA_01,1.0,5.71478524691358,5.71478524691358,4.9114700000000004,4.9114700000000004,0.28,52.005526863,0.5233152469135798,15,15,27.0,41.0,False,NONE
2023-09-12 23:00:00,REAL_DMA_01,1.0,4.146836851851852,4.146836851851852,3.51568,3.51568,0.089,53.025243076,0.5421568518518516,15,15,27.0,49.0,False,NONE
2023-09-13 00:00:00,REAL_DMA_01,1.0,4.4705530555555555,4.4705530555555555,3.51568,3.51568,0.027999999999999997,52.005526863,0.9268730555555553,15,15,18.0,57.0,False,NONE
2023-09-13 01:00:00,REAL_DMA_01,1.0,4.2440425,4.2440425,3.51568,3.51568,0.079,53.025243076,0.6493624999999998,15,15,24.0,59.0,False,NONE
2023-09-13 02:00:00,REAL_DMA_01,1.0,4.1240041666666665,4.1240041666666665,3.51568,3.51568,0.06999999999999999,53.025243076,0.5383241666666664,15,15,24.0,60.0,False,NONE
2023-09-13 03:00:00,REAL_DMA_01,1.0,4.969691111111111,4.969691111111111,3.51568,3.51568,0.078,53.025243076,1.3760111111111104,15,15,27.0,59.0,False,NONE
2023-09-13 04:00:00,REAL_DMA_01,1.0,11.663951574074074,11.663951574074074,7.435937285714286,7.435937285714286,0.292,53.025243076,3.9360142883597886,15,15,45.0,35.0,False,NONE
2023-09-13 05:00:00,REAL_DMA_01,1.0,17.98060522556391,17.98060522556391,13.86178827586207,13.86178827586207,0.415,52.005526863,3.7038169497018396,15,15,57.0,29.0,False,NONE
2023-09-13 06:00:00,REAL_DMA_01,1.0,15.663928521303259,15.663928521303259,12.158389444444445,12.158389444444445,0.44,53.025243076,3.0655390768588133,15,15,57.0,36.0,False,NONE
2023-09-13 07:00:00,REAL_DMA_01,1.0,15.617877367475291,15.617877367475291,13.692428802083333,13.692428802083333,0.244,53.025243076,1.6814485653919584,15,15,53.0,32.0,False,NONE
2023-09-13 08:00:00,REAL_DMA_01,1.0,14.06991875308642,14.06991875308642,11.740629444444444,11.740629444444444,0.223,53.025243076,2.1062893086419754,15,15,54.0,27.0,False,NONE
2023-09-13 09:00:00,REAL_DMA_01,1.0,14.094969077272726,14.094969077272726,12.025766913580245,12.025766913580245,0.264,52.005526863,1.8052021636924807,15,15,55.0,27.0,False,NONE
2023-09-13 10:00:00,REAL_DMA_01,1.0,12.32808313045635,12.32808313045635,9.410023253968253,9.410023253968253,0.169,52.005526863,2.749059876488096,15,15,48.0,42.0,False,NONE
2023-09-13 11:00:00,REAL_DMA_01,1.0,10.612751395833333,10.612751395833333,8.40802,8.40802,0.15,50.985810650000005,2.054731395833333,15,15,48.0,31.0,False,NONE
2023-09-13 12:00:00,REAL_DMA_01,1.0,10.384063782051282,10.384063782051282,8.371439166666667,8.371439166666667,0.351,50.985810650000005,1.661624615384615,15,15,39.0,36.0,False,NONE
2023-09-13 13:00:00,REAL_DMA_01,1.0,10.161583825757576,10.161583825757576,7.81262,7.81262,0.222,53.025243076,2.1269638257575765,15,15,44.0,55.0,False,NONE
2023-09-13 14:00:00,REAL_DMA_01,1.0,10.11930996124031,10.11930996124031,7.8555884,7.8555884,0.183,52.005526863,2.08072156124031,15,15,43.0,50.0,False,NONE
2023-09-13 15:00:00,REAL_DMA_01,1.0,10.839427162698414,10.839427162698414,7.984494,7.984494,0.281,53.025243076,2.5739331626984137,15,15,42.0,50.0,False,NONE
2023-09-13 16:00:00,REAL_DMA_01,1.0,10.866051166666667,10.866051166666667,8.59388,8.59388,0.491,53.025243076,1.7811711666666663,15,15,40.0,60.0,False,NONE
2023-09-13 17:00:00,REAL_DMA_01,1.0,11.50066094017094,11.50066094017094,8.593880250000002,8.593880250000002,0.476,53.025243076,2.4307806901709386,15,15,39.0,40.0,False,NONE
2023-09-13 18:00:00,REAL_DMA_01,1.0,10.847914047619048,10.847914047619048,8.59388,8.59388,0.499,52.005526863,1.7550340476190471,15,15,35.0,60.0,False,NONE
2023-09-13 19:00:00,REAL_DMA_01,1.0,11.016675,11.016675,8.59388,8.59388,0.375,53.025243076,2.047794999999999,15,15,48.0,60.0,False,NONE
2023-09-13 20:00:00,REAL_DMA_01,1.0,10.931651576086956,10.931651576086956,8.59388,8.59388,0.253,50.985810650000005,2.084771576086956,15,15,46.0,60.0,False,NONE
2023-09-13 21:00:00,REAL_DMA_01,1.0,8.521248395833334,8.521248395833334,7.134649807692308,7.134649807692308,0.353,52.005526863,1.033598588141026,15,15,40.0,52.0,False,NONE
2023-09-13 22:00:00,REAL_DMA_01,1.0,5.421088999999999,5.421088999999999,4.49226,4.49226,0.14200000000000002,53.025243076,0.7868289999999994,15,15,30.0,51.0,False,NONE
2023-09-13 23:00:00,REAL_DMA_01,1.0,4.162662386363636,4.162662386363636,4.49226,4.49226,0.079,53.025243076,-0.40859761363636365,15,15,22.0,58.0,False,NONE
2023-09-14 00:00:00,REAL_DMA_01,1.0,3.626223263888889,3.626223263888889,4.49226,4.49226,0.034,53.025243076,-0.900036736111111,15,15,36.0,60.0,False,NONE
2023-09-14 01:00:00,REAL_DMA_01,1.0,3.3507177027027026,3.3507177027027026,4.49226,4.49226,0.032,53.025243076,-1.1735422972972973,15,15,37.0,60.0,False,NONE
2023-09-14 02:00:00,REAL_DMA_01,1.0,3.4945629729729726,3.4945629729729726,4.49226,4.49226,0.023,52.005526863,-1.0206970270270272,15,15,37.0,58.0,False,NONE
2023-09-14 03:00:00,REAL_DMA_01,1.0,4.3931628431372545,4.3931628431372545,4.49226,4.49226,0.041999999999999996,53.025243076,-0.14109715686274543,15,15,34.0,58.0,False,NONE
2023-09-14 04:00:00,REAL_DMA_01,1.0,10.955186483942414,10.955186483942414,6.899234705882353,6.899234705882353,0.17,53.025243076,3.885951778060061,15,15,43.0,34.0,False,NONE
2023-09-14 05:00:00,REAL_DMA_01,1.0,16.4281005,16.4281005,12.56404346153846,12.56404346153846,0.198,50.985810650000005,3.6660570384615387,15,15,48.0,26.0,False,NONE
2023-09-14 06:00:00,REAL_DMA_01,1.0,15.350804553358843,15.350804553358843,12.66657,12.66657,0.5910000000000001,50.985810650000005,2.093234553358843,15,15,56.0,27.0,False,NONE
2023-09-14 07:00:00,REAL_DMA_01,1.0,15.59627724659864,15.59627724659864,13.253376249999999,13.253376249999999,0.296,50.985810650000005,2.046900996598642,15,15,56.0,40.0,False,NONE
2023-09-14 08:00:00,REAL_DMA_01,1.0,14.817653823849879,14.817653823849879,12.811693064102563,12.811693064102563,0.162,50.985810650000005,1.8439607597473158,15,15,59.0,39.0,False,NONE
2023-09-14 09:00:00,REAL_DMA_01,1.0,13.614170433333333,13.614170433333333,11.731718333333333,11.731718333333333,0.174,52.005526863,1.7084521000000001,15,15,55.0,28.0,False,NONE
2023-09-14 10:00:00,REAL_DMA_01,1.0,10.97772797385621,10.97772797385621,9.52352058139535,9.52352058139535,0.2,52.005526863,1.2542073924608605,15,15,51.0,43.0,False,NONE
2023-09-14 11:00:00,REAL_DMA_01,1.0,14.344725500347867,14.344725500347867,12.144147317708333,12.144147317708333,0.161,50.985810650000005,2.039578182639534,15,15,56.0,32.0,False,NONE
2023-09-14 12:00:00,REAL_DMA_01,1.0,12.312262096153846,12.312262096153846,9.996898833333335,9.996898833333335,0.139,52.005526863,2.1763632628205114,15,15,52.0,30.0,False,NONE
2023-09-14 13:00:00,REAL_DMA_01,1.0,10.670218125,10.670218125,9.755274301075268,9.755274301075268,0.173,53.025243076,0.741943823924732,15,15,44.0,31.0,False,NONE
2023-09-14 14:00:00,REAL_DMA_01,1.0,10.536864583333333,10.536864583333333,9.57046,9.57046,0.219,53.025243076,0.7474045833333326,15,15,48.0,60.0,False,NONE
2023-09-14 15:00:00,REAL_DMA_01,1.0,10.03553716,10.03553716,7.84052,7.84052,0.426,54.044959289000005,1.7690171600000009,15,15,50.0,14.0,False,NONE
2023-09-14 16:00:00,REAL_DMA_01,1.0,10.438460975609756,10.438460975609756,9.35561275,9.35561275,0.23199999999999998,54.044959289000005,0.8508482256097551,15,15,41.0,40.0,False,NONE
2023-09-14 17:00:00,REAL_DMA_01,1.0,10.50599859929078,10.50599859929078,8.72770888888889,8.72770888888889,0.765,54.044959289000005,1.013289710401891,15,15,47.0,27.0,False,NONE
2023-09-14 18:00:00,REAL_DMA_01,1.0,11.328137663398692,11.328137663398692,9.099611071428573,9.099611071428573,0.521,53.025243076,1.7075265919701197,15,15,51.0,56.0,False,NONE
2023-09-14 19:00:00,REAL_DMA_01,1.0,11.131847519379845,11.131847519379845,8.14157105263158,8.14157105263158,0.20299999999999999,52.005526863,2.787276466748265,15,15,43.0,19.0,False,NONE
2023-09-14 20:00:00,REAL_DMA_01,1.0,10.449378425925925,10.449378425925925,9.257951,9.257951,0.23600000000000002,49.96609443700001,0.9554274259259248,15,15,36.0,40.0,False,NONE
2023-09-14 21:00:00,REAL_DMA_01,1.0,8.968235087719298,8.968235087719298,7.226672380952381,7.226672380952381,0.34099999999999997,50.985810650000005,1.400562706766917,15,15,38.0,42.0,False,NONE
2023-09-14 22:00:00,REAL_DMA_01,1.0,5.739918448275862,5.739918448275862,5.27352,5.27352,0.122,52.005526863,0.34439844827586164,15,15,29.0,57.0,False,NONE
2023-09-14 23:00:00,REAL_DMA_01,1.0,4.22674875,4.22674875,5.27352,5.27352,0.061,54.044959289000005,-1.1077712500000008,15,15,16.0,60.0,False,NONE
2023-09-15 00:00:00,REAL_DMA_01,1.0,3.3441194594594594,3.3441194594594594,4.958010000000001,4.958010000000001,0.068,53.025243076,-1.6818905405405413,15,15,37.0,52.0,False,NONE
2023-09-15 01:00:00,REAL_DMA_01,1.0,3.2692083333333333,3.2692083333333333,1.17189,1.17189,0.028,54.044959289000005,2.069318333333333,15,15,21.0,58.0,False,NONE
2023-09-15 02:00:00,REAL_DMA_01,1.0,2.5523246875,2.5523246875,2.381345,2.381345,0.022,53.025243076,0.14897968750000004,15,15,48.0,52.0,False,NONE
2023-09-15 03:00:00,REAL_DMA_01,1.0,2.5391,2.5391,2.5391,2.5391,0.033,52.005526863,-0.033,15,15,60.0,60.0,False,NONE
2023-09-15 04:00:00,REAL_DMA_01,1.0,2.5391,2.5391,2.5391,2.5391,0.257,52.515384969500005,-0.257,15,15,60.0,60.0,False,NONE
2023-09-15 05:00:00,REAL_DMA_01,1.0,2.5391,2.5391,2.5391,2.5391,0.244,49.96609443700001,-0.244,15,15,60.0,60.0,False,NONE
2023-09-15 06:00:00,REAL_DMA_01,1.0,2.5391,2.5391,2.5391,2.5391,0.461,50.985810650000005,-0.461,15,15,60.0,60.0,False,NONE
2023-09-15 07:00:00,REAL_DMA_01,1.0,2.5391,2.5391,2.5391,2.5391,0.258,50.985810650000005,-0.258,15,15,60.0,60.0,False,NONE
2023-09-15 08:00:00,REAL_DMA_01,1.0,11.58546275,11.58546275,9.2530705,9.2530705,0.23199999999999998,50.985810650000005,2.1003922499999996,15,15,60.0,60.0,False,NONE
2023-09-15 09:00:00,REAL_DMA_01,1.0,12.15513325,12.15513325,9.718630086206897,9.718630086206897,0.404,52.005526863,2.0325031637931037,15,15,60.0,58.0,False,NONE
2023-09-15 10:00:00,REAL_DMA_01,1.0,11.17855575,11.17855575,8.613743898305085,8.613743898305085,0.322,52.005526863,2.2428118516949143,15,15,60.0,59.0,False,NONE
2023-09-15 11:00:00,REAL_DMA_01,1.0,12.439968,12.439968,11.099308706896553,11.099308706896553,0.183,50.985810650000005,1.1576592931034477,15,15,60.0,58.0,False,NONE
2023-09-15 12:00:00,REAL_DMA_01,1.0,9.966056101694916,9.966056101694916,7.716619830508475,7.716619830508475,0.235,50.985810650000005,2.0144362711864408,15,15,59.0,59.0,False,NONE
2023-09-15 13:00:00,REAL_DMA_01,1.0,10.489897021276596,10.489897021276596,8.345982692307691,8.345982692307691,0.221,54.044959289000005,1.9229143289689041,15,15,47.0,52.0,False,NONE
2023-09-15 14:00:00,REAL_DMA_01,1.0,10.086947635658914,10.086947635658914,8.798076363636362,8.798076363636362,0.368,54.044959289000005,0.9208712720225524,15,15,43.0,44.0,False,NONE
2023-09-15 15:00:00,REAL_DMA_01,1.0,11.579525740740742,11.579525740740742,8.98451,8.98451,0.21300000000000002,54.044959289000005,2.3820157407407416,15,15,54.0,51.0,False,NONE
2023-09-15 16:00:00,REAL_DMA_01,1.0,10.275333049242425,10.275333049242425,8.490483137254902,8.490483137254902,0.514,54.044959289000005,1.2708499119875232,15,15,44.0,51.0,False,NONE
2023-09-15 17:00:00,REAL_DMA_01,1.0,9.161429057971015,9.161429057971015,8.176618636363635,8.176618636363635,0.252,54.044959289000005,0.7328104216073796,15,15,46.0,44.0,False,NONE
2023-09-15 18:00:00,REAL_DMA_01,1.0,8.366806544715446,8.366806544715446,6.870010434782609,6.870010434782609,0.433,54.044959289000005,1.0637961099328377,15,15,41.0,23.0,False,NONE
2023-09-15 19:00:00,REAL_DMA_01,1.0,7.951321304347826,7.951321304347826,6.328970769230769,6.328970769230769,0.125,54.044959289000005,1.4973505351170573,15,15,46.0,26.0,False,NONE
2023-09-15 20:00:00,REAL_DMA_01,1.0,7.865146666666667,7.865146666666667,5.256531739130435,5.256531739130435,0.105,50.985810650000005,2.503614927536232,15,15,22.0,46.0,False,NONE
2023-09-15 21:00:00,REAL_DMA_01,1.0,7.882657222222221,7.882657222222221,5.353093333333333,5.353093333333333,0.23,50.985810650000005,2.2995638888888883,15,15,33.0,27.0,False,NONE
2023-09-15 22:00:00,REAL_DMA_01,1.0,5.7989172,5.7989172,4.88289,4.88289,0.169,52.005526863,0.7470272000000002,15,15,25.0,58.0,False,NONE
2023-09-15 23:00:00,REAL_DMA_01,1.0,4.756745416666667,4.756745416666667,4.88289,4.88289,0.049,53.025243076,-0.17514458333333277,15,15,24.0,52.0,False,NONE
2023-09-16 00:00:00,REAL_DMA_01,1.0,4.009710784313725,4.009710784313725,4.88289,4.88289,0.077,53.025243076,-0.9501792156862745,15,15,17.0,60.0,False,NONE
2023-09-16 01:00:00,REAL_DMA_01,1.0,3.419596129032258,3.419596129032258,3.369193214285714,3.369193214285714,0.038000000000000006,53.025243076,0.012402914746543897,15,15,31.0,42.0,False,NONE
2023-09-16 02:00:00,REAL_DMA_01,1.0,3.111576379310345,3.111576379310345,4.88289,4.88289,0.027999999999999997,53.025243076,-1.799313620689655,15,15,29.0,59.0,False,NONE
2023-09-16 03:00:00,REAL_DMA_01,1.0,3.648214285714286,3.648214285714286,4.88289,4.88289,0.048,53.025243076,-1.282675714285714,15,15,28.0,60.0,False,NONE
2023-09-16 04:00:00,REAL_DMA_01,1.0,5.168463106060606,5.168463106060606,4.88289,4.88289,0.113,55.06467550200001,0.17257310606060594,15,15,22.0,57.0,False,NONE
2023-09-16 05:00:00,REAL_DMA_01,1.0,7.721786989247311,7.721786989247311,5.098764736842106,5.098764736842106,0.255,54.044959289000005,2.368022252405206,15,15,31.0,38.0,False,NONE
2023-09-16 06:00:00,REAL_DMA_01,1.0,10.49495123809524,10.49495123809524,8.76194534883721,8.76194534883721,0.223,52.005526863,1.5100058892580293,15,15,35.0,43.0,False,NONE
2023-09-16 07:00:00,REAL_DMA_01,1.0,11.407935694444445,11.407935694444445,9.17983,9.17983,0.22699999999999998,52.005526863,2.0011056944444445,15,15,42.0,57.0,False,NONE
2023-09-16 08:00:00,REAL_DMA_01,1.0,12.534962575757577,12.534962575757577,9.17983,9.17983,0.491,50.985810650000005,2.864132575757576,15,15,33.0,57.0,False,NONE
2023-09-16 09:00:00,REAL_DMA_01,1.0,12.010164007575758,12.010164007575758,9.544259756097562,9.544259756097562,0.156,52.005526863,2.3099042514781964,15,15,44.0,41.0,False,NONE
2023-09-16 10:00:00,REAL_DMA_01,1.0,10.232747896825398,10.232747896825398,9.17983,9.17983,0.20700000000000002,52.005526863,0.8459178968253969,15,15,42.0,57.0,False,NONE
2023-09-16 11:00:00,REAL_DMA_01,1.0,9.714166219512196,9.714166219512196,9.07979024390244,9.07979024390244,0.227,53.025243076,0.40737597560975514,15,15,41.0,41.0,False,NONE
2023-09-16 12:00:00,REAL_DMA_01,1.0,11.0344459009009,11.0344459009009,9.2823705,9.2823705,0.28900000000000003,52.005526863,1.4630754009008995,15,15,37.0,40.0,False,NONE
2023-09-16 13:00:00,REAL_DMA_01,1.0,9.58673505376344,9.58673505376344,8.820700967741935,8.820700967741935,0.241,52.005526863,0.5250340860215058,15,15,31.0,31.0,False,NONE
2023-09-16 14:00:00,REAL_DMA_01,1.0,10.15572650462963,10.15572650462963,9.342591666666667,9.342591666666667,0.251,52.005526863,0.5621348379629628,15,15,36.0,36.0,False,NONE
2023-09-16 15:00:00,REAL_DMA_01,1.0,10.617247679738563,10.617247679738563,9.375144693877552,9.375144693877552,0.119,52.005526863,1.1231029858610115,15,15,51.0,49.0,False,NONE
2023-09-16 16:00:00,REAL_DMA_01,1.0,10.089265375,10.089265375,9.096123265306124,9.096123265306124,0.29000000000000004,52.005526863,0.7031421096938759,15,15,40.0,49.0,False,NONE
2023-09-16 17:00:00,REAL_DMA_01,1.0,9.170553662790697,9.170553662790697,8.583419464285715,8.583419464285715,0.097,53.025243076,0.4901341985049821,15,15,43.0,28.0,False,NONE
2023-09-16 18:00:00,REAL_DMA_01,1.0,8.642709428571429,8.642709428571429,5.859460000000001,5.859460000000001,0.192,54.044959289000005,2.5912494285714276,15,15,35.0,48.0,False,NONE
2023-09-16 19:00:00,REAL_DMA_01,1.0,8.067430085106384,8.067430085106384,5.989670520833333,5.989670520833333,0.131,54.044959289000005,1.9467595642730509,15,15,47.0,48.0,False,NONE
2023-09-16 20:00:00,REAL_DMA_01,1.0,7.291196428571429,7.291196428571429,5.85946,5.85946,0.131,53.025243076,1.300736428571429,15,15,28.0,60.0,False,NONE
2023-09-16 21:00:00,REAL_DMA_01,1.0,7.986153676470588,7.986153676470588,5.85946,5.85946,0.131,52.005526863,1.9956936764705875,15,15,34.0,60.0,False,NONE
2023-09-16 22:00:00,REAL_DMA_01,1.0,5.373367275641026,5.373367275641026,5.85946,5.85946,0.183,53.025243076,-0.6690927243589748,15,15,26.0,56.0,False,NONE
2023-09-16 23:00:00,REAL_DMA_01,1.0,4.494290243055556,4.494290243055556,5.85946,5.85946,0.068,53.025243076,-1.4331697569444448,15,15,24.0,53.0,False,NONE
2023-09-17 00:00:00,REAL_DMA_01,1.0,3.5068015909090904,3.5068015909090904,5.85946,5.85946,0.039,53.025243076,-2.39165840909091,15,15,22.0,55.0,False,NONE
2023-09-17 01:00:00,REAL_DMA_01,1.0,3.267464791666667,3.267464791666667,1.992218285714286,1.992218285714286,0.026000000000000002,54.044959289000005,1.2492465059523807,15,15,24.0,35.0,False,NONE
2023-09-17 02:00:00,REAL_DMA_01,1.0,2.9414510000000003,2.9414510000000003,1.75784,1.75784,0.009000000000000001,53.5351011825,1.1746110000000003,15,15,25.0,56.0,False,NONE
2023-09-17 03:00:00,REAL_DMA_01,1.0,2.9912763541666667,2.9912763541666667,1.75784,1.75784,0.039,53.025243076,1.1944363541666667,15,15,32.0,59.0,False,NONE
2023-09-17 04:00:00,REAL_DMA_01,1.0,4.763140833333333,4.763140833333333,3.363236097560976,3.363236097560976,0.126,56.084391715,1.2739047357723572,15,15,28.0,41.0,False,NONE
2023-09-17 05:00:00,REAL_DMA_01,1.0,6.631731184210526,6.631731184210526,5.9593932558139535,5.9593932558139535,0.057999999999999996,55.06467550200001,0.6143379283965726,15,15,38.0,43.0,False,NONE
2023-09-17 06:00:00,REAL_DMA_01,1.0,9.289050942982456,9.289050942982456,6.380305952380953,6.380305952380953,0.145,53.025243076,2.7637449906015035,15,15,38.0,42.0,False,NONE
2023-09-17 07:00:00,REAL_DMA_01,1.0,10.281074663120567,10.281074663120567,8.42026888888889,8.42026888888889,0.156,52.005526863,1.7048057742316771,15,15,47.0,18.0,False,NONE
2023-09-17 08:00:00,REAL_DMA_01,1.0,11.29765039007092,11.29765039007092,8.572178888888889,8.572178888888889,0.304,52.005526863,2.421471501182032,15,15,47.0,18.0,False,NONE
2023-09-17 09:00:00,REAL_DMA_01,1.0,10.777798148148149,10.777798148148149,7.8370305,7.8370305,0.38,52.005526863,2.5607676481481487,15,15,45.0,40.0,False,NONE
2023-09-17 10:00:00,REAL_DMA_01,1.0,9.983422209302326,9.983422209302326,8.00793,8.00793,0.306,52.515384969500005,1.6694922093023257,15,15,43.0,58.0,False,NONE
2023-09-17 11:00:00,REAL_DMA_01,1.0,9.994778837209303,9.994778837209303,8.00793,8.00793,0.192,52.005526863,1.794848837209303,15,15,43.0,60.0,False,NONE
2023-09-17 12:00:00,REAL_DMA_01,1.0,9.565575208333334,9.565575208333334,8.00793,8.00793,0.133,52.005526863,1.4246452083333336,14,15,40.0,60.0,False,NONE
2023-09-17 13:00:00,REAL_DMA_01,1.0,10.465722777777778,10.465722777777778,8.00793,8.00793,0.199,52.005526863,2.258792777777778,15,15,48.0,60.0,False,NONE
2023-09-17 14:00:00,REAL_DMA_01,1.0,10.1938405,10.1938405,8.00793,8.00793,0.42300000000000004,52.005526863,1.7629105000000003,15,15,40.0,60.0,False,NONE
2023-09-17 15:00:00,REAL_DMA_01,1.0,9.642112484126985,9.642112484126985,8.00793,8.00793,0.278,53.025243076,1.3561824841269847,15,15,42.0,60.0,False,NONE
2023-09-17 16:00:00,REAL_DMA_01,1.0,9.856513833333334,9.856513833333334,8.081173392857142,8.081173392857142,0.489,54.044959289000005,1.2863404404761924,15,15,40.0,56.0,False,NONE
2023-09-17 17:00:00,REAL_DMA_01,1.0,10.799902226495727,10.799902226495727,8.160788260869564,8.160788260869564,0.415,53.025243076,2.224113965626162,15,15,39.0,23.0,False,NONE
2023-09-17 18:00:00,REAL_DMA_01,1.0,10.14156463235294,10.14156463235294,7.513137111111111,7.513137111111111,0.397,53.025243076,2.2314275212418293,15,15,34.0,45.0,False,NONE
2023-09-17 19:00:00,REAL_DMA_01,1.0,9.998343629629629,9.998343629629629,7.957970930232558,7.957970930232558,0.3,54.044959289000005,1.7403726993970705,15,15,45.0,43.0,False,NONE
2023-09-17 20:00:00,REAL_DMA_01,1.0,9.357197478632479,9.357197478632479,7.81262,7.81262,0.21000000000000002,50.985810650000005,1.3345774786324789,15,15,39.0,58.0,False,NONE
2023-09-17 21:00:00,REAL_DMA_01,1.0,7.619267873563218,7.619267873563218,7.81262,7.81262,0.175,50.985810650000005,-0.3683521264367819,15,15,29.0,60.0,False,NONE
2023-09-17 22:00:00,REAL_DMA_01,1.0,5.069159490740741,5.069159490740741,3.6875576,3.6875576,0.17,52.005526863,1.2116018907407415,15,15,36.0,50.0,False,NONE
2023-09-17 23:00:00,REAL_DMA_01,1.0,3.7640678260869564,3.7640678260869564,3.51568,3.51568,0.038,53.025243076,0.2103878260869563,15,15,23.0,56.0,False,NONE
2023-09-18 00:00:00,REAL_DMA_01,1.0,3.1486196551724137,3.1486196551724137,3.51568,3.51568,0.028999999999999998,53.025243076,-0.39606034482758645,15,15,29.0,55.0,False,NONE
2023-09-18 01:00:00,REAL_DMA_01,1.0,2.9895197959183673,2.9895197959183673,3.51568,3.51568,0.05,53.025243076,-0.5761602040816329,15,15,49.0,58.0,False,NONE
2023-09-18 02:00:00,REAL_DMA_01,1.0,3.126300128205128,3.126300128205128,3.51568,3.51568,0.013000000000000001,53.025243076,-0.4023798717948722,15,15,39.0,59.0,False,NONE
2023-09-18 03:00:00,REAL_DMA_01,1.0,5.631743920454546,5.631743920454546,5.1053298611111115,5.1053298611111115,0.045,53.025243076,0.4814140593434341,15,15,44.0,36.0,False,NONE
2023-09-18 04:00:00,REAL_DMA_01,1.0,10.584286002623084,10.584286002623084,9.420717999999999,9.420717999999999,0.264,52.005526863,0.8995680026230854,15,15,59.0,30.0,False,NONE
2023-09-18 05:00:00,REAL_DMA_01,1.0,15.619018886904763,15.619018886904763,12.382186458333335,12.382186458333335,0.309,49.96609443700001,2.9278324285714286,15,15,56.0,24.0,False,NONE
2023-09-18 06:00:00,REAL_DMA_01,1.0,14.463005452798663,14.463005452798663,11.70672263888889,11.70672263888889,0.321,51.4956687565,2.4352828139097737,15,15,57.0,36.0,False,NONE
2023-09-18 07:00:00,REAL_DMA_01,1.0,14.158245054093566,14.158245054093566,12.658885555555555,12.658885555555555,0.181,53.025243076,1.318359498538011,15,15,57.0,24.0,False,NONE
2023-09-18 08:00:00,REAL_DMA_01,1.0,14.107431735380116,14.107431735380116,11.743704425925927,11.743704425925927,0.11099999999999999,52.005526863,2.2527273094541895,15,15,57.0,36.0,False,NONE
2023-09-18 09:00:00,REAL_DMA_01,1.0,14.094709540435138,14.094709540435138,11.713602131313133,11.713602131313133,0.149,52.005526863,2.2321074091220057,14,15,58.0,33.0,False,NONE
2023-09-18 10:00:00,REAL_DMA_01,1.0,12.100923435374149,12.100923435374149,10.168610625,10.168610625,0.26499999999999996,54.044959289000005,1.6673128103741497,15,15,49.0,32.0,False,NONE
2023-09-18 11:00:00,REAL_DMA_01,1.0,13.266258631362891,13.266258631362891,11.147863333333333,11.147863333333333,0.17,52.005526863,1.948395298029558,15,15,58.0,35.0,False,NONE
2023-09-18 12:00:00,REAL_DMA_01,1.0,10.924168724914965,10.924168724914965,8.355162916666666,8.355162916666666,0.127,52.005526863,2.4420058082482994,15,15,56.0,36.0,False,NONE
2023-09-18 13:00:00,REAL_DMA_01,1.0,10.741707045138888,10.741707045138888,8.545049125,8.545049125,0.461,53.025243076,1.7356579201388878,15,15,48.0,40.0,False,NONE
2023-09-18 14:00:00,REAL_DMA_01,1.0,10.133181646341463,10.133181646341463,8.336778877551021,8.336778877551021,0.269,53.025243076,1.5274027687904415,15,15,41.0,49.0,False,NONE
2023-09-18 15:00:00,REAL_DMA_01,1.0,10.727110030303031,10.727110030303031,8.428615384615386,8.428615384615386,0.35,53.025243076,1.9484946456876453,15,15,44.0,52.0,False,NONE
2023-09-18 16:00:00,REAL_DMA_01,1.0,10.558023020833334,10.558023020833334,8.635198653846153,8.635198653846153,0.47800000000000004,53.025243076,1.4448243669871805,15,15,40.0,52.0,False,NONE
2023-09-18 17:00:00,REAL_DMA_01,1.0,10.303139191919193,10.303139191919193,8.98451,8.98451,0.639,53.025243076,0.679629191919193,15,15,33.0,60.0,False,NONE
2023-09-18 18:00:00,REAL_DMA_01,1.0,10.142389745370371,10.142389745370371,8.96788914893617,8.96788914893617,0.341,52.005526863,0.8335005964342017,15,15,36.0,47.0,False,NONE
2023-09-18 19:00:00,REAL_DMA_01,1.0,10.958645135802469,10.958645135802469,9.912261136363638,9.912261136363638,0.249,52.005526863,0.7973839994388309,15,15,54.0,44.0,False,NONE
2023-09-18 20:00:00,REAL_DMA_01,1.0,10.806772,10.806772,7.790294000000001,7.790294000000001,0.299,49.4562363305,2.7174779999999994,15,15,38.0,35.0,False,NONE
2023-09-18 21:00:00,REAL_DMA_01,1.0,9.112433203125,9.112433203125,6.543068571428571,6.543068571428571,0.28500000000000003,50.985810650000005,2.2843646316964294,15,15,32.0,28.0,False,NONE
2023-09-18 22:00:00,REAL_DMA_01,1.0,6.088960500000001,6.088960500000001,5.66415,5.66415,0.345,53.025243076,0.07981050000000045,15,15,20.0,59.0,False,NONE
2023-09-18 23:00:00,REAL_DMA_01,1.0,4.46784196969697,4.46784196969697,5.66415,5.66415,0.013,53.025243076,-1.2093080303030304,15,15,22.0,58.0,False,NONE
2023-09-19 00:00:00,REAL_DMA_01,1.0,3.685415238095238,3.685415238095238,3.785400476190476,3.785400476190476,0.026,53.025243076,-0.12598523809523796,15,15,21.0,42.0,False,NONE
2023-09-19 01:00:00,REAL_DMA_01,1.0,3.458233235294118,3.458233235294118,3.6190798039215686,3.6190798039215686,0.019,52.005526863,-0.17984656862745071,15,15,34.0,51.0,False,NONE
2023-09-19 02:00:00,REAL_DMA_01,1.0,3.6296157407407406,3.6296157407407406,1.36721,1.36721,0.03,52.005526863,2.2324057407407407,15,15,27.0,59.0,False,NONE
2023-09-19 03:00:00,REAL_DMA_01,1.0,4.858811041666667,4.858811041666667,3.285896470588235,3.285896470588235,0.03,52.005526863,1.5429145710784316,15,15,24.0,34.0,False,NONE
2023-09-19 04:00:00,REAL_DMA_01,1.0,11.486177449275361,11.486177449275361,8.282003387096774,8.282003387096774,0.109,52.005526863,3.0951740621785877,15,15,46.0,31.0,False,NONE
2023-09-19 05:00:00,REAL_DMA_01,1.0,15.89178647385621,15.89178647385621,11.709628928571428,11.709628928571428,0.378,49.96609443700001,3.804157545284781,15,15,51.0,42.0,False,NONE
2023-09-19 06:00:00,REAL_DMA_01,1.0,15.386093303968256,15.386093303968256,13.07946012820513,13.07946012820513,0.401,50.985810650000005,1.9056331757631264,15,15,60.0,39.0,False,NONE
2023-09-19 07:00:00,REAL_DMA_01,1.0,12.777838975308642,12.777838975308642,11.03894061728395,11.03894061728395,0.087,50.985810650000005,1.6518983580246915,15,15,54.0,27.0,False,NONE
2023-09-19 08:00:00,REAL_DMA_01,1.0,12.667874479105928,12.667874479105928,11.108567916666667,11.108567916666667,0.121,50.985810650000005,1.4383065624392608,15,15,49.0,28.0,False,NONE
2023-09-19 09:00:00,REAL_DMA_01,1.0,12.729161368165785,12.729161368165785,10.473052575757576,10.473052575757576,0.297,50.985810650000005,1.9591087924082096,15,15,54.0,33.0,False,NONE
2023-09-19 10:00:00,REAL_DMA_01,1.0,12.235525453333333,12.235525453333333,10.478442916666667,10.478442916666667,0.23600000000000002,52.005526863,1.5210825366666654,15,15,50.0,28.0,False,NONE
2023-09-19 11:00:00,REAL_DMA_01,1.0,11.173010320987654,11.173010320987654,9.604927352941177,9.604927352941177,0.42400000000000004,49.96609443700001,1.1440829680464772,15,15,54.0,34.0,False,NONE
2023-09-19 12:00:00,REAL_DMA_01,1.0,11.325856333333332,11.325856333333332,10.505915789473685,10.505915789473685,0.16799999999999998,48.946378224,0.651940543859648,15,15,46.0,19.0,False,NONE
2023-09-19 13:00:00,REAL_DMA_01,1.0,10.945307908163265,10.945307908163265,9.183192068965518,9.183192068965518,0.204,50.985810650000005,1.5581158391977474,15,15,49.0,29.0,False,NONE
2023-09-19 14:00:00,REAL_DMA_01,1.0,10.653736203703705,10.653736203703705,8.05676,8.05676,0.33799999999999997,50.985810650000005,2.258976203703704,15,15,45.0,52.0,False,NONE
2023-09-19 15:00:00,REAL_DMA_01,1.0,11.146619391891893,11.146619391891893,8.079888421052631,8.079888421052631,0.36700000000000005,50.985810650000005,2.699730970839261,15,15,37.0,57.0,False,NONE
2023-09-19 16:00:00,REAL_DMA_01,1.0,11.372881268115943,11.372881268115943,7.910277608695652,7.910277608695652,0.363,53.025243076,3.0996036594202914,15,15,46.0,46.0,False,NONE
2023-09-19 17:00:00,REAL_DMA_01,1.0,11.260799656862744,11.260799656862744,7.925467111111112,7.925467111111112,0.372,53.025243076,2.9633325457516326,15,15,51.0,45.0,False,NONE
2023-09-19 18:00:00,REAL_DMA_01,1.0,11.156989791666666,11.156989791666666,7.792687346938775,7.792687346938775,0.78,53.025243076,2.58430244472789,15,15,40.0,49.0,False,NONE
2023-09-19 19:00:00,REAL_DMA_01,1.0,11.233172037037038,11.233172037037038,8.230796666666667,8.230796666666667,0.317,53.025243076,2.6853753703703713,15,15,45.0,39.0,False,NONE
2023-09-19 20:00:00,REAL_DMA_01,1.0,11.274225055555556,11.274225055555556,8.868545000000001,8.868545000000001,0.22799999999999998,50.985810650000005,2.1776800555555553,15,15,45.0,32.0,False,NONE
2023-09-19 21:00:00,REAL_DMA_01,1.0,9.28358875,9.28358875,8.20769318181818,8.20769318181818,0.162,50.985810650000005,0.9138955681818189,15,15,36.0,44.0,False,NONE
2023-09-19 22:00:00,REAL_DMA_01,1.0,5.3721517,5.3721517,4.29694,4.29694,0.118,54.044959289000005,0.9572116999999997,15,15,25.0,50.0,False,NONE
2023-09-19 23:00:00,REAL_DMA_01,1.0,3.815433333333333,3.815433333333333,4.29694,4.29694,0.074,54.044959289000005,-0.5555066666666671,15,15,24.0,59.0,False,NONE
2023-09-20 00:00:00,REAL_DMA_01,1.0,3.3464036666666668,3.3464036666666668,4.29694,4.29694,0.029,53.025243076,-0.9795363333333335,15,15,15.0,58.0,False,NONE
2023-09-20 01:00:00,REAL_DMA_01,1.0,3.363273787878788,3.363273787878788,4.29694,4.29694,0.08,53.025243076,-1.0136662121212123,15,15,33.0,59.0,False,NONE
2023-09-20 02:00:00,REAL_DMA_01,1.0,3.333684318181818,3.333684318181818,4.29694,4.29694,0.029,53.025243076,-0.9922556818181821,15,15,44.0,60.0,False,NONE
2023-09-20 03:00:00,REAL_DMA_01,1.0,4.596173333333334,4.596173333333334,4.29694,4.29694,0.129,52.005526863,0.17023333333333346,15,15,26.0,55.0,False,NONE
2023-09-20 04:00:00,REAL_DMA_01,1.0,12.165388898033125,12.165388898033125,8.327541515151516,8.327541515151516,0.253,52.515384969500005,3.584847382881609,15,15,46.0,33.0,False,NONE
2023-09-20 05:00:00,REAL_DMA_01,1.0,16.5162993496732,16.5162993496732,14.406639782608694,14.406639782608694,0.332,50.985810650000005,1.7776595670645061,15,15,51.0,23.0,False,NONE
2023-09-20 06:00:00,REAL_DMA_01,1.0,14.440569664578112,14.440569664578112,12.73550011904762,12.73550011904762,0.318,50.985810650000005,1.3870695455304918,15,15,57.0,35.0,False,NONE
2023-09-20 07:00:00,REAL_DMA_01,1.0,13.03144536777211,13.03144536777211,11.308766666666665,11.308766666666665,0.16599999999999998,50.985810650000005,1.5566787011054442,15,15,56.0,30.0,False,NONE
2023-09-20 08:00:00,REAL_DMA_01,1.0,14.700073078231293,14.700073078231293,12.307834116161615,12.307834116161615,0.178,50.985810650000005,2.214238962069678,15,15,56.0,33.0,False,NONE
2023-09-20 09:00:00,REAL_DMA_01,1.0,13.539925901785713,13.539925901785713,11.4442665625,11.4442665625,0.23399999999999999,50.985810650000005,1.8616593392857137,15,15,56.0,32.0,False,NONE
2023-09-20 10:00:00,REAL_DMA_01,1.0,12.119367733809524,12.119367733809524,9.924468125,9.924468125,0.164,52.005526863,2.030899608809523,15,15,50.0,28.0,False,NONE
2023-09-20 11:00:00,REAL_DMA_01,1.0,11.979478322310406,11.979478322310406,10.363438533333333,10.363438533333333,0.318,50.985810650000005,1.2980397889770727,15,15,54.0,25.0,False,NONE
2023-09-20 12:00:00,REAL_DMA_01,1.0,12.607358901960785,12.607358901960785,9.89191375,9.89191375,0.109,49.96609443700001,2.6064451519607843,15,15,51.0,24.0,False,NONE
2023-09-20 13:00:00,REAL_DMA_01,1.0,10.78925709469697,10.78925709469697,9.206681375,9.206681375,0.277,52.005526863,1.3055757196969688,15,15,44.0,40.0,False,NONE
2023-09-20 14:00:00,REAL_DMA_01,1.0,12.353078108974358,12.353078108974358,10.437887352941177,10.437887352941177,0.182,52.005526863,1.7331907560331818,15,15,52.0,34.0,False,NONE
2023-09-20 15:00:00,REAL_DMA_01,1.0,10.449563068181819,10.449563068181819,9.253730000000001,9.253730000000001,0.445,52.005526863,0.7508330681818178,15,15,44.0,37.0,False,NONE
2023-09-20 16:00:00,REAL_DMA_01,1.0,11.329237179487178,11.329237179487178,9.480940416666668,9.480940416666668,0.589,52.005526863,1.2592967628205103,15,15,52.0,48.0,False,NONE
2023-09-20 17:00:00,REAL_DMA_01,1.0,10.730596018518519,10.730596018518519,9.475073255813953,9.475073255813953,0.396,52.005526863,0.8595227627045653,15,15,36.0,43.0,False,NONE
2023-09-20 18:00:00,REAL_DMA_01,1.0,11.208149742424242,11.208149742424242,9.475073255813953,9.475073255813953,0.219,52.005526863,1.5140764866102885,14,15,44.0,43.0,False,NONE
2023-09-20 19:00:00,REAL_DMA_01,1.0,11.221366782945736,11.221366782945736,8.781058750000001,8.781058750000001,0.405,53.025243076,2.0353080329457347,14,15,43.0,24.0,False,NONE
2023-09-20 20:00:00,REAL_DMA_01,1.0,10.828249925,10.828249925,7.579499677419355,7.579499677419355,0.133,50.985810650000005,3.115750247580645,15,15,40.0,31.0,False,NONE
2023-09-20 21:00:00,REAL_DMA_01,1.0,9.716187627906976,9.716187627906976,8.542482105263158,8.542482105263158,0.115,50.985810650000005,1.058705522643818,15,15,43.0,38.0,False,NONE
2023-09-20 22:00:00,REAL_DMA_01,1.0,5.1206630434782605,5.1206630434782605,4.309144375,4.309144375,0.077,53.025243076,0.7345186684782608,15,15,23.0,48.0,False,NONE
2023-09-20 23:00:00,REAL_DMA_01,1.0,4.1055316,4.1055316,3.71099,3.71099,0.07700000000000001,53.025243076,0.31754160000000015,15,15,25.0,59.0,False,NONE
2023-09-21 00:00:00,REAL_DMA_01,1.0,3.3948910526315785,3.3948910526315785,3.71099,3.71099,0.032,53.025243076,-0.3480989473684213,15,15,38.0,60.0,False,NONE
2023-09-21 01:00:00,REAL_DMA_01,1.0,3.3585747826086956,3.3585747826086956,3.71099,3.71099,0.004,53.025243076,-0.3564152173913042,15,15,46.0,60.0,False,NONE
2023-09-21 02:00:00,REAL_DMA_01,1.0,3.359798846153846,3.359798846153846,3.71099,3.71099,0.039,52.515384969500005,-0.3901911538461536,15,15,52.0,60.0,False,NONE
2023-09-21 03:00:00,REAL_DMA_01,1.0,4.7608143,4.7608143,3.71099,3.71099,0.028,53.025243076,1.0218243,15,15,25.0,60.0,False,NONE
2023-09-21 04:00:00,REAL_DMA_01,1.0,10.917212027027027,10.917212027027027,6.920959782608696,6.920959782608696,0.165,53.025243076,3.831252244418331,15,15,37.0,23.0,False,NONE
2023-09-21 05:00:00,REAL_DMA_01,1.0,16.87263199056604,16.87263199056604,12.649693333333333,12.649693333333333,0.184,49.96609443700001,4.038938657232705,15,15,53.0,27.0,False,NONE
2023-09-21 06:00:00,REAL_DMA_01,1.0,14.348839153246752,14.348839153246752,11.8623653125,11.8623653125,0.25,50.985810650000005,2.2364738407467524,15,15,55.0,32.0,False,NONE
2023-09-21 07:00:00,REAL_DMA_01,1.0,13.404857597634022,13.404857597634022,11.690039036458334,11.690039036458334,0.133,52.005526863,1.5818185611756883,15,15,53.0,32.0,False,NONE
2023-09-21 08:00:00,REAL_DMA_01,1.0,14.12787624770259,14.12787624770259,11.618558287037038,11.618558287037038,0.311,50.985810650000005,2.198317960665552,15,15,57.0,36.0,False,NONE
2023-09-21 09:00:00,REAL_DMA_01,1.0,12.434050515151515,12.434050515151515,10.6349285,10.6349285,0.187,51.4956687565,1.612122015151516,15,15,55.0,20.0,False,NONE
2023-09-21 10:00:00,REAL_DMA_01,1.0,11.31017958076564,11.31017958076564,9.66387043478261,9.66387043478261,0.20900000000000002,53.025243076,1.4373091459830305,15,15,51.0,23.0,False,NONE
2023-09-21 11:00:00,REAL_DMA_01,1.0,14.224325941751701,14.224325941751701,12.571324567901236,12.571324567901236,0.166,52.005526863,1.487001373850465,14,15,56.0,27.0,False,NONE
2023-09-21 12:00:00,REAL_DMA_01,1.0,15.15285702201258,15.15285702201258,13.520172666666667,13.520172666666667,0.093,52.005526863,1.539684355345912,15,15,53.0,15.0,False,NONE
2023-09-21 13:00:00,REAL_DMA_01,1.0,10.714643194444445,10.714643194444445,8.211867352941177,8.211867352941177,0.106,53.025243076,2.3967758415032687,15,15,42.0,34.0,False,NONE
2023-09-21 14:00:00,REAL_DMA_01,1.0,10.535088741134752,10.535088741134752,7.81262,7.81262,0.101,53.025243076,2.621468741134752,15,15,47.0,59.0,False,NONE
2023-09-21 15:00:00,REAL_DMA_01,1.0,11.196561319444443,11.196561319444443,8.048814186046512,8.048814186046512,0.401,53.025243076,2.746747133397932,15,15,48.0,43.0,False,NONE
2023-09-21 16:00:00,REAL_DMA_01,1.0,11.243344146341464,11.243344146341464,7.890742,7.890742,0.278,53.025243076,3.0746021463414634,15,15,41.0,30.0,False,NONE
2023-09-21 17:00:00,REAL_DMA_01,1.0,10.818969634146342,10.818969634146342,8.376861481481482,8.376861481481482,0.302,52.005526863,2.1401081526648595,15,15,41.0,27.0,False,NONE
2023-09-21 18:00:00,REAL_DMA_01,1.0,11.3537299375,11.3537299375,7.777892888888889,7.777892888888889,0.215,52.005526863,3.3608370486111117,15,15,40.0,45.0,False,NONE
2023-09-21 19:00:00,REAL_DMA_01,1.0,10.23786000378788,10.23786000378788,7.6837138,7.6837138,0.218,53.025243076,2.33614620378788,15,15,44.0,25.0,False,NONE
2023-09-21 20:00:00,REAL_DMA_01,1.0,9.989259444444444,9.989259444444444,7.788798292682927,7.788798292682927,0.237,50.985810650000005,1.9634611517615177,15,15,39.0,41.0,False,NONE
2023-09-21 21:00:00,REAL_DMA_01,1.0,10.419802886178863,10.419802886178863,7.491292258064515,7.491292258064515,0.192,49.96609443700001,2.736510628114347,15,15,41.0,31.0,False,NONE
2023-09-21 22:00:00,REAL_DMA_01,1.0,5.999125107526882,5.999125107526882,6.83604,6.83604,0.105,52.005526863,-0.9419148924731178,15,15,31.0,58.0,False,NONE
2023-09-21 23:00:00,REAL_DMA_01,1.0,3.808651153846154,3.808651153846154,2.73442,2.73442,0.032,53.025243076,1.0422311538461537,15,15,26.0,48.0,False,NONE
2023-09-22 00:00:00,REAL_DMA_01,1.0,3.588923,3.588923,2.73442,2.73442,0.022,53.025243076,0.8325029999999998,15,15,20.0,51.0,False,NONE
2023-09-22 01:00:00,REAL_DMA_01,1.0,4.055586857142857,4.055586857142857,2.73442,2.73442,0.027000000000000003,53.025243076,1.294166857142857,15,15,35.0,56.0,False,NONE
2023-09-22 02:00:00,REAL_DMA_01,1.0,3.2020475,3.2020475,2.73442,2.73442,0.07100000000000001,53.025243076,0.39662749999999986,15,15,26.0,56.0,False,NONE
2023-09-22 03:00:00,REAL_DMA_01,1.0,4.849772959770115,4.849772959770115,2.808994909090909,2.808994909090909,0.018000000000000002,52.515384969500005,2.022778050679206,15,15,29.0,55.0,False,NONE
2023-09-22 04:00:00,REAL_DMA_01,1.0,10.854453979166667,10.854453979166667,7.12901347826087,7.12901347826087,0.17700000000000002,52.515384969500005,3.5484405009057975,15,15,40.0,46.0,False,NONE
2023-09-22 05:00:00,REAL_DMA_01,1.0,16.038804783809525,16.038804783809525,12.844318452380952,12.844318452380952,0.363,49.96609443700001,2.831486331428573,15,15,50.0,42.0,False,NONE
2023-09-22 06:00:00,REAL_DMA_01,1.0,14.860186202868283,14.860186202868283,12.087109137931034,12.087109137931034,0.237,50.985810650000005,2.536077064937249,15,15,57.0,29.0,False,NONE
2023-09-22 07:00:00,REAL_DMA_01,1.0,12.632657448830411,12.632657448830411,11.65286669117647,11.65286669117647,0.103,52.005526863,0.8767907576539409,15,15,57.0,34.0,False,NONE
2023-09-22 08:00:00,REAL_DMA_01,1.0,14.11439889390142,14.11439889390142,11.474344346846847,11.474344346846847,0.107,50.985810650000005,2.533054547054573,15,15,57.0,37.0,False,NONE
2023-09-22 09:00:00,REAL_DMA_01,1.0,12.86766609563492,12.86766609563492,10.966700450450451,10.966700450450451,0.109,50.985810650000005,1.7919656451844688,15,15,60.0,37.0,False,NONE
2023-09-22 10:00:00,REAL_DMA_01,1.0,11.118046722222221,11.118046722222221,9.893155217391303,9.893155217391303,0.123,52.005526863,1.101891504830918,15,15,51.0,23.0,False,NONE
2023-09-22 11:00:00,REAL_DMA_01,1.0,12.113006900093369,12.113006900093369,10.016894464285715,10.016894464285715,0.099,52.005526863,1.9971124358076546,15,15,51.0,28.0,False,NONE
2023-09-22 12:00:00,REAL_DMA_01,1.0,11.595059493055556,11.595059493055556,10.168611041666667,10.168611041666667,0.077,50.985810650000005,1.3494484513888896,15,15,48.0,24.0,False,NONE
2023-09-22 13:00:00,REAL_DMA_01,1.0,10.324081783018869,10.324081783018869,9.337168055555555,9.337168055555555,0.17600000000000002,52.005526863,0.8109137274633139,15,15,53.0,18.0,False,NONE
2023-09-22 14:00:00,REAL_DMA_01,1.0,10.215591742424243,10.215591742424243,9.85592,9.85592,0.143,52.005526863,0.2166717424242435,14,15,44.0,39.0,False,NONE
2023-09-22 15:00:00,REAL_DMA_01,1.0,10.66043893115942,10.66043893115942,9.570454999999999,9.570454999999999,0.338,52.005526863,0.7519839311594216,15,15,46.0,40.0,False,NONE
2023-09-22 16:00:00,REAL_DMA_01,1.0,9.776183468992247,9.776183468992247,7.6342865217391305,7.6342865217391305,0.298,52.005526863,1.8438969472531168,14,15,43.0,23.0,False,NONE
2023-09-22 17:00:00,REAL_DMA_01,1.0,9.941360505050504,9.941360505050504,8.37066619047619,8.37066619047619,0.489,53.025243076,1.0816943145743148,15,15,33.0,21.0,False,NONE
2023-09-22 18:00:00,REAL_DMA_01,1.0,8.980797028985508,8.980797028985508,6.64073,6.64073,0.28900000000000003,54.044959289000005,2.0510670289855084,15,15,46.0,59.0,False,NONE
2023-09-22 19:00:00,REAL_DMA_01,1.0,9.02244320652174,9.02244320652174,6.24765575,6.24765575,0.137,54.044959289000005,2.6377874565217394,15,15,46.0,40.0,False,NONE
2023-09-22 20:00:00,REAL_DMA_01,1.0,9.786760159574468,9.786760159574468,7.129016612903226,7.129016612903226,0.402,52.005526863,2.2557435466712423,15,15,47.0,31.0,False,NONE
2023-09-22 21:00:00,REAL_DMA_01,1.0,9.913842662037037,9.913842662037037,6.64073,6.64073,0.529,52.005526863,2.744112662037038,14,15,36.0,50.0,False,NONE
2023-09-22 22:00:00,REAL_DMA_01,1.0,7.809905277777777,7.809905277777777,6.64073,6.64073,0.462,52.515384969500005,0.7071752777777778,15,15,24.0,58.0,False,NONE
2023-09-22 23:00:00,REAL_DMA_01,1.0,5.71938994949495,5.71938994949495,6.64073,6.64073,0.42400000000000004,53.025243076,-1.3453400505050497,15,15,33.0,60.0,False,NONE
2023-09-23 00:00:00,REAL_DMA_01,1.0,4.971049722222222,4.971049722222222,3.6859556410256404,3.6859556410256404,0.41800000000000004,54.044959289000005,0.8670940811965818,15,15,18.0,39.0,False,NONE
2023-09-23 01:00:00,REAL_DMA_01,1.0,4.1387354,4.1387354,3.12505,3.12505,0.29500000000000004,53.025243076,0.7186853999999999,15,15,25.0,60.0,False,NONE
2023-09-23 02:00:00,REAL_DMA_01,1.0,4.173582894736842,4.173582894736842,3.12505,3.12505,0.055,53.025243076,0.9935328947368417,15,15,19.0,60.0,False,NONE
2023-09-23 03:00:00,REAL_DMA_01,1.0,4.038369659090909,4.038369659090909,3.12505,3.12505,0.195,53.025243076,0.7183196590909093,15,15,44.0,60.0,False,NONE
2023-09-23 04:00:00,REAL_DMA_01,1.0,6.357021412037037,6.357021412037037,6.406346,6.406346,0.224,55.06467550200001,-0.2733245879629631,15,15,36.0,35.0,False,NONE
2023-09-23 05:00:00,REAL_DMA_01,1.0,8.37143782051282,8.37143782051282,7.3026261111111115,7.3026261111111115,0.207,54.044959289000005,0.8618117094017091,15,15,39.0,54.0,False,NONE
2023-09-23 06:00:00,REAL_DMA_01,1.0,12.456928876666666,12.456928876666666,8.997708513513514,8.997708513513514,0.127,52.005526863,3.3322203631531524,15,15,50.0,37.0,False,NONE
2023-09-23 07:00:00,REAL_DMA_01,1.0,12.964065018518518,12.964065018518518,10.058747727272728,10.058747727272728,0.56,50.985810650000005,2.3453172912457902,14,15,45.0,22.0,False,NONE
2023-09-23 08:00:00,REAL_DMA_01,1.0,13.03839374074074,13.03839374074074,10.850288421052632,10.850288421052632,0.607,50.985810650000005,1.581105319688109,15,15,45.0,38.0,False,NONE
2023-09-23 09:00:00,REAL_DMA_01,1.0,12.547355075757576,12.547355075757576,10.721794736842105,10.721794736842105,0.884,52.005526863,0.9415603389154711,15,15,44.0,38.0,False,NONE
2023-09-23 10:00:00,REAL_DMA_01,1.0,10.688640157894737,10.688640157894737,9.294469130434782,9.294469130434782,0.568,52.005526863,0.8261710274599544,15,15,38.0,23.0,False,NONE
2023-09-23 11:00:00,REAL_DMA_01,1.0,10.112865354166667,10.112865354166667,6.966253939393939,6.966253939393939,0.75,52.005526863,2.396611414772728,15,15,40.0,33.0,False,NONE
2023-09-23 12:00:00,REAL_DMA_01,1.0,10.267408966666666,10.267408966666666,6.6817462,6.6817462,0.766,52.005526863,2.8196627666666663,15,15,50.0,50.0,False,NONE
2023-09-23 13:00:00,REAL_DMA_01,1.0,10.613426315789473,10.613426315789473,7.341565588235294,7.341565588235294,0.667,52.005526863,2.604860727554179,15,15,38.0,34.0,False,NONE
2023-09-23 14:00:00,REAL_DMA_01,1.0,10.317730857843136,10.317730857843136,7.118628510638298,7.118628510638298,0.537,52.005526863,2.662102347204838,15,15,34.0,47.0,False,NONE
2023-09-23 15:00:00,REAL_DMA_01,1.0,11.92024048245614,11.92024048245614,7.508797222222223,7.508797222222223,0.595,52.005526863,3.8164432602339176,15,15,38.0,36.0,False,NONE
2023-09-23 16:00:00,REAL_DMA_01,1.0,11.927001238738738,11.927001238738738,8.322135217391304,8.322135217391304,0.835,52.005526863,2.7698660213474335,15,15,37.0,23.0,False,NONE
2023-09-23 17:00:00,REAL_DMA_01,1.0,10.635149893939394,10.635149893939394,7.846098571428572,7.846098571428572,0.668,53.025243076,2.121051322510822,15,15,44.0,35.0,False,NONE
2023-09-23 18:00:00,REAL_DMA_01,1.0,9.236199430894308,9.236199430894308,7.6173,7.6173,0.5850000000000001,54.044959289000005,1.0338994308943077,15,15,41.0,60.0,False,NONE
2023-09-23 19:00:00,REAL_DMA_01,1.0,8.529343468992248,8.529343468992248,7.6173,7.6173,0.477,54.044959289000005,0.43504346899224833,15,15,43.0,60.0,False,NONE
2023-09-23 20:00:00,REAL_DMA_01,1.0,8.718665740740741,8.718665740740741,7.6173,7.6173,0.469,51.4956687565,0.6323657407407411,15,15,27.0,58.0,False,NONE
2023-09-23 21:00:00,REAL_DMA_01,1.0,8.603037578125,8.603037578125,7.6173,7.6173,0.538,50.985810650000005,0.4477375781250006,15,15,32.0,60.0,False,NONE
2023-09-23 22:00:00,REAL_DMA_01,1.0,7.657367820512821,7.657367820512821,7.6173,7.6173,0.44100000000000006,52.005526863,-0.4009321794871792,14,15,26.0,58.0,False,NONE
2023-09-23 23:00:00,REAL_DMA_01,1.0,6.0339825000000005,6.0339825000000005,4.669260625000001,4.669260625000001,0.395,52.005526863,0.9697218749999998,15,15,27.0,48.0,False,NONE
2023-09-24 00:00:00,REAL_DMA_01,1.0,5.053785555555556,5.053785555555556,3.51568,3.51568,0.415,53.025243076,1.1231055555555556,15,15,24.0,58.0,False,NONE
2023-09-24 01:00:00,REAL_DMA_01,1.0,4.589055263157895,4.589055263157895,3.51568,3.51568,0.414,53.025243076,0.6593752631578946,15,15,19.0,56.0,False,NONE
2023-09-24 02:00:00,REAL_DMA_01,1.0,3.5080503125,3.5080503125,3.51568,3.51568,0.208,53.025243076,-0.21562968750000014,15,15,32.0,59.0,False,NONE
2023-09-24 03:00:00,REAL_DMA_01,1.0,3.223902671568627,3.223902671568627,3.51568,3.51568,0.006,53.025243076,-0.29777732843137295,15,15,34.0,56.0,False,NONE
2023-09-24 04:00:00,REAL_DMA_01,1.0,4.5237588172043015,4.5237588172043015,3.51568,3.51568,0.056,57.104107928,0.9520788172043013,15,15,31.0,58.0,False,NONE
2023-09-24 05:00:00,REAL_DMA_01,1.0,8.092608333333333,8.092608333333333,6.486841515151514,6.486841515151514,0.066,56.084391715,1.5397668181818183,15,15,45.0,33.0,False,NONE
2023-09-24 06:00:00,REAL_DMA_01,1.0,10.036737916666667,10.036737916666667,7.81262,7.81262,0.122,54.044959289000005,2.102117916666667,15,15,44.0,59.0,False,NONE
2023-09-24 07:00:00,REAL_DMA_01,1.0,11.733267678571428,11.733267678571428,7.998850697674419,7.998850697674419,0.27399999999999997,52.005526863,3.4604169808970093,15,15,42.0,43.0,False,NONE
2023-09-24 08:00:00,REAL_DMA_01,1.0,12.505852536231885,12.505852536231885,8.530536216216216,8.530536216216216,0.42500000000000004,53.025243076,3.5503163200156687,14,15,46.0,37.0,False,NONE
2023-09-24 09:00:00,REAL_DMA_01,1.0,11.450214944444443,11.450214944444443,8.623930000000001,8.623930000000001,0.361,53.025243076,2.4652849444444422,15,15,42.0,39.0,False,NONE
2023-09-24 10:00:00,REAL_DMA_01,1.0,10.563893234126985,10.563893234126985,8.487349545454546,8.487349545454546,0.213,52.005526863,1.863543688672439,15,15,42.0,44.0,False,NONE
2023-09-24 11:00:00,REAL_DMA_01,1.0,10.887339100877194,10.887339100877194,8.441969166666667,8.441969166666667,0.158,50.985810650000005,2.287369934210527,14,15,38.0,36.0,False,NONE
2023-09-24 12:00:00,REAL_DMA_01,1.0,12.803762906976745,12.803762906976745,9.140767199999999,9.140767199999999,0.13,50.985810650000005,3.532995706976746,15,15,43.0,25.0,False,NONE
2023-09-24 13:00:00,REAL_DMA_01,1.0,12.114985074074072,12.114985074074072,8.871232399999998,8.871232399999998,0.173,52.005526863,3.0707526740740736,15,15,45.0,50.0,False,NONE
2023-09-24 14:00:00,REAL_DMA_01,1.0,11.35350680894309,11.35350680894309,8.7892,8.7892,0.216,52.005526863,2.3483068089430903,15,15,41.0,56.0,False,NONE
2023-09-24 15:00:00,REAL_DMA_01,1.0,9.471252670731706,9.471252670731706,8.5848,8.5848,0.41600000000000004,53.025243076,0.4704526707317068,15,15,41.0,43.0,False,NONE
2023-09-24 16:00:00,REAL_DMA_01,1.0,9.05203668918919,9.05203668918919,8.7892,8.7892,0.225,53.025243076,0.037836689189191114,15,15,37.0,60.0,False,NONE
2023-09-24 17:00:00,REAL_DMA_01,1.0,11.670099833333333,11.670099833333333,8.882416363636365,8.882416363636365,0.491,52.005526863,2.2966834696969687,15,15,40.0,44.0,False,NONE
2023-09-24 18:00:00,REAL_DMA_01,1.0,11.716143969298244,11.716143969298244,8.809125714285715,8.809125714285715,0.715,52.005526863,2.1920182550125293,14,15,38.0,49.0,False,NONE
2023-09-24 19:00:00,REAL_DMA_01,1.0,9.925948291666668,9.925948291666668,8.00793,8.00793,0.638,53.025243076,1.2800182916666678,14,15,44.0,60.0,False,NONE
2023-09-24 20:00:00,REAL_DMA_01,1.0,10.213592342342343,10.213592342342343,8.00793,8.00793,0.45999999999999996,49.96609443700001,1.7456623423423432,15,15,37.0,60.0,False,NONE
2023-09-24 21:00:00,REAL_DMA_01,1.0,9.013343857142857,9.013343857142857,6.824770384615385,6.824770384615385,0.49200000000000005,50.985810650000005,1.6965734725274721,15,15,35.0,52.0,False,NONE
2023-09-24 22:00:00,REAL_DMA_01,1.0,6.4585571153846155,6.4585571153846155,3.9900165306122446,3.9900165306122446,0.538,52.005526863,1.930540584772371,15,15,26.0,49.0,False,NONE
2023-09-24 23:00:00,REAL_DMA_01,1.0,4.355534777777778,4.355534777777778,3.90631,3.90631,0.43500000000000005,53.025243076,0.014224777777777753,15,15,15.0,58.0,False,NONE
2023-09-25 00:00:00,REAL_DMA_01,1.0,3.9687027777777777,3.9687027777777777,3.90631,3.90631,0.402,53.025243076,-0.3396072222222223,14,15,18.0,56.0,False,NONE
2023-09-25 01:00:00,REAL_DMA_01,1.0,4.137899714285714,4.137899714285714,3.90631,3.90631,0.401,53.025243076,-0.16941028571428585,15,15,35.0,55.0,False,NONE
2023-09-25 02:00:00,REAL_DMA_01,1.0,3.9128201666666667,3.9128201666666667,3.90631,3.90631,0.406,53.025243076,-0.3994898333333333,15,15,30.0,55.0,False,NONE
2023-09-25 03:00:00,REAL_DMA_01,1.0,6.253615490310078,6.253615490310078,5.04441804054054,5.04441804054054,0.464,52.005526863,0.7451974497695377,15,15,43.0,37.0,False,NONE
2023-09-25 04:00:00,REAL_DMA_01,1.0,11.258301626839827,11.258301626839827,8.696964513888888,8.696964513888888,0.53,52.005526863,2.031337112950939,15,15,55.0,24.0,False,NONE
2023-09-25 05:00:00,REAL_DMA_01,1.0,16.556976571895422,16.556976571895422,12.57025152173913,12.57025152173913,0.629,49.96609443700001,3.3577250501562914,15,15,51.0,23.0,False,NONE
2023-09-25 06:00:00,REAL_DMA_01,1.0,16.235541311986864,16.235541311986864,13.033956397058823,13.033956397058823,0.6920000000000001,50.985810650000005,2.509584914928041,15,15,58.0,34.0,False,NONE
2023-09-25 07:00:00,REAL_DMA_01,1.0,16.026152528218695,16.026152528218695,13.032869848484848,13.032869848484848,0.467,50.985810650000005,2.5262826797338467,15,15,54.0,33.0,False,NONE
2023-09-25 08:00:00,REAL_DMA_01,1.0,14.111879306878306,14.111879306878306,11.923124393939394,11.923124393939394,0.506,50.985810650000005,1.6827549129389114,15,15,54.0,33.0,False,NONE
2023-09-25 09:00:00,REAL_DMA_01,1.0,13.901961700968522,13.901961700968522,11.473465180180181,11.473465180180181,0.497,50.985810650000005,1.9314965207883414,15,15,59.0,37.0,False,NONE
2023-09-25 10:00:00,REAL_DMA_01,1.0,10.519007873333333,10.519007873333333,8.263347884615385,8.263347884615385,0.586,52.005526863,1.6696599887179482,15,15,50.0,26.0,False,NONE
2023-09-25 11:00:00,REAL_DMA_01,1.0,13.666013763027854,13.666013763027854,11.0754725,11.0754725,0.457,50.985810650000005,2.133541263027854,15,15,53.0,30.0,False,NONE
2023-09-25 12:00:00,REAL_DMA_01,1.0,17.82701337179487,17.82701337179487,7.6758985,7.6758985,0.481,50.985810650000005,9.67011487179487,15,15,52.0,20.0,True,TEST_01;TEST_02
2023-09-25 13:00:00,REAL_DMA_01,1.0,13.751633920833333,13.751633920833333,8.185492727272727,8.185492727272727,0.455,50.985810650000005,5.111141193560606,15,15,40.0,22.0,True,TEST_03
2023-09-25 14:00:00,REAL_DMA_01,1.0,12.412891220238095,12.412891220238095,7.914928095238095,7.914928095238095,0.31,52.005526863,4.187963125,15,15,44.0,21.0,True,TEST_04;TEST_05;TEST_06
2023-09-25 15:00:00,REAL_DMA_01,1.0,11.642771089147287,11.642771089147287,7.286773076923077,7.286773076923077,0.43,52.005526863,3.9259980122242095,15,15,43.0,26.0,True,TEST_06;TEST_07
2023-09-25 16:00:00,REAL_DMA_01,1.0,11.194599821428572,11.194599821428572,7.754026857142857,7.754026857142857,0.471,53.025243076,2.9695729642857147,14,15,42.0,35.0,True,TEST_07;TEST_08;TEST_09
2023-09-25 17:00:00,REAL_DMA_01,1.0,11.164366226495726,11.164366226495726,6.847533823529411,6.847533823529411,0.726,53.025243076,3.5908324029663152,15,15,39.0,34.0,True,TEST_09
2023-09-25 18:00:00,REAL_DMA_01,1.0,11.03284768115942,11.03284768115942,9.828554821428572,9.828554821428572,0.8200000000000001,54.044959289000005,0.3842928597308488,15,15,46.0,28.0,False,NONE
2023-09-25 19:00:00,REAL_DMA_01,1.0,14.949428339743589,14.949428339743589,6.58579375,6.58579375,0.7030000000000001,54.044959289000005,7.66063458974359,15,15,52.0,16.0,False,NONE
2023-09-25 20:00:00,REAL_DMA_01,1.0,11.298187974415205,11.298187974415205,6.974392777777778,6.974392777777778,0.585,50.985810650000005,3.738795196637427,15,15,38.0,36.0,False,NONE
2023-09-25 21:00:00,REAL_DMA_01,1.0,12.483288461538462,12.483288461538462,6.159582560975609,6.159582560975609,0.49600000000000005,52.005526863,5.827705900562853,15,15,39.0,41.0,True,TEST_10;TEST_11
2023-09-25 22:00:00,REAL_DMA_01,1.0,5.921314133333333,5.921314133333333,6.235070512820513,6.235070512820513,0.483,53.025243076,-0.79675637948718,15,15,25.0,39.0,True,TEST_12
2023-09-25 23:00:00,REAL_DMA_01,1.0,4.365875588235293,4.365875588235293,2.3591043137254903,2.3591043137254903,0.40800000000000003,53.025243076,1.598771274509803,15,15,17.0,51.0,True,TEST_13;TEST_14;TEST_15
2023-09-26 00:00:00,REAL_DMA_01,1.0,4.0248925,4.0248925,2.14847,2.14847,0.397,53.025243076,1.4794224999999999,15,15,28.0,55.0,True,TEST_15
2023-09-26 01:00:00,REAL_DMA_01,1.0,3.606173133333334,3.606173133333334,2.323856530612245,2.323856530612245,0.388,53.025243076,0.8943166027210888,15,15,25.0,49.0,False,NONE
2023-09-26 02:00:00,REAL_DMA_01,1.0,3.8748043548387097,3.8748043548387097,2.73442,2.73442,0.403,53.025243076,0.7373843548387096,15,15,31.0,58.0,False,NONE
2023-09-26 03:00:00,REAL_DMA_01,1.0,4.64211,4.64211,2.73442,2.73442,0.479,53.025243076,1.4286899999999996,15,15,29.0,60.0,False,NONE
2023-09-26 04:00:00,REAL_DMA_01,1.0,10.79835621969697,10.79835621969697,7.691205810810811,7.691205810810811,0.478,53.025243076,2.6291504088861597,15,15,44.0,37.0,False,NONE
2023-09-26 05:00:00,REAL_DMA_01,1.0,15.768376672727273,15.768376672727273,11.752085061728396,11.752085061728396,0.5700000000000001,50.985810650000005,3.446291610998877,15,15,55.0,27.0,False,NONE
2023-09-26 06:00:00,REAL_DMA_01,1.0,15.056869391009853,15.056869391009853,12.724384220430109,12.724384220430109,0.809,50.985810650000005,1.523485170579744,15,15,58.0,31.0,False,NONE
2023-09-26 07:00:00,REAL_DMA_01,1.0,14.377722587440823,14.377722587440823,10.99093494949495,10.99093494949495,0.525,50.985810650000005,2.861787637945874,15,15,57.0,33.0,False,NONE
2023-09-26 08:00:00,REAL_DMA_01,1.0,15.289077023399013,15.289077023399013,12.634601129032259,12.634601129032259,0.521,50.985810650000005,2.1334758943667547,15,15,58.0,31.0,False,NONE
2023-09-26 09:00:00,REAL_DMA_01,1.0,14.186943113852813,14.186943113852813,11.865415166666667,11.865415166666667,0.559,50.985810650000005,1.762527947186146,15,15,55.0,30.0,False,NONE
2023-09-26 10:00:00,REAL_DMA_01,1.0,15.474790078616353,15.474790078616353,7.9467364666666676,7.9467364666666676,0.615,50.47595254350001,6.913053611949685,15,15,53.0,25.0,False,NONE
2023-09-26 11:00:00,REAL_DMA_01,1.0,13.953098778911565,13.953098778911565,10.172680069444445,10.172680069444445,0.477,50.47595254350001,3.303418709467121,15,15,49.0,24.0,False,NONE
2023-09-26 12:00:00,REAL_DMA_01,1.0,13.09869313690476,13.09869313690476,11.59956925925926,11.59956925925926,0.49699999999999994,50.985810650000005,1.0021238776455004,15,15,56.0,27.0,True,TEST_16;TEST_17;TEST_18
2023-09-26 13:00:00,REAL_DMA_01,1.0,10.89980713768116,10.89980713768116,8.309785909090909,8.309785909090909,0.522,52.005526863,2.0680212285902506,15,15,46.0,44.0,True,TEST_18;TEST_19
2023-09-26 14:00:00,REAL_DMA_01,1.0,10.589605170940171,10.589605170940171,8.20325,8.20325,0.568,53.025243076,1.8183551709401704,15,15,39.0,55.0,True,TEST_19;TEST_20;TEST_21
2023-09-26 15:00:00,REAL_DMA_01,1.0,11.229715871212122,11.229715871212122,8.20325,8.20325,0.563,53.025243076,2.4634658712121213,15,15,44.0,57.0,True,TEST_21
2023-09-26 16:00:00,REAL_DMA_01,1.0,10.706905148148149,10.706905148148149,8.20325,8.20325,0.707,53.025243076,1.7966551481481483,15,15,45.0,57.0,False,NONE
2023-09-26 17:00:00,REAL_DMA_01,1.0,10.739300208333333,10.739300208333333,8.20325,8.20325,0.665,53.025243076,1.8710502083333322,14,15,32.0,60.0,False,NONE
2023-09-26 18:00:00,REAL_DMA_01,1.0,10.757303372093023,10.757303372093023,8.20325,8.20325,0.712,53.025243076,1.8420533720930228,15,15,43.0,60.0,False,NONE
2023-09-26 19:00:00,REAL_DMA_01,1.0,10.10438903125,10.10438903125,8.24346205882353,8.24346205882353,0.568,53.025243076,1.2929269724264691,14,15,48.0,51.0,False,NONE
2023-09-26 20:00:00,REAL_DMA_01,1.0,10.561143166666666,10.561143166666666,8.246884361702127,8.246884361702127,0.556,49.96609443700001,1.7582588049645382,15,15,30.0,47.0,False,NONE
2023-09-26 21:00:00,REAL_DMA_01,1.0,8.838518484848485,8.838518484848485,8.105592209302326,8.105592209302326,0.615,50.985810650000005,0.1179262755461592,15,15,33.0,43.0,False,NONE
2023-09-26 22:00:00,REAL_DMA_01,1.0,6.04028453125,6.04028453125,4.10162,4.10162,0.399,53.025243076,1.5396645312500006,15,15,32.0,53.0,False,NONE
2023-09-26 23:00:00,REAL_DMA_01,1.0,3.955139375,3.955139375,4.10162,4.10162,0.41500000000000004,52.005526863,-0.5614806249999997,15,15,16.0,60.0,False,NONE
2023-09-27 00:00:00,REAL_DMA_01,1.0,4.0104765,4.0104765,4.10162,4.10162,0.376,50.985810650000005,-0.4671434999999994,15,15,30.0,60.0,False,NONE
2023-09-27 01:00:00,REAL_DMA_01,1.0,3.601128333333333,3.601128333333333,4.10162,4.10162,0.424,53.025243076,-0.9244916666666665,15,15,12.0,60.0,False,NONE
2023-09-27 02:00:00,REAL_DMA_01,1.0,3.898870666666667,3.898870666666667,4.10162,4.10162,0.384,53.025243076,-0.5867493333333328,15,15,35.0,60.0,False,NONE
2023-09-27 03:00:00,REAL_DMA_01,1.0,4.43918134057971,4.43918134057971,4.10162,4.10162,0.456,53.025243076,-0.1184386594202898,15,15,46.0,60.0,False,NONE
2023-09-27 04:00:00,REAL_DMA_01,1.0,11.904681965277776,11.904681965277776,8.019031477272728,8.019031477272728,0.548,53.025243076,3.337650488005048,15,15,48.0,44.0,False,NONE
2023-09-27 05:00:00,REAL_DMA_01,1.0,16.73830406122449,16.73830406122449,12.713412583333334,12.713412583333334,0.5720000000000001,50.985810650000005,3.452891477891156,15,15,49.0,20.0,False,NONE
2023-09-27 06:00:00,REAL_DMA_01,1.0,15.837078849603175,15.837078849603175,12.94997282520325,12.94997282520325,0.683,50.985810650000005,2.204106024399925,15,15,60.0,41.0,False,NONE
2023-09-27 07:00:00,REAL_DMA_01,1.0,16.268184265079366,16.268184265079366,11.944936857142856,11.944936857142856,0.5890000000000001,53.025243076,3.7342474079365098,14,15,60.0,35.0,False,NONE
2023-09-27 08:00:00,REAL_DMA_01,1.0,19.109464924908426,19.109464924908426,16.09599814102564,16.09599814102564,0.389,53.025243076,2.624466783882787,15,15,52.0,26.0,False,NONE
2023-09-27 09:00:00,REAL_DMA_01,1.0,12.667565718253968,12.667565718253968,10.50165893939394,10.50165893939394,0.459,53.025243076,1.7069067788600285,15,15,54.0,33.0,False,NONE
2023-09-27 10:00:00,REAL_DMA_01,1.0,11.447002899305554,11.447002899305554,8.151796075268818,8.151796075268818,0.474,53.025243076,2.821206824036736,15,15,48.0,31.0,False,NONE
2023-09-27 11:00:00,REAL_DMA_01,1.0,12.692228944761904,12.692228944761904,9.790575476190476,9.790575476190476,0.448,53.025243076,2.4536534685714284,14,15,50.0,21.0,False,NONE
2023-09-27 12:00:00,REAL_DMA_01,1.0,10.992514902515722,10.992514902515722,9.223230555555556,9.223230555555556,0.40900000000000003,53.025243076,1.3602843469601662,15,15,53.0,18.0,False,NONE
2023-09-27 13:00:00,REAL_DMA_01,1.0,10.50288685763889,10.50288685763889,7.71699625,7.71699625,0.45199999999999996,53.025243076,2.3338906076388897,15,15,48.0,32.0,False,NONE
2023-09-27 14:00:00,REAL_DMA_01,1.0,11.06748032520325,11.06748032520325,8.212551904761906,8.212551904761906,0.514,52.005526863,2.3409284204413447,14,15,41.0,21.0,False,NONE
2023-09-27 15:00:00,REAL_DMA_01,1.0,11.758060868794326,11.758060868794326,8.407444772727272,8.407444772727272,0.5409999999999999,52.005526863,2.8096160960670535,15,15,47.0,44.0,False,NONE
2023-09-27 16:00:00,REAL_DMA_01,1.0,11.04255924074074,11.04255924074074,7.721263064516129,7.721263064516129,0.8059999999999999,52.005526863,2.515296176224611,15,15,45.0,31.0,False,NONE
2023-09-27 17:00:00,REAL_DMA_01,1.0,10.971382238095238,10.971382238095238,7.8966056,7.8966056,0.769,52.005526863,2.305776638095238,14,15,35.0,50.0,False,NONE
2023-09-27 18:00:00,REAL_DMA_01,1.0,11.123563131205675,11.123563131205675,7.982459130434783,7.982459130434783,0.749,52.005526863,2.392104000770891,15,15,47.0,23.0,False,NONE
2023-09-27 19:00:00,REAL_DMA_01,1.0,10.481422829861112,10.481422829861112,7.615347000000001,7.615347000000001,0.63,53.025243076,2.236075829861111,15,15,48.0,50.0,False,NONE
2023-09-27 20:00:00,REAL_DMA_01,1.0,10.769478296296297,10.769478296296297,7.310376734693878,7.310376734693878,0.643,50.985810650000005,2.8161015616024194,15,15,45.0,49.0,False,NONE
2023-09-27 21:00:00,REAL_DMA_01,1.0,9.7784896875,9.7784896875,7.22667,7.22667,0.7959999999999999,52.005526863,1.7558196875000003,15,15,32.0,60.0,False,NONE
2023-09-27 22:00:00,REAL_DMA_01,1.0,6.003916111111111,6.003916111111111,4.387086923076923,4.387086923076923,0.5409999999999999,54.044959289000005,1.0758291880341875,15,15,24.0,52.0,False,NONE
2023-09-27 23:00:00,REAL_DMA_01,1.0,4.552574411764706,4.552574411764706,3.12505,3.12505,0.448,54.044959289000005,0.979524411764706,14,15,17.0,60.0,False,NONE
2023-09-28 00:00:00,REAL_DMA_01,1.0,4.243801470588235,4.243801470588235,3.12505,3.12505,0.47200000000000003,53.025243076,0.6467514705882356,15,15,34.0,60.0,False,NONE
2023-09-28 01:00:00,REAL_DMA_01,1.0,4.05664802631579,4.05664802631579,3.12505,3.12505,0.39,54.044959289000005,0.5415980263157897,15,15,38.0,60.0,False,NONE
2023-09-28 02:00:00,REAL_DMA_01,1.0,3.5807861111111112,3.5807861111111112,3.12505,3.12505,0.379,53.025243076,0.07673611111111134,15,15,36.0,60.0,False,NONE
2023-09-28 03:00:00,REAL_DMA_01,1.0,5.303221833333334,5.303221833333334,3.1660661999999995,3.1660661999999995,0.523,53.025243076,1.614155633333334,15,15,40.0,50.0,False,NONE
2023-09-28 04:00:00,REAL_DMA_01,1.0,10.441239540816326,10.441239540816326,7.452678857142858,7.452678857142858,0.527,53.025243076,2.4615606836734685,15,15,49.0,35.0,False,NONE
2023-09-28 05:00:00,REAL_DMA_01,1.0,17.11791074192177,17.11791074192177,12.938488333333334,12.938488333333334,0.541,50.985810650000005,3.638422408588435,15,15,56.0,28.0,False,NONE
2023-09-28 06:00:00,REAL_DMA_01,1.0,16.212107669444446,16.212107669444446,11.956915292792793,11.956915292792793,0.598,50.985810650000005,3.657192376651653,15,15,60.0,37.0,False,NONE
2023-09-28 07:00:00,REAL_DMA_01,1.0,14.173183862684729,14.173183862684729,11.884947073529412,11.884947073529412,0.5710000000000001,52.005526863,1.7172367891553164,15,15,58.0,34.0,False,NONE
2023-09-28 08:00:00,REAL_DMA_01,1.0,14.574194882594417,14.574194882594417,11.896488535353535,11.896488535353535,0.577,51.4956687565,2.100706347240882,15,15,58.0,33.0,False,NONE
2023-09-28 09:00:00,REAL_DMA_01,1.0,12.617637406109614,12.617637406109614,10.460379344827587,10.460379344827587,0.548,52.005526863,1.609258061282027,15,15,53.0,29.0,False,NONE
2023-09-28 10:00:00,REAL_DMA_01,1.0,10.993616666666666,10.993616666666666,9.082168533333334,9.082168533333334,0.631,53.025243076,1.280448133333332,15,15,48.0,25.0,False,NONE
2023-09-28 11:00:00,REAL_DMA_01,1.0,13.493806686904763,13.493806686904763,10.742351138888889,10.742351138888889,0.517,52.005526863,2.2344555480158745,15,15,60.0,30.0,False,NONE
2023-09-28 12:00:00,REAL_DMA_01,1.0,11.88957918067227,11.88957918067227,10.113495454545456,10.113495454545456,0.626,53.025243076,1.1500837261268138,15,15,51.0,22.0,False,NONE
2023-09-28 13:00:00,REAL_DMA_01,1.0,11.594531408730159,11.594531408730159,7.81262,7.81262,0.722,53.025243076,3.059911408730159,15,15,42.0,51.0,False,NONE
2023-09-28 14:00:00,REAL_DMA_01,1.0,10.737134358974359,10.737134358974359,7.848427833333333,7.848427833333333,0.9189999999999999,53.025243076,1.9697065256410258,15,15,39.0,60.0,False,NONE
2023-09-28 15:00:00,REAL_DMA_01,1.0,10.507556790780141,10.507556790780141,7.81262,7.81262,0.998,53.025243076,1.6969367907801411,15,15,47.0,51.0,False,NONE
2023-09-28 16:00:00,REAL_DMA_01,1.0,10.479361359649124,10.479361359649124,7.81262,7.81262,0.731,52.005526863,1.935741359649124,15,15,38.0,60.0,False,NONE
2023-09-28 17:00:00,REAL_DMA_01,1.0,10.464824591836734,10.464824591836734,7.849002156862745,7.849002156862745,0.6859999999999999,53.025243076,1.9298224349739899,15,15,49.0,51.0,False,NONE
2023-09-28 18:00:00,REAL_DMA_01,1.0,9.032583643410852,9.032583643410852,7.6290188,7.6290188,0.8260000000000001,53.025243076,0.5775648434108525,15,15,43.0,50.0,False,NONE
2023-09-28 19:00:00,REAL_DMA_01,1.0,10.732701698412699,10.732701698412699,7.965612166666667,7.965612166666667,0.631,52.005526863,2.1360895317460313,15,15,42.0,30.0,False,NONE
2023-09-28 20:00:00,REAL_DMA_01,1.0,10.220715142276424,10.220715142276424,7.65751205882353,7.65751205882353,0.621,50.985810650000005,1.942203083452894,15,15,41.0,51.0,False,NONE
2023-09-28 21:00:00,REAL_DMA_01,1.0,8.944607795698925,8.944607795698925,7.6173,7.6173,0.5680000000000001,50.985810650000005,0.7593077956989247,15,15,31.0,60.0,False,NONE
2023-09-28 22:00:00,REAL_DMA_01,1.0,6.207635217391305,6.207635217391305,4.785225897435898,4.785225897435898,0.484,53.025243076,0.9384093199554071,15,15,23.0,39.0,False,NONE
2023-09-28 23:00:00,REAL_DMA_01,1.0,4.230420217391305,4.230420217391305,3.71099,3.71099,0.442,53.025243076,0.07743021739130479,15,15,23.0,60.0,False,NONE
2023-09-29 00:00:00,REAL_DMA_01,1.0,3.8005119444444446,3.8005119444444446,3.71099,3.71099,0.402,53.025243076,-0.3124780555555552,15,15,18.0,60.0,False,NONE
2023-09-29 01:00:00,REAL_DMA_01,1.0,3.771124907407407,3.771124907407407,3.71099,3.71099,0.383,53.025243076,-0.3228650925925929,15,15,36.0,60.0,False,NONE
2023-09-29 02:00:00,REAL_DMA_01,1.0,3.64046625925926,3.64046625925926,3.71099,3.71099,0.386,53.025243076,-0.45652374074074,15,15,45.0,60.0,False,NONE
2023-09-29 03:00:00,REAL_DMA_01,1.0,5.031182962962963,5.031182962962963,3.71099,3.71099,0.443,53.025243076,0.8771929629629631,15,15,27.0,60.0,False,NONE
2023-09-29 04:00:00,REAL_DMA_01,1.0,9.761169162601627,9.761169162601627,7.708447875,7.708447875,0.609,52.515384969500005,1.443721287601627,15,15,41.0,40.0,False,NONE
2023-09-29 05:00:00,REAL_DMA_01,1.0,15.720877863333333,15.720877863333333,13.0161485,13.0161485,0.5700000000000001,50.985810650000005,2.1347293633333333,15,15,50.0,20.0,False,NONE
2023-09-29 06:00:00,REAL_DMA_01,1.0,14.668955254385965,14.668955254385965,12.348979623655914,12.348979623655914,0.613,51.4956687565,1.7069756307300508,15,15,57.0,31.0,False,NONE
2023-09-29 07:00:00,REAL_DMA_01,1.0,13.255829007054674,13.255829007054674,11.901505434782608,11.901505434782608,0.549,52.005526863,0.8053235722720652,15,15,54.0,23.0,False,NONE
2023-09-29 08:00:00,REAL_DMA_01,1.0,14.273477875757575,14.273477875757575,11.605924845238095,11.605924845238095,0.46199999999999997,52.005526863,2.2055530305194804,15,15,55.0,28.0,False,NONE
2023-09-29 09:00:00,REAL_DMA_01,1.0,12.680147427272727,12.680147427272727,8.8868525,8.8868525,0.507,52.005526863,3.2862949272727273,15,15,55.0,18.0,False,NONE
2023-09-29 10:00:00,REAL_DMA_01,1.0,11.43514007627866,11.43514007627866,9.18431591954023,9.18431591954023,0.51,52.005526863,1.74082415673843,14,15,54.0,29.0,False,NONE
2023-09-29 11:00:00,REAL_DMA_01,1.0,12.364765530612246,12.364765530612246,8.877089000000002,8.877089000000002,0.497,49.96609443700001,2.9906765306122445,14,15,49.0,20.0,False,NONE
2023-09-29 12:00:00,REAL_DMA_01,1.0,12.107733829268293,12.107733829268293,9.12703945945946,9.12703945945946,0.45499999999999996,50.985810650000005,2.525694369808832,15,15,41.0,37.0,False,NONE
2023-09-29 13:00:00,REAL_DMA_01,1.0,11.082076063829787,11.082076063829787,8.225173367346938,8.225173367346938,0.502,52.005526863,2.3549026964828483,15,15,47.0,49.0,False,NONE
2023-09-29 14:00:00,REAL_DMA_01,1.0,10.846316041666666,10.846316041666666,7.81262,7.81262,0.443,52.005526863,2.5906960416666664,15,15,40.0,60.0,False,NONE
2023-09-29 15:00:00,REAL_DMA_01,1.0,10.166868313492063,10.166868313492063,7.81262,7.81262,0.525,52.005526863,1.8292483134920636,15,15,42.0,60.0,False,NONE
2023-09-29 16:00:00,REAL_DMA_01,1.0,10.200350257575757,10.200350257575757,7.81262,7.81262,0.557,54.044959289000005,1.8307302575757567,15,15,55.0,60.0,False,NONE
2023-09-29 17:00:00,REAL_DMA_01,1.0,10.672498888888889,10.672498888888889,7.81262,7.81262,0.634,54.044959289000005,2.225878888888889,15,15,48.0,60.0,False,NONE
2023-09-29 18:00:00,REAL_DMA_01,1.0,9.487754795138889,9.487754795138889,7.81262,7.81262,0.937,55.06467550200001,0.7381347951388888,15,15,48.0,60.0,False,NONE
2023-09-29 19:00:00,REAL_DMA_01,1.0,8.5385419375,8.5385419375,7.697600333333334,7.697600333333334,0.555,54.044959289000005,0.2859416041666659,15,15,48.0,45.0,False,NONE
2023-09-29 20:00:00,REAL_DMA_01,1.0,8.403142656250001,8.403142656250001,7.879754375,7.879754375,0.588,52.005526863,-0.06461171874999916,15,15,32.0,48.0,False,NONE
2023-09-29 21:00:00,REAL_DMA_01,1.0,8.929764444444444,8.929764444444444,8.00793,8.00793,0.465,52.005526863,0.4568344444444444,15,15,33.0,51.0,False,NONE
2023-09-29 22:00:00,REAL_DMA_01,1.0,7.032837121212122,7.032837121212122,5.281025769230769,5.281025769230769,0.445,52.005526863,1.3068113519813525,15,15,22.0,52.0,False,NONE
2023-09-29 23:00:00,REAL_DMA_01,1.0,5.358155166666666,5.358155166666666,3.71099,3.71099,0.404,53.025243076,1.2431651666666665,15,15,30.0,60.0,False,NONE
2023-09-30 00:00:00,REAL_DMA_01,1.0,4.221951964285714,4.221951964285714,3.71099,3.71099,0.415,53.025243076,0.09596196428571441,15,15,28.0,60.0,False,NONE
2023-09-30 01:00:00,REAL_DMA_01,1.0,4.096613888888889,4.096613888888889,3.71099,3.71099,0.42700000000000005,54.044959289000005,-0.041376111111110614,15,15,39.0,60.0,False,NONE
2023-09-30 02:00:00,REAL_DMA_01,1.0,3.9388595238095236,3.9388595238095236,3.71099,3.71099,0.419,53.025243076,-0.19113047619047613,15,15,21.0,60.0,False,NONE
2023-09-30 03:00:00,REAL_DMA_01,1.0,4.242082716049382,4.242082716049382,3.71099,3.71099,0.42100000000000004,53.025243076,0.11009271604938253,15,15,27.0,60.0,False,NONE
2023-09-30 04:00:00,REAL_DMA_01,1.0,5.612360606060606,5.612360606060606,3.7557497916666662,3.7557497916666662,0.486,56.084391715,1.3706108143939397,15,15,33.0,48.0,False,NONE
2023-09-30 05:00:00,REAL_DMA_01,1.0,7.155599333333333,7.155599333333333,3.7869461111111105,3.7869461111111105,0.532,54.044959289000005,2.8366532222222225,15,15,30.0,54.0,False,NONE
2023-09-30 06:00:00,REAL_DMA_01,1.0,9.919277533333332,9.919277533333332,7.81262,7.81262,0.488,53.025243076,1.6186575333333324,14,15,45.0,58.0,False,NONE
2023-09-30 07:00:00,REAL_DMA_01,1.0,11.630566425438596,11.630566425438596,8.138143178294573,8.138143178294573,0.637,51.4956687565,2.855423247144023,15,15,38.0,43.0,False,NONE
2023-09-30 08:00:00,REAL_DMA_01,1.0,12.32154855691057,12.32154855691057,8.658982777777778,8.658982777777778,0.641,50.985810650000005,3.021565779132791,15,15,41.0,18.0,False,NONE
2023-09-30 09:00:00,REAL_DMA_01,1.0,12.146479410569105,12.146479410569105,8.121864166666667,8.121864166666667,0.7210000000000001,52.005526863,3.3036152439024384,15,15,41.0,36.0,False,NONE
2023-09-30 10:00:00,REAL_DMA_01,1.0,12.424967229729731,12.424967229729731,8.487346515151515,8.487346515151515,0.711,52.005526863,3.226620714578216,15,15,37.0,33.0,False,NONE
2023-09-30 11:00:00,REAL_DMA_01,1.0,10.261761373873874,10.261761373873874,8.39857,8.39857,0.726,52.005526863,1.1371913738738746,15,15,37.0,60.0,False,NONE
2023-09-30 12:00:00,REAL_DMA_01,1.0,9.377982538759689,9.377982538759689,8.3653661,8.3653661,0.5309999999999999,50.985810650000005,0.4816164387596895,15,15,43.0,50.0,False,NONE
2023-09-30 13:00:00,REAL_DMA_01,1.0,10.282894,10.282894,8.59388,8.59388,0.512,52.005526863,1.1770140000000002,15,15,35.0,60.0,False,NONE
2023-09-30 14:00:00,REAL_DMA_01,1.0,10.459841142857144,10.459841142857144,8.59388,8.59388,0.566,52.005526863,1.2999611428571436,15,15,35.0,60.0,False,NONE
2023-09-30 15:00:00,REAL_DMA_01,1.0,10.499564120370371,10.499564120370371,8.59388,8.59388,0.604,52.005526863,1.3016841203703704,15,15,36.0,60.0,False,NONE
2023-09-30 16:00:00,REAL_DMA_01,1.0,10.852327387387387,10.852327387387387,8.59388,8.59388,0.699,52.005526863,1.5594473873873866,15,15,37.0,60.0,False,NONE
2023-09-30 17:00:00,REAL_DMA_01,1.0,10.00028144736842,10.00028144736842,8.381037307692308,8.381037307692308,0.635,53.025243076,0.9842441396761126,15,15,38.0,39.0,False,NONE
2023-09-30 18:00:00,REAL_DMA_01,1.0,9.159483194444444,9.159483194444444,4.917765357142857,4.917765357142857,0.498,53.025243076,3.7437178373015874,15,15,36.0,28.0,False,NONE
2023-09-30 19:00:00,REAL_DMA_01,1.0,9.18860919379845,9.18860919379845,6.7335027499999995,6.7335027499999995,0.728,54.044959289000005,1.7271064437984511,15,15,43.0,20.0,False,NONE
2023-09-30 20:00:00,REAL_DMA_01,1.0,8.646779583333334,8.646779583333334,7.0655385,7.0655385,0.632,52.005526863,0.9492410833333343,15,15,36.0,20.0,False,NONE
2023-09-30 21:00:00,REAL_DMA_01,1.0,8.370295921052632,8.370295921052632,7.536320243902439,7.536320243902439,0.549,50.985810650000005,0.28497567715019334,15,15,38.0,41.0,False,NONE
2023-09-30 22:00:00,REAL_DMA_01,1.0,6.043386333333333,6.043386333333333,4.68757,4.68757,0.553,52.005526863,0.8028163333333332,15,15,30.0,60.0,False,NONE
2023-09-30 23:00:00,REAL_DMA_01,1.0,5.508847708333334,5.508847708333334,4.68757,4.68757,0.41000000000000003,53.025243076,0.41127770833333355,15,15,24.0,60.0,False,NONE
